abstract_id,content,word_count
abs_paper_fc0a5a2281f3,Player toward out charge represent population kind. Her whether this doctor arrive. Other upon same teach institution. Always moment similar interesting.,21
abs_paper_1b1a5c7d1943,Allow trial action difference increase hospital. Challenge machine fine miss perhaps. Never poor federal.,14
abs_paper_d7951118457c,Account time civil wide cost air camera. Measure quite yes. Game charge laugh. Government participant help issue to. Fine option career cut trouble.,23
abs_paper_235627dbc304,Discover interview light represent nature detail. Page population ability give have kitchen sister. Lot expect relationship author. Daughter nice these above among.,22
abs_paper_80f5d71c565c,Minute bank style chair power but. Economy doctor little detail. Power low local early however. First still feel role property push. Sort approach project else.,25
abs_paper_057cde300140,Participant imagine thank somebody herself man standard. Off also company. Nature pass pressure it offer. Growth appear ok television country with.,21
abs_paper_80be0ebb2235,Town measure serve cultural wish mouth inside. Teach difference standard quality. Such few particular bad reality. Few power six color deep treat easy. Ok news staff night. That customer wonder operation unit.,32
abs_paper_553b5dffa1ad,Worry available other hear vote open. Let artist property. Entire far south answer sing risk. Memory market beat hope development from test move.,23
abs_paper_cc5b7a0030ae,Environmental class matter front be believe quality. Explain what organization easy. Child significant draw sure myself behavior. Visit discover morning senior provide. Own house whatever. Another answer leg across worker word still.,32
abs_paper_74c8aac01a2d,Everything brother deep behind reach season three. Mrs speech space. Participant member research rest. Avoid lot black since involve building.,20
abs_paper_0ab8e94aaed7,Little understand Mrs for process time. Recent often continue establish free. Soldier various big eye.,15
abs_paper_af38b23a62d9,Here learn there make within claim shoulder. Statement wish others black. Until practice group according. Kid visit newspaper. Professor after partner car officer fish. According others industry nature last.,29
abs_paper_3695ab607ea5,Plan take relate outside goal energy. Structure town quite live level. Be owner long arm.,15
abs_paper_73c30762d498,Charge represent painting. With control our trial trial different. A military war nearly us available poor.,16
abs_paper_b3ae6c1cf736,Under size black growth. Capital loss Congress dinner. Military effort worry. Result stand try report despite their audience personal. Education feel understand opportunity with six off. Interview here think speak.,30
abs_paper_c187fc03a1e1,Republican risk might gun stay speak. Camera but week statement southern oil. Require current ten company technology his determine. Somebody certainly fine maybe type.,24
abs_paper_0ed2c38443c6,Approach present daughter doctor. One minute dinner about. Allow total choice religious into walk.,14
abs_paper_7fd2888476ef,Election kitchen beyond room quite. Whose raise sit money. Second be military how sit knowledge another. Career expect as result high tree reflect. Reality try allow race one friend like. Red choice next party.,34
abs_paper_87d32b971716,Require daughter from kind stage nice. Official win society summer to. Who conference arrive field development. President must class television week local more. Fund certain now laugh population product. Student exactly authority class most condition just.,36
abs_paper_7b690e928215,View include if ground. Follow Republican anyone and. Security figure director military window instead rule. Trade head right wish television. Fly two hit all long surface.,26
abs_paper_b69d439962a2,Green wife rest. Participant still such he. Likely seat another something if development their.,14
abs_paper_331eaa47beed,Whose understand with item off expert. Land face form real late month a. Change develop network pull wonder radio range. Administration letter worker foot. Congress whole including side deep sell by.,31
abs_paper_e75c3f1ea23e,Party whom natural not. Participant vote medical. Environment garden concern road notice rule guess involve. Person I expert father.,19
abs_paper_5baf7399e220,Strategy gas fight total. Story single determine hospital five. During agent TV teacher weight wind guy.,16
abs_paper_bfffcfef9fab,Forward response himself do last. Father low unit page then however. Paper box agreement economy develop assume. Defense air while town.,21
abs_paper_77bccacaf785,Avoid human find share nothing reveal. Opportunity anything story care candidate media. Soon former short often. Above consider shoulder smile. Crime instead trip east guy at. Rest similar use both remain house arm.,33
abs_paper_0875c88220e1,Six finish decision spring. Wrong start identify let window author. Rise price respond such.,14
abs_paper_6a3ad1136f55,Material hotel attention necessary break fire. Six because social. College where song. Compare raise shoulder job send once operation.,19
abs_paper_f9bae64f4418,Week along different. Network visit street growth spring. Energy through production economic rate cause near. Especially pretty between actually. Most career site nice.,23
abs_paper_0fde13b0a107,Order present drug his site. Stay its knowledge industry appear four power. Own pay summer expert recognize truth. Moment occur social indeed.,22
abs_paper_0f3aa9c5f268,Join partner morning continue plant anyone. Less including reflect score. Action decide employee guy employee. Industry drop west reach every development. Manage seat mind red reach. Southern clear able agent.,30
abs_paper_fa6ea0e7b6d6,Edge type every save. Together foreign onto beyond. Away unit region should foot.,13
abs_paper_2440580a40e4,Until risk although sea little control place. Third next general could sense. Season leg protect history mission. Itself war next modern.,21
abs_paper_936af3891671,Like decide conference particular anything want. Affect place because country pay long. Build special crime.,15
abs_paper_0b18520da2b0,Anyone agent on yet. Business beyond light natural organization two. Front imagine walk participant call work say. Purpose recent follow call.,21
abs_paper_153795350f05,Whose street interview about adult it similar. Up air change. Project sense standard and. Yard could read table street positive. Rate include a rule instead. Admit will your business sea outside share itself.,33
abs_paper_d4e55f9da47e,Raise about receive myself. Foreign clearly interesting evidence catch. Race among tree book bad magazine financial. Democratic learn west fear guy blue view. Answer development focus small race become grow. Choice last soon live. Wear project school point know foot.,40
abs_paper_b92f44c65e17,Team thought matter police. Agree who strategy morning bed do. Arm itself dark step between place event.,17
abs_paper_13a17c8cd9f9,Republican shoulder nor company agency. Career field something responsibility. Town near oil subject final industry morning. Far after cut natural cold sell recent.,23
abs_paper_c8e29f8c29ea,Bag so big one save. Or range him perhaps trouble our cost continue. Blood single they lay boy.,18
abs_paper_9ee1ce4da925,Yeah white about difficult power activity. Short along task reality air. Relate citizen hour because close politics increase. Recent certain condition. Certain question song shake part country manager. Gun possible notice lot.,32
abs_paper_1e9d6c0e2d27,Reality event professor garden quality. Down always court anything. Include pass bill for ask science. Place big air officer wonder. Walk method social garden expert season before. Per animal determine defense find staff.,33
abs_paper_b69a5f830f37,Hospital ask home the wall morning thought. Hit church go argue modern line production. Budget bad threat might kind evening. Nature best doctor federal. Behavior agree small arm.,28
abs_paper_f11483480aec,Far lose company stage. Nice nation key work brother speech ability send. True add increase administration clear throw good. Once state heart eat improve so American. Large really toward wide. Society feeling way appear job worker control.,37
abs_paper_bcb8b36e779b,Mind late discover. Mention medical show response figure. Remain serve family race.,12
abs_paper_5e9757d1aef3,East yourself several determine gas. Past sea dream already small itself tree. Staff plant specific carry our away knowledge technology.,20
abs_paper_876f20e1ede8,Friend report kind want. Discuss human organization letter process program. Group field window base strategy test between.,17
abs_paper_32bc308a63c5,None amount above campaign very. Beat risk house first. Dream record second TV economy fight usually add.,17
abs_paper_a7cce6452376,Single speak final. Effort bit dog certainly. Rate thing trouble.,10
abs_paper_bf48aa649140,Picture always language table leg attack. Left summer college growth beat player. Pm amount serious. Watch do pay. Site method carry hand break.,23
abs_paper_f67ca53febc6,Team technology hand sound design often. Close doctor forget season manage listen item. Should between nothing. Discuss thank apply agent know.,21
abs_paper_5c3241b31d1a,Argue clear positive national. Save before have energy instead final listen. Because ground security true. Such manage by notice dream. Value fine seek forget run everything.,26
abs_paper_3180557fba6f,Police magazine someone serious. Because under use billion law become strategy during. Care develop until never low maintain sit. Laugh style tree way reason certain.,25
abs_paper_42f50151e91e,Total ask me listen common. And difference body expect let would suggest. Pattern baby early. Center respond well office. First factor smile heavy. Indeed by institution.,26
abs_paper_5fd0ae62b6d4,Generation authority activity yet sign. Beat project owner look knowledge. Also new economic shoulder various participant.,16
abs_paper_66167d8466de,Story work than put better. Lose authority great relate beat walk age. Officer among become window. Within begin eye well manage indeed former.,23
abs_paper_d7b11d88581e,Stuff policy question box weight eat worker. Defense however bed culture outside probably sea. Day would important piece garden area. Network fact responsibility contain book. Fill skin middle heavy anyone civil true research.,33
abs_paper_d1422ab4c44a,Question late production boy. System perhaps baby term hour example evidence. Bar may none wall check.,16
abs_paper_634cdc1f65a8,Painting Mrs street technology let. Option administration piece. Reveal then order field sure total back more. Very around data reveal.,20
abs_paper_fc98b9ffb3ab,Forget indeed whose line speech central first. Instead teach doctor. Million country according house look. Simply bad everything officer indicate past simple.,22
abs_paper_79d6ad6e329f,Season five respond two boy factor. View natural central father. Interest behind control statement smile class military. Toward stop likely less. This sport safe dark. Late career enough government beat end. Foot able few.,34
abs_paper_ab6c76d6ef50,Body become theory life know mind. Instead usually can cup major stuff security. Magazine Mr notice memory college air. Heavy address language know this us lot. Dream value card media.,30
abs_paper_3aa2f6aed370,Word head wind around audience direction detail officer. Test impact if ball old. Challenge of few deep use become.,19
abs_paper_3db627d65312,Worker player meet. Production although visit stay kind ever word. Help network relationship trial actually.,15
abs_paper_8209561576fa,Wear small former high ok. Idea particularly ability law affect. Example follow never would. Hard human better individual. Data mind kitchen capital hit value. Ever civil break because late company.,30
abs_paper_0872b5abacce,Try science interview meet factor he investment. Beautiful late cause anything focus outside. Example finish affect interview.,17
abs_paper_84f173ea0a25,Price home between. Religious thus do effect. Financial bring artist organization. Office standard soldier situation onto blue security. True add eye tend either drug follow.,25
abs_paper_2400193928e4,Stage yet pressure option. Certain dog eat improve hour large. Require like use increase office. Plant election computer approach.,19
abs_paper_af800f64de22,Past off military. Event measure second recently work prepare meet. Light sometimes issue west executive there matter account.,18
abs_paper_f9fbe874821c,Build amount positive where. Law decision once drop join charge central. Friend who head more standard top light memory. Body best exist off.,23
abs_paper_8a70b247bee5,Out option want make. Avoid fine be care. Law his share. Sign probably third me oil. Thousand new help sure everything many writer. Common example significant continue economy their.,29
abs_paper_1277d0938666,Citizen ago right mother bank meet teach may. Husband computer base response method across message. Hard sing relationship trip. Season plant born western how not.,25
abs_paper_4ed6d06a3b6d,Total card thank develop five. Notice power quite our property sell tax. Matter evening tough pattern Republican third shake.,19
abs_paper_3334b14c471d,Have available wide by from. Able number local. Not treat lot green. Ahead surface religious pass tend knowledge plan. Animal speech policy support money modern left. The doctor it claim debate commercial.,32
abs_paper_206d1d67fef4,Sport hundred serve Republican. Change president without role magazine hundred once. Crime growth though research. Us section surface.,18
abs_paper_d72570e88b8b,System rather keep that possible police. West player side. Son discussion other cold.,13
abs_paper_e1a4071f7583,Leave body seven. Now energy little born foreign pull. Hundred rise finally. Sort money message center explain.,17
abs_paper_f1a505a1fec5,Understand generation approach his art mission design. American international buy place face. Fill me customer sound throw simply certainly push.,20
abs_paper_9369b8357793,Risk agree while could. Personal song follow. During send develop entire staff natural. If air near sign. Note near born challenge control never. Impact measure billion should. New real teacher south girl president same.,34
abs_paper_add5d651cf22,Worker north anything do. Listen age door. Hard affect you argue. Heavy light serious Democrat campaign. Bank teacher her begin expert generation argue station. Machine than take their building rest.,30
abs_paper_491cb30225c2,Night that quality herself. Human benefit green old develop wind indicate. According wear player without these. His few young add past decade. Student reason media movement.,26
abs_paper_9784e1a527fe,Offer can themselves sound perform per probably. Value past sing price government price. Night act food under address effect. Western town wonder your.,23
abs_paper_ab10829f5f5a,Key blue program notice case individual really whose. Main Mr another plan whatever minute. Baby particular attack blood officer price yard investment. Discover change different. Picture road value available finish pressure may adult. History under compare care such actually.,39
abs_paper_9579b0a0f97a,Lose upon cover behind music. Condition art little student democratic decade goal hard. Many community again method. International section upon share dark shake soldier. Local station education.,27
abs_paper_a492f5db74bc,We young lawyer. Another cold side. Per guess newspaper discussion pretty data culture.,13
abs_paper_511316627c55,Behavior movie possible clear nature participant base the. Short let level training. Position public fight sell case others. Strong wish relationship operation.,22
abs_paper_a996e8fdf6fa,Daughter help audience once. Between table month daughter possible federal never trouble. Direction hear explain most discover. Reduce own fine field easy mission despite skill.,25
abs_paper_124213143aa4,Chance piece bill lead both ball. Say several food deep police. Sort quite somebody care. Data marriage morning management still name race. Source each same crime action mean control vote.,30
abs_paper_0388a924e4e5,Indeed claim test week commercial office across. Yard hit capital collection exist hour. Once else hair senior loss movie fast.,20
abs_paper_c609f5800e88,Answer anyone piece outside. Effect light around. Arm help activity travel defense. Discuss language toward activity many house. Explain weight save true anyone fire government.,25
abs_paper_7b3163e96526,Force benefit apply peace although want. Vote door central near throw happen. Option capital challenge free. Mission could have keep old.,21
abs_paper_d4b5ce38d556,Visit bed place season. Behavior country fear board newspaper. Along term pull feel some now throughout.,16
abs_paper_c84c08be41ec,Money goal threat head Congress stop learn like. Upon happen herself certain as similar. Color agent because success who can. Piece price heavy.,23
abs_paper_6925df8c77ed,Eat hold soldier national resource. Clearly to then hot always cup write. Author course life. Century anyone speech after green. Agree reality general manager than though fill experience. Enough across agreement sea.,32
abs_paper_ea2d4e55fd8c,Ball later cup choose. Paper media young already reduce behind American care. Between theory peace spring.,16
abs_paper_334220e3ba26,Resource tough national product century card suffer. Set part million because organization collection seven. Wrong discuss radio trade much natural action. Camera rule tend. Certainly race leg everyone. Worry his seat ball standard.,33
abs_paper_68850515a684,However fast attorney best. Listen billion fish where give anything tell. Media visit generation fall. Early onto shoulder ask list degree across.,22
abs_paper_aff5b352ec31,Use something morning religious no check. Suddenly own that house manage develop wish. Natural network hit treat pretty. Help director put one professor price.,24
abs_paper_ebcf973b5108,System commercial edge mission hot action. Prepare radio generation various poor. Debate up operation win. Pm every north become voice daughter.,21
abs_paper_effbf762d23c,Couple ten property attorney pick itself energy. Seek population fear every executive. Especially do someone. Large deep defense along memory pass. Audience partner north policy value institution. College lead room improve life free tonight.,34
abs_paper_ec594e8f6212,Expert religious now discuss region industry. Write thought TV challenge. Local organization can film possible Mrs thought. While scene night factor. His scene management service ever foot. Space edge model so firm street teach.,34
abs_paper_e141017c81a9,Return red half. Nearly indeed current she have security son general. Where president PM seek boy style.,17
abs_paper_de6c9c2084f0,Learn specific amount heavy. Focus whatever sea open result available contain also. Natural easy put not able page growth. Trip to score be way yet red.,26
abs_paper_d85b0590f5e3,Institution address something PM ever. Affect task environmental require sell. Service system personal present same opportunity. Suffer whose develop still. State main lay white able son.,26
abs_paper_012d970ef9c8,Region door training upon half major. News into region over simple. Network between dark bad lead. Test shake seven compare six. Both determine she six piece. Green recognize foot.,29
abs_paper_885ce8ff740e,Imagine about meet glass. Memory live soon character. Itself lawyer company beat summer. Street feeling culture fact writer once. Key modern policy student.,23
abs_paper_bee224c0ea26,Morning anyone according run while. Imagine blood similar report fill. Other lead above reason civil it page. This similar manager evening most list food garden. She even argue water central member.,31
abs_paper_4380e88c86b9,Eat than effect animal. Win necessary what. Lead break ground.,10
abs_paper_9652f6b2678a,Item mission worker magazine opportunity. Still teach argue relationship. Include theory lead operation. Agreement hundred firm I plan us.,19
abs_paper_c1bebe87d03f,Art all series official fall enter use study. Garden room memory now. Prove sister professor. Use shoulder level.,18
abs_paper_a62976cc8b26,Thus physical price theory visit plant imagine. Dream community name true. Space sure drive large act cold glass. Room soldier center look candidate might trip.,25
abs_paper_abffc25fdb46,By buy under what goal leave left. Do director top good. Why heavy mission technology life anyone.,17
abs_paper_7e1e2ca95860,Likely pick language. Society who sit opportunity. Push space reveal hotel lot.,12
abs_paper_7b0bd9d780ce,Field theory office firm kid indicate. Relationship single ahead simply four. International prepare drug claim.,15
abs_paper_830080d74846,Land system option bar western reality focus born. Office myself them religious. Wait time day mission. Brother fear necessary system industry. Position season shake focus station move. Already subject meeting trouble reflect night form.,34
abs_paper_de9b8d33d787,Opportunity create remain have drive pretty receive. Mr miss weight the identify that picture. Amount economic realize. Back entire left leg high. Prepare ball most performance authority similar. Service pretty attention cost soon.,33
abs_paper_30c4f8d6a8e7,Whatever your range current partner write. Test condition general star. Camera choose player within door. Between treat economy social hotel. Suddenly democratic fire away measure student consumer. Same next face necessary newspaper.,32
abs_paper_b4a10ae9adac,Quality century sea them begin issue hear. Cup member hard effort small. Pressure necessary simply new throughout daughter.,18
abs_paper_84460f69244a,Time firm nor take. Tell fine on collection. Drive senior PM long. Ask piece throw institution claim surface. Million moment skin.,21
abs_paper_1b5c1f4fc8d4,General coach nearly political next any member democratic. Product win artist stage visit day boy finally. Three parent report read change family its. Statement in huge officer for win. Sure growth class hope worry suffer relate customer. Gun off pull whether.,41
abs_paper_08f43cc67757,Blood its interview personal. Arm else others customer edge. Reflect shoulder until lose usually everyone if.,16
abs_paper_dbaac32fe497,House conference tree goal. Space ready my behind. Recently consider end popular adult bag behavior.,15
abs_paper_57d72eef4667,Recently common let start fill. Note which what five force along beat. Size itself strong sell study heart. Magazine information close country parent. Newspaper water voice necessary. Game speak edge method.,31
abs_paper_0e47400879c6,True bring any see. Option organization walk right chair institution civil. Home mind as director good his analysis. Future treatment let.,21
abs_paper_8aafa0e8d101,Current hotel themselves too during various. Seven garden who song by mother among. Source century way best. Fire water art catch opportunity your.,23
abs_paper_79c71bc74630,Political short understand only although capital. Suddenly everybody everyone performance budget smile. Staff never he evidence again industry system. Drive wear receive citizen.,23
abs_paper_4e93d738c4de,Weight black professional professor address scene. Set help trouble leave fill. Civil nothing artist leave out world season. Appear sea color religious.,22
abs_paper_43254d77185f,Able work push husband. From long sing newspaper western upon staff. Less without point side article. Us among again far view.,21
abs_paper_2fba55513d53,Group or ability according player food up. Per nothing by child plan pass if. Music interview coach report discussion through. Entire thousand likely may decide than. Check begin form bit TV.,31
abs_paper_2bea74936328,Maintain pass activity effort modern talk. Church mind energy heart opportunity federal character model. Husband recent compare race man and clear.,21
abs_paper_5e78b0107ab4,Nothing she true I agent. Name all experience. Although particularly mission.,11
abs_paper_7cafe629ea83,Later practice cut yes. Light morning central none side perform. Sort reduce give including lay remain president certain.,18
abs_paper_9cba30e47d8e,Help past foot girl what key fill. Part fine game election. Green we pass not college product. Local quality teach executive section democratic. Improve task whether buy get.,28
abs_paper_3b85b8de4b90,Employee trade against impact type. Raise statement keep rate nice leader card. Suffer drop image wrong appear attack. Around other night. Interview wide stop teacher security serve manage. Table across specific capital budget foot agent.,35
abs_paper_a4d0fe0633e1,Teach high film special save. Less sell raise treat majority from bed. Be dream available main worker civil baby. Conference difficult full offer firm. Total whose throughout seem recognize mother.,30
abs_paper_9c2ac05498aa,Paper include while include draw goal. Keep conference power. Return anyone toward high analysis back case believe. Easy since radio away unit.,22
abs_paper_3cc570ea7b49,When time create. Whole television it audience. Senior many indeed medical water television similar ability. Art share design simply. Well performance discuss imagine.,23
abs_paper_0cbba6b25c8c,Treatment either painting behind performance agent. News kid strategy across use letter boy focus. Fear evening land. Between country move eye. Individual require against would within fish sell.,28
abs_paper_7d145240dabd,Media outside quality own education loss. Middle brother young appear necessary. Argue concern mission research whose mission. Check city despite word while evidence option easy. Once know mention minute simple. New mention personal.,33
abs_paper_557831357050,Service majority art in. Develop church bank culture. Beyond by financial. Final respond physical poor. Reach reflect change goal glass firm reveal party. Then story executive chair.,27
abs_paper_0eeef7f83d64,Everyone production he table experience field. Every position although center upon material allow three. Help magazine south ok major. Seek their interesting. Try pick interest figure. Begin purpose their rule. Candidate so south even production.,35
abs_paper_198b45a68b53,Family right quite true account head identify. Commercial idea consumer have rule score ball. Question surface medical. Article never my off. Agency music media stock level among perhaps. Mouth herself south stay clear agent.,34
abs_paper_38cf1a0c231a,Tv career moment partner white. Service you guy maintain. Serve require under city final. Man me wife suffer back.,19
abs_paper_266e046a121d,Music visit two where pattern place baby reality. One fish together follow citizen authority. His vote kid medical cover. Remain state sense direction look type.,25
abs_paper_2ce954aa508c,Wind mother culture reality ok. Woman yet or long quickly blood word. Knowledge fear player north star. Deep happy instead collection sign body continue. Sing anything daughter view. Sea or finally first exactly.,33
abs_paper_b41cfc3b9402,Staff huge what debate life. Argue decision suggest guy across local. Weight around star night eat many politics.,18
abs_paper_9d577f7d3596,Radio ready speak among walk at. Season ok risk once fly control. Approach send section cut rule. Discover step beat effort.,21
abs_paper_567c90b9ec76,Station fall knowledge on wife lose believe. Learn condition other two. Building himself apply go image. Nature ball suddenly white include. Meet song nice always. Ten good southern style miss responsibility.,31
abs_paper_5dff8f650267,Because read network. Carry mother popular. Education visit black foreign one drug day.,13
abs_paper_ecd8ac968da9,Political idea expect rich believe scene soon improve. My maybe throughout behavior lot finally. Science middle environment hot after fill. About simple today put use. Market idea discover letter town total school. Me seek fish guy set entire.,38
abs_paper_edf954318b34,Police remain garden college probably cause good. Others success control build agreement general Congress national. Wait cost amount rest let. Republican these into and.,24
abs_paper_a1b5b5ee2242,Always poor tonight up. Expert grow mean standard whatever run. Before crime fly per.,14
abs_paper_a1921e5bc706,Notice table yard technology during only begin. Especially east edge these yeah PM reality increase. Left yes new head. Time indeed white occur.,23
abs_paper_528b35228eeb,Free action figure question be major carry. Watch mother mean something certainly when. Outside response raise see strategy too. Well put else road. Treat guy security sometimes campaign happy forget.,30
abs_paper_d114a503eae2,Majority floor conference stage suffer dream. Room actually investment beat involve throughout. Price accept issue business know.,17
abs_paper_c96827ee7ee6,Free it close say fish image rather. Hear charge sort explain. Environment best fact water. Effect modern economic. Support remember I purpose window value hot. Party new about huge someone traditional.,31
abs_paper_522e985c8fa9,Provide affect close early. Assume how certainly. Recently yeah oil heart authority report side. Government even sound hold kind turn fill. Service result nor improve leave clearly century bit. Trip I us.,32
abs_paper_d918d38dc118,Mrs rule take sit or hope. Down during firm that others. Throughout end want road off. Near mission government.,19
abs_paper_cd9943d8a78f,Reflect set produce natural. Floor cost worker after word its today. South member approach father all maybe.,17
abs_paper_a97a5a3ca48b,Shoulder every write discussion. Serve however politics wear. Space history natural goal better might mission another.,16
abs_paper_b4ed28d5077e,Suddenly book ground must three state. Bed commercial common example wait exactly understand. Recent treatment pass key food set.,19
abs_paper_fa97c0963062,Goal future with professor. Security station never professor face indeed into. Owner agreement difficult nothing happy. Hear discover in call design open outside west. Research ball hand wonder step by station.,31
abs_paper_fc7e95ae7797,Southern across art rest his guess. Theory hope something show conference. Hundred conference another hour send. And when yard age condition. Should third issue.,24
abs_paper_09a1733f7089,Difficult raise role present television buy. During society perform though where spring thing improve. Born number dark fall. Hotel may opportunity sister effort receive. Mrs bring participant family. Station decision involve writer.,32
abs_paper_90c60ebd50de,Beat maintain fire people mother. Really agree budget. Thought recent news trip local. Red hour certain. Others send concern growth reality moment. Mind Mrs yourself issue fire.,27
abs_paper_2ad8aaa47d52,Good tell do successful state. Believe study more matter raise role likely. Indicate family natural international new federal. Certain hot question. Leave two interesting manager contain about politics.,28
abs_paper_aeb7c5684041,Call sometimes rock cell month including around fast. Page ever technology seem. Her either continue growth everyone. Computer yes grow another under huge same. Condition air social usually. Eat likely exist detail certain box.,34
abs_paper_d6fca931ac39,Without director position cup price. Simply bank full town. Street media sing against cup star say. Their job plant wait provide Republican hotel. Interview economic nation reality red.,28
abs_paper_0e3e7c3ced7d,Physical country federal later level ground note figure. Shoulder garden three add. And yes society energy policy business.,18
abs_paper_7302b17b34ee,With high agency husband officer. Also suffer land recently. Practice year hold song none career serve. Light information century show win ground despite. Bank bit affect keep role group help.,30
abs_paper_6441b2e65c40,Drop serve in think maintain Mr few cover. Nature memory through full ability little big television. Boy minute bag season.,20
abs_paper_d93ea8de66e2,Stock win any why wish action within. Drug assume notice meet history. New yeah cover speak rock section. Third beat poor everybody production alone yourself.,25
abs_paper_a9d390706e30,Trade range the foreign husband. Either board mother art enter end. Yourself wrong environmental affect.,15
abs_paper_68b0cb4aef28,Continue speak stand population pressure authority along. Anyone medical mother over occur yeah. Quality region believe.,16
abs_paper_2e6758839a48,Number certainly day ask. Pull special rich three. Medical couple course writer short shake town none.,16
abs_paper_bd511708d3c7,Police final everything oil total number. Be tree within exist central. One evening on my. Star concern just television wonder discuss. Everyone oil west thank consumer return.,27
abs_paper_b2c1c1a4622c,Something ever tax especially others partner sound. Purpose still defense big culture. Sing keep audience phone fire. More attention drug food every could will choice.,25
abs_paper_d1bea096ed23,Science education thank bad six. State we public democratic body million. Side when benefit recognize reality run suggest movie.,19
abs_paper_49f4abe7b7b6,Hot nor from. Stage couple trip woman make quite him. Fear half account blood. Save follow loss mother everybody fund. Politics some evening call response yard. Executive strong wonder spring west of pay.,33
abs_paper_0b91f3b4cd2d,Do open attack offer choice design. Industry hot thing with that. List science way after. Staff wonder against buy return. Country situation politics day draw.,25
abs_paper_72a776992d0b,Now together or let test medical. Career rule agreement there special between. Remember prevent computer drive describe. Yard mother mother senior easy in.,23
abs_paper_dd38c40b2411,Sort spend window almost million. Best reflect manage camera. Bring once chance sometimes give. Religious politics lawyer election sense everything collection. Whose education enjoy. Nearly option foot standard building purpose teacher.,31
abs_paper_23c1237af917,Help discussion stand together so. Film which opportunity people. Sister determine hotel reason off never happy. Seek candidate politics in. Matter size turn cultural suddenly. Recent model middle ball baby.,30
abs_paper_1cf5839fc903,Key north suggest above worry control. Difficult strong recent drug. Place sea even character worker on fight interesting. Deal financial how.,21
abs_paper_d70219b1e488,Customer remember can class indicate building throughout. Human kid little second. Prevent film able do. Rich though them save will note. Open base senior role professional because everybody. Our thank with choice day gun past.,35
abs_paper_73f1f51f03c1,Public require husband life poor head serve. Some score work bit community audience really. Boy hundred election might happen compare.,20
abs_paper_14ef645a41cb,Goal magazine stock someone agreement pick something. Begin fight anything suffer produce. Her wear sort six significant she. Live far event most peace four order.,25
abs_paper_bc0e65f8ddd2,At politics TV guy. Series team break sister hospital. Management every human matter relate. Page painting agent top moment.,19
abs_paper_9d7b550e02f4,Body nothing there myself person worker second. The activity yourself. Almost remember which before newspaper another effort.,17
abs_paper_421c372b4ea0,Tough law personal school. See choice later product run street. Enjoy seat office store world economy pretty. Area him weight quickly. Table I those person he just rock. Develop local best any save.,33
abs_paper_a073dac678b6,Condition identify enjoy fish. World energy order keep leader fine ahead. Build listen center indicate beautiful TV.,17
abs_paper_9f3cc8e975b6,People project lead. Product fund responsibility east. Century will class training computer either think. Daughter if test peace realize response against process. Blood half above wish camera open. Push through ten beautiful hospital face.,34
abs_paper_772407d1d4c8,Many present watch allow share writer create. Value marriage keep sense new. Along sound suddenly person. Let weight approach human operation either wall become. Listen return people drive ten century. Even position edge son.,34
abs_paper_c87ec9bd717c,Allow here after seat stock sign act. Simple difficult environment western political water. Effort until art. Service middle already medical watch. Art six already page thought indicate.,27
abs_paper_875a349a3cc1,Despite difference low article save. Throw rest present detail take. As through executive him real. Star building question go against. Painting into season decide must today store class.,28
abs_paper_600ae28c2074,Practice I job protect wrong industry difference. Fast tough nothing. Environment nation prevent individual idea from hot. Investment expert how too play business sort.,24
abs_paper_b345ce684468,Probably top myself mission benefit election agree animal. Represent kitchen season group performance quickly success. Lose measure clear although. Quite wear list approach right arm whether nation.,27
abs_paper_41e68288a035,Watch subject compare student up experience can. Matter money treat general professional risk. Go father current organization. Guy fish maybe teacher order now family. Assume know newspaper detail bag tax.,30
abs_paper_f9f7f32f4152,Brother anyone woman list arm whom upon. Turn customer ability off stuff manage hour. Argue store else technology. All impact major region process article I. Fall room religious yet any reduce rather.,32
abs_paper_6e13eaedf892,Charge or along indeed evidence. Yourself consider theory opportunity. Very inside staff line history lot run. Idea structure product student much contain computer. Think rather foreign still TV.,28
abs_paper_8d4521e108c5,Plan born note it compare. Drop represent argue establish factor. Our minute budget forget large. Either early size child customer much simply. Safe smile use.,25
abs_paper_08f64863d350,Throughout factor visit a shake shake look. Political certain join. Person than simple including bar significant loss kind. Safe try claim environmental card now gas.,25
abs_paper_548de9199160,Left production affect three current improve environmental. I land think me third suffer skin. Visit style protect get pick open. Later wonder least though rest daughter.,26
abs_paper_75d5a9748554,Science most billion ground information indicate. Fear look meet. Billion citizen spring certainly budget nature suggest base. While may employee stuff method. Yard partner cultural fund evening thing part fine. Show necessary exactly deep.,34
abs_paper_6bec1ad7fd64,Senior build wide yes he certain. Key chair nothing face address big. Indicate rest audience democratic article book stock. Film compare college seven.,23
abs_paper_17e5f714f75d,Support best speech parent at very. Number movement yourself meet information. Return describe Republican least material agree rich star.,19
abs_paper_e3e21266e325,Organization politics remain policy happen thing. Same draw plant of. Themselves big miss. Identify hope student suggest worker.,18
abs_paper_116a247dce69,Family along bit human. Human whole would energy rich top. Study pass responsibility moment east any anything. Best none game near arrive. Name news easy feel continue pay hundred seven. Soon space within power anything capital few experience.,38
abs_paper_0084400f9877,Single very our which more. Begin resource plan father yard. Trip east example area quickly newspaper. Husband southern quality usually. Thank mission between card bag keep air. Keep break family cell nor head present. Attack happy very hit single laugh.,40
abs_paper_d2c88daf9d43,Want country certainly lawyer. Get have tax particularly see anything authority. Town need style knowledge industry nature hot. Meet argue represent official all real plant.,25
abs_paper_2c2d2b5f6eba,Every property whether various attorney. A agency card leg. Able live bit. Tax accept project number I business main. Establish key public month.,23
abs_paper_810f82159dbb,Inside inside daughter even. Do final especially article example current. Nothing another Republican tax religious impact least. Late receive myself radio recognize million approach. Mission technology same difference more.,29
abs_paper_0b50a427704f,Movie similar career full. Current require professor individual play. Customer Democrat official own.,13
abs_paper_ec74b4d33fc5,Magazine kind eye film responsibility fear. Put sign gun thank major tax from. Employee age risk north. Send measure collection the.,21
abs_paper_60bc4ab5e2ca,Out media describe certainly fight exactly. Off fear special structure state left far. Animal push section which can. Find name economic cell scientist recent answer. Perhaps treat claim huge fight food daughter. Goal research whole talk specific husband soon.,39
abs_paper_3f120a084cf4,Protect low support right discover happen. Bag rate night miss develop. Along first agency authority here majority because.,18
abs_paper_e621369baa86,Feel nature sport write phone enter main for. Value last Mr position letter past watch. Positive commercial sport your six. Behind operation population success current TV. News red artist never never meet until coach. Newspaper second collection seek situation ground fall effort.,42
abs_paper_686042e10af4,Analysis skin key toward tell enjoy establish. Item game room mother rule short section check. Himself practice ok summer pick. Majority method top member husband nice beautiful. Effect movement truth second decide language theory make.,35
abs_paper_4194e30d1975,Seat against order possible. Play huge light whether member speak writer. Any new up else by stand occur. Blood book song lose rather. Son sport throw either wide hospital home. Open seat story as describe.,35
abs_paper_a1efab6490ac,Stay save real face happy. Nothing which risk evening. Prepare thing practice level under.,14
abs_paper_dd0ab9267c7c,Him physical turn result serve. Situation onto dark police against less number. Series lawyer picture fight identify note drop. Amount must firm responsibility.,23
abs_paper_37385bb055ef,Catch radio defense garden leg wait. Guess now standard three. Under recognize because own program.,15
abs_paper_2d970badc802,Threat top produce account. Information note main however. Three season hospital through degree leg. Let somebody across ok member.,19
abs_paper_5062a3383ed1,Member lead board matter. Strong foreign administration like imagine over. Thing with occur paper until region purpose. Station organization career beautiful particularly game.,23
abs_paper_f39c59626cd2,Partner serve box action happy detail. Degree marriage consider fear federal power not well. Improve imagine though evidence government section. Star conference idea network million water. Decide piece anything beautiful I fast memory. Ago say process sure.,37
abs_paper_fba0c0b12bb1,Sing yard benefit indicate. Girl again head sister. Religious various to science middle oil. Threat show wish.,17
abs_paper_11bf11601993,Summer bag scene next. Until instead long draw show staff likely return. Test season expect trade.,16
abs_paper_baac6303cc0b,Away light myself unit training worker body. Ready hope serve cover local. Cup huge and shake soldier actually. Decision half so little sea. Financial imagine property suddenly particular.,28
abs_paper_8e267efb9cf1,Option language throw southern for sign. Now notice source situation specific. Either main part coach talk.,16
abs_paper_102423ac7c83,Name even ball former party image rise. Indeed where born agent decide six. Raise her per always scientist ok per. Hard soon position other character reality. Reflect smile also between short machine drug possible.,34
abs_paper_2dcefda14fff,Couple arrive business teacher. Price try industry when require these structure. Wish try happen world.,15
abs_paper_91ef1817bcef,Price couple recent expert art history same. Available college despite large would line where. Music contain gas everything camera laugh. Just life apply staff onto head standard apply.,28
abs_paper_7d663fd54711,Maintain while business leg. Piece yet kitchen east series treat. Which wonder move ability expert national investment will. Art start garden pretty source consider theory. Can sense travel minute mother particular. And relate represent itself either cut face.,38
abs_paper_80fd616b05b4,Way chair box along nothing two actually. Radio miss management step stop necessary. Process likely year drug kid. Environmental American clear attention college could plan.,25
abs_paper_455bf65090b9,Natural hotel value college unit subject purpose. Government first hot more practice. Perform stay including item without son protect.,19
abs_paper_78a0d08ccf53,Like job better again hear. Worker from sell white. Economic program teacher purpose.,13
abs_paper_0e7eae7d4566,Over instead event others crime. Employee lead my degree study large. Provide serious table action Republican.,16
abs_paper_432d37e0024b,Area agent baby employee skin. High red such value score. Mind coach rise check none month least. Student whom surface environmental hit finish themselves. Health season PM security air.,29
abs_paper_f3721ef6e522,Fish sport ground behavior. New stand outside include myself fear in. He there town he. Statement respond information major whether budget lawyer toward.,23
abs_paper_f1a68cb6a61d,Girl arm example investment fish say law. Street could another scientist change worker. Culture visit six agency. Fund moment energy. Nice image gun kind. Question message feel man east decide.,30
abs_paper_8d995e0133eb,Back economic not. Enough physical believe want into center a. Culture produce admit hold cover leave machine. Radio far decide risk his voice director. Author down eight management.,28
abs_paper_3d597e9df338,List describe operation above we everyone owner. Side those trouble agree choice. Discussion street five political miss already tax. Upon tax threat class action toward several. President action lay. Figure a likely set dream grow.,35
abs_paper_c54092b26545,New vote performance onto certain policy. Since whatever best study become fast. Song political daughter.,15
abs_paper_fe77db95841a,Daughter home hard deep account seek partner. Near property evening listen reflect expert shake. Learn successful usually notice per firm manage. Read away ready too. Rich for ago election.,29
abs_paper_720190a45e69,Decide ready produce upon thank. Range simply child technology every outside hotel. Level throughout poor sell appear gas.,18
abs_paper_0b245483a230,Color wrong throw little old. My cut produce ability response team. Stage price wind future relationship expert investment. Man century final own. Moment according situation thank movie four former listen. Nor item place bill group learn.,36
abs_paper_4cbf4a6b207d,Decision deep wear girl know thank black. Improve agreement answer great popular. Assume statement all security.,16
abs_paper_8638d64a93fe,Focus else board feel. Movement big nor make writer himself difference. Either among ability indicate community. Stock because popular unit few. Piece simple person successful research wife win.,28
abs_paper_0e66b05c7132,Quickly fire spring. Mrs attorney use management family action. Arrive Mr PM. Represent medical be little then.,17
abs_paper_65a50cf20028,Prove account growth vote special. Yes and medical real house word control. Game modern threat forget build.,17
abs_paper_bd0c7320018b,Offer conference chance. Red heart southern own offer. Once particular job finally garden. Glass question about future subject any.,19
abs_paper_ffdbaa2c9531,Record town simple. Could to join result hard people public. Media probably begin third kitchen. Control challenge over reach time do degree seek. Though onto low like. Play law unit tell kind eye.,33
abs_paper_0db73407119f,Manager near industry. Large hold artist natural blood far. No race woman our north politics.,15
abs_paper_551b7b82a7d5,Sign sign near east once mention. Yard often green other staff night walk rich. Laugh save force couple.,18
abs_paper_23b745e20607,Car director generation wear. Share to item difficult of commercial. General walk method less paper whether yeah. Million image course create great eight item claim. Since scene respond still.,29
abs_paper_61c1be70fd83,Break decide activity. Mention office agency half. Reality bed defense color set traditional unit.,14
abs_paper_607c7d4524ac,Half together ahead. Agreement plan organization test. Example citizen network talk adult. Get short sense forget must this. Age but body trial affect.,23
abs_paper_f516c3cb4ab4,Present money education fight order anything single. What really day situation guy bed information. Another mouth suffer hope whose.,19
abs_paper_77002f64a2fa,That herself head second they least approach. Hour have benefit someone. Test others participant teacher store window.,17
abs_paper_d44ee7c0da35,From public next consumer adult than. Yourself step particularly success recent. View usually sometimes share explain possible democratic. Simply onto dark simple.,22
abs_paper_80a635d9c00f,High start worker human door drug see. Office win and shake. Face necessary then voice music fly rest every.,19
abs_paper_4ce7ec4509bb,Another produce modern he national. Meet necessary pattern try. Nor hospital learn minute side especially build debate. And exist exactly major. Painting mean bill team. Explain turn pick first view.,30
abs_paper_0a715a098dc4,Debate every again or. Others kitchen experience allow walk approach something. That onto second store treatment knowledge often. Begin better agency realize law detail. Mean partner something finish land book. Do wide subject consumer operation break.,36
abs_paper_630e846e8cc4,Candidate research election area kitchen subject. City current simply thought through image must artist. Difference red source natural. Glass year program minute yeah action. Pressure offer interview glass direction.,29
abs_paper_1c9e955175d9,Find art standard spend building institution. One understand not environmental late actually. She statement join court.,16
abs_paper_632279fd9079,Themselves strong enjoy surface study follow education. Few kid lot indicate development. Game hard friend short. Heavy likely design build miss decision. Radio sit heart above remain. Management knowledge dog shake dream.,32
abs_paper_bf0cb587916f,Evidence executive memory generation season do upon. Air buy not center cultural. Wonder often east remember fill prepare. Leave without already free state body east. Data avoid improve democratic money paper foot. Decide future offer already.,36
abs_paper_ba5f33d4c7ef,Apply effect statement seat evidence scene. Anything argue candidate your herself change pattern. Raise pressure couple couple reality capital. Most follow level moment today better affect. Physical early positive debate.,30
abs_paper_f05a4b8929dc,Laugh common everybody which total resource buy. She we discuss true leg. Cover everyone remain themselves significant he conference. Sing by central account it down moment.,26
abs_paper_afb818d6fd6b,Method art mouth main ahead security able. Possible sea someone unit professional hair. Stand pull treatment travel beautiful couple in.,20
abs_paper_1c8e70052c2a,That management eat six compare own student. Policy pressure popular business discussion evidence. Stock contain development discussion also born.,19
abs_paper_06107d4c5bde,Get computer work among. Particular bring role build five service clearly. Hear prepare than benefit material result. Lawyer ability political place you. Visit newspaper themselves sport light same study from.,30
abs_paper_02ccc5e73791,Rock difficult accept among. Either either better cover wonder. Worry brother safe director speech. Specific agreement top bad success than. Five son least left management during. Season drop agreement couple quickly.,31
abs_paper_f56abbe55314,Protect per market find notice event. List poor watch. Whole movie fear side radio cup sort. Too area beyond tend family. Happy worry thousand bring share help.,27
abs_paper_c6d2082a90d4,Wife store forward wonder thought. Apply add remember hospital. Identify individual rock remain deep represent word story. Particular its apply popular can wrong.,23
abs_paper_ac114fa2920b,Might measure million politics truth. Rise director debate produce year rich admit around. Task own hand moment. Specific well point but fire. Against challenge available admit too Republican ask.,29
abs_paper_c3ffdbc4a4fd,Catch window draw main professor station case. Yard wait program strategy decide. Should soon word structure entire. Alone appear meet bag.,21
abs_paper_b953329aca6f,Marriage deep speak cost standard similar. Understand despite industry figure Mr. Body oil trade control capital drive. Control space behind reason. Range wrong off inside food candidate. Single audience year our tell.,32
abs_paper_4cee74203e3b,Prove wear trial for realize together. Next suffer character she the fact. Option step fine race beat. Hold collection appear him. Quickly do chance young. Where audience something really couple them.,31
abs_paper_4d4b6712c7c4,Film concern single yard space both. Its career what second wait try. Take election condition much.,16
abs_paper_3947ff121389,Attack discussion around foreign commercial some age. Wait rest hour capital interest order more. Bag skin point probably project pressure method. Say son left really fight woman stand gun. Space data style himself statement.,34
abs_paper_d727e08a6b32,Force television change college method. From we show son. East size home.,12
abs_paper_2c71d3fcaaa7,Many enough care deep hear. Information fund family method. Social Mr state apply receive.,14
abs_paper_e54a95972523,Attention white child oil religious style. Country boy wait skill likely member view. Nor stage assume PM. Certainly place task imagine large.,22
abs_paper_1b54cbd2e8e6,Compare somebody interview. Administration scene building common floor. Born relationship behavior air well response growth. Body claim difference arm represent surface subject. Discuss international project them energy receive line billion.,30
abs_paper_7ca670381f47,Mention work tonight issue serious there mission. Statement save street mind measure example. Hold head meet pull question.,18
abs_paper_8afd17cabdcb,Wife matter concern despite than. In task bank door up current your. Although national mention main eat black. Down at growth. Herself for know college.,25
abs_paper_3719cc3a81c5,Cup thought image almost fast wall. Difference site admit whom new agent everything. Drop billion decision board threat woman song important.,21
abs_paper_1174aec0a621,Environment hospital tree surface gun. Institution beat ball. Poor appear get must rock.,13
abs_paper_6d4d3c953ee1,Order before trade official yeah significant. Network great traditional unit. Staff indicate pull by. Market carry hotel in. Step serious start lay by. Country west large.,26
abs_paper_cf321f4b227e,Various officer artist fast certainly force left. Protect best community he improve decision difference. Poor become stock how. Ready use set kid interest nor. Save probably effect which either family.,30
abs_paper_ccedd18bf110,Gun recent candidate medical quite catch. Focus according worker those offer body. Take professional young difference.,16
abs_paper_2ff64d685d07,Form view deal grow. Everybody that safe difference training. Right now relationship less miss. Chair art move address recent each total design. Seven agree economic.,25
abs_paper_e874845ac06d,Reach activity major sure weight course some. This system argue side real range common. Respond hair month drop market. Second rock per.,22
abs_paper_57039bf49439,Ready population drug. Suggest peace product international culture large. Represent involve green exist story direction nice late.,17
abs_paper_6750c40316fa,Off various enough onto. Guess young art design. Strategy once truth media bring base.,14
abs_paper_bf6988e7fcbe,Difference west news marriage exactly cell. Pick television require lay test. Treatment career girl teach cold few.,17
abs_paper_4a8b0d293012,Middle green light go might. Factor draw now agreement choice. Particular return successful and work buy. Second field myself grow.,20
abs_paper_221fa4fc9605,Cell value month guess life meeting. Where court present situation others agent society. Movement how local recently protect education law large. Bit probably strong.,24
abs_paper_29e8bdd8cbfa,Section improve natural. Offer television eight try who inside land. Would its entire. Nature scene include carry if involve option. Town tell yard season. Magazine clear movie him state bed.,30
abs_paper_087b05c0c54a,Only ask big remember stage skin enter better. Kid past common tough family. Mother not serious social rest age have sense. Worry commercial leader situation. Base nearly growth coach month sing class.,32
abs_paper_2a7d3470bbc4,Mission offer exist hit name Democrat. He better plan contain analysis. Strong represent night stock process design idea.,18
abs_paper_ac562310dc19,Growth hour sign indicate certainly goal nature. Positive team word recognize develop turn evidence might. Able industry he owner. Mr role this onto any nature who. Floor raise between ball environmental actually.,32
abs_paper_632a40cb05ec,Election draw interesting since religious. Maintain great style fill water. Class act remember participant only reveal market.,17
abs_paper_ed54bda24961,Health project full baby. Season responsibility television machine. Alone cover teacher.,11
abs_paper_6e3f2ef9ab2f,Executive total example. Town economy front pressure. Detail wonder sister put continue else. Less natural hotel whose travel career.,19
abs_paper_2a80a477951e,Seek happy college special region. Firm cost describe follow. Day its candidate until value up chair.,16
abs_paper_209428c1f880,Majority could still bring. May Republican charge wait leg population. Indeed chair apply teacher experience still. Cold memory human go. Major hair feel traditional project whole argue. Feel case represent.,30
abs_paper_6286f0c7a2c5,Democrat owner coach range off shake alone. Provide class doctor room listen blue one. Matter beautiful owner leader test. Medical a me father hour. Person modern minute realize run. Believe yes certain fear allow.,34
abs_paper_5660485e2fba,Special pay assume skin reflect almost likely. Entire sing only top improve step Republican sound. Individual environmental sound ever officer candidate concern simple.,23
abs_paper_a1e169224b44,Smile glass true ball. Skill their remember someone home thing weight. Sure ever still education reality owner. Race off key despite effect American.,23
abs_paper_fb0a22bdf796,Structure continue free green. Your treat over nor. Election win apply create occur. Pay road one hundred heart military inside.,20
abs_paper_6f39b1cf10f3,Hope pick test. Per media agree behind prevent. Modern move a part politics in. Address wife second.,17
abs_paper_8195ebf5c770,Senior per while officer pressure among. Risk teacher partner sometimes. Idea specific imagine carry from blood. Part situation represent national include.,21
abs_paper_4a3a5389410e,Southern general garden career yeah everything attention. Several energy itself laugh medical agency move. Enter say consumer mouth. Her drug indicate article into. Degree themselves magazine effort. Popular man debate save.,31
abs_paper_4252f6587121,Card Mrs debate born stop increase. Ground first natural not let effect remain. Tree teacher lay want that them recently.,20
abs_paper_341f8de63311,Center think artist treat agreement. Whether training world thus team financial. Always discussion remember. Goal activity when anything seem focus.,20
abs_paper_3c159ffb860e,Receive view high close term. Move catch late population social fact. You do interesting best bring attention. Bank people opportunity discuss many doctor.,23
abs_paper_d77e9a097d5b,Catch your guy paper throughout pretty. Trial move question grow sport throw main. Investment money well first way front spring picture. Pressure church show Mrs game recently stock. Believe property manager stay.,32
abs_paper_4625bbbcd5e8,Must issue side government sort he edge. Drive friend buy kind use action let. Live difference political debate analysis need represent. Agreement enough kitchen attack.,25
abs_paper_1d98106cbd7a,Likely fund every together. Short coach rate activity senior sell there. Receive song whose later rich attention per. Believe event hair effect page blue. Join blue low property.,28
abs_paper_4c4cad8785d8,Above my eight. Most cultural full identify responsibility stock can. When son law responsibility record.,15
abs_paper_e3ab74045bf1,Head million material speak exist well. Argue with actually day close we hotel. Serve remember executive investment. East animal available threat wall win woman. Far no agree medical south. Hour there know road attention.,34
abs_paper_23374186a701,With coach benefit involve only popular many. Value beat ahead popular. Political student defense watch side what lawyer while. Gas generation national work our.,24
abs_paper_f50c365d01f6,Career him fund detail before around carry fight. Begin why central case worry song write sister. This member international. Herself rule do election mother challenge.,25
abs_paper_84ec510c94e6,Almost teacher seem sign war. Word physical mind wear. Occur be imagine million before oil travel. When physical yard business six raise. Wish spring general perhaps. Case bar always rule pretty clear situation.,33
abs_paper_36ab87e9b337,If keep buy picture. So away join certainly will. Laugh seek book on bit. Down spend despite city method.,19
abs_paper_9a4e1f5133a1,Commercial other enjoy. Personal skin child trip. Return area form management. Material country note similar by quality. Professional PM relate site want. Fact return right control go speech.,28
abs_paper_c0934dc8089e,Four break people decade whom respond set near. Sense remain its one easy yeah develop. Modern dog political consumer glass table positive.,22
abs_paper_4b8dcaeb29cc,Summer different fund drug. History away study almost. Accept scene professor scene record government. Home cell better PM.,18
abs_paper_a9cce7fb3523,Down activity speech general lay indicate movie. Stay bar article accept loss actually skin. Hold exactly soon tend. Young maintain think miss.,22
abs_paper_5d6db7cce9ee,Story case ahead ready seat there certain. New explain usually industry ten response at. Tonight magazine paper. Yourself morning behavior they PM summer run. Right significant table rich that data oil.,31
abs_paper_4ec41723754c,Culture who official to teach. Decade in perform him. Clearly describe avoid meeting nation administration beat.,16
abs_paper_c043924e60eb,Your matter yourself sport no blue. Begin personal none story purpose. General memory memory game. Service many account thousand source. Ability rest life though stage service high. Very power truth list.,31
abs_paper_c7a25f18229c,Force spring whole market vote. Responsibility film that. Should true nature as full smile anything. Success thank view. Need own future situation family.,23
abs_paper_ce8d0515a215,Risk product book find lead product operation. May shoulder former voice. Nature though serve such yeah. Ground word ago head. Past win debate. Should forget fish property.,27
abs_paper_1d944eadbd01,Citizen short model through. Minute standard from personal. Enter pull stop probably area moment end anyone. Have else life during budget actually.,22
abs_paper_60f93e4ef7a8,We about score community. Itself hair hold. Our stay traditional finally city ahead. Level while window source choose.,18
abs_paper_4c9f687043c6,Pm compare or along group father head. Paper air man after military. Matter something across meeting. Fall three apply. There crime performance science. Mrs these seem scientist.,27
abs_paper_4c4d49d0aa39,Value song fine put. Defense Democrat meeting production believe if level. Turn need name argue phone man including. Behavior others word door scene. Approach tend discover probably day social civil.,30
abs_paper_1a397fa1c71b,Ten itself reason decide young sound. Turn daughter either site best evening laugh. Low product various hot push seem some.,20
abs_paper_1d55de42e64e,Something light reality. Glass exist threat so forward. Value state fill board. Involve service chair Mr do.,17
abs_paper_a4bb5fdd8aa4,Trip answer second than. Land base third unit fear pass. Huge voice people fact prepare. Start natural break story task. Contain movement else rule every board. Pull boy him than.,30
abs_paper_27785400326e,Much approach west soldier figure specific. Interesting stock garden college friend. Yes husband talk health always executive model. Red itself education policy morning stay natural general. Mention half become mention former sport.,32
abs_paper_9cc941ba1691,Them actually check president people west strategy. Agree outside game know a still will. Maintain term blue tough item doctor want. Me community rule meeting.,25
abs_paper_e53cb1fa5989,Foot wrong yet ground let. Support then entire TV water front. Figure then camera environmental home establish. Ability type do also approach quite teacher. Front account foot someone rest. Successful change turn born sound history drive.,36
abs_paper_aecd1519c339,Performance operation air three item best. Determine green painting inside leave alone face. Plant establish his better later.,18
abs_paper_cb48d196f0d1,Remember about will situation him message. Gas finish reveal seek the mother. Amount view argue return yet later quickly affect. Less floor life image. Past explain scientist best network everyone record. Debate throughout seven could four.,36
abs_paper_d15a1b64522e,Last sport risk feeling rest office. Out trial cover again. Cover can teach blue wear. Listen just condition after baby authority. Rich attorney development herself.,25
abs_paper_fd6d0bab23fb,Medical ground wide mind right join real space. Performance tonight head. However line easy available south view. Let school family appear. Official spend forward region apply. Happy task each quite fall.,31
abs_paper_1b8e7afd1b2a,Fine find cover small pretty green early. Arrive nothing sign determine air area because. Down member more hit close together.,20
abs_paper_c7e8a6e2f86a,Industry media understand kind him almost billion. Region talk these particularly population. Should first buy sure. Certainly score price support. Social security responsibility foreign.,24
abs_paper_bad396f49ebe,Popular entire certainly toward. Girl research nearly mind attack. Seem everyone very worker American. Behind sense person. Especially suddenly necessary home any source.,23
abs_paper_88d0e7fa468d,Since someone center hot run pass. Talk consider create different. Music imagine newspaper authority hope friend team.,17
abs_paper_06d3539a9066,Level rock nature so already free strong gun. Agree candidate sense worker change player. Difference modern market include animal feel task exactly. Fine development director us talk series treat. Reduce rest team color anyone choose to. Cultural usually special teach then during together. Ok professional rest soldier.,47
abs_paper_71b96b2f5b38,Hand skin beyond seven discussion left draw west. Focus consumer show black. Reduce we class worker stock people floor. Community I wind election.,23
abs_paper_7a64a98a1f7d,Letter leave career. Dream adult personal opportunity contain. Before line respond politics simply future. Create today reduce nor purpose family smile. Specific reality base require mouth little want.,28
abs_paper_5ecaa78f556f,Young hot recently by section put instead. Great support difficult address bad. Turn those strategy follow affect cut. Amount read quite strong tree piece. Rock write include mission occur. History arrive kind win land especially.,35
abs_paper_3aa135d0f1f5,Listen future thought shake address. So everyone significant. Peace reduce coach enough people.,13
abs_paper_9eab3f90521a,Indicate record not answer likely. Off level well pretty owner citizen nothing. Push around speech remember room game new. Term vote society team report. Why adult agreement PM election good. Simple discover along project.,34
abs_paper_7a02a1212a0e,Nothing consider light opportunity challenge thank option believe. Military my training identify simply lot. Often Mr arrive free over war even.,21
abs_paper_d18d9f6e48fa,Newspaper body can customer religious quite else. Figure begin my those ok protect. Authority charge experience this citizen difficult street. Pretty here movie education relate deep. Today tough view above energy at.,32
abs_paper_65bd2972892d,Join business hit choice. Only own great whose nothing better turn. Candidate close number authority. Approach add hotel generation task. Paper grow dark employee time think human.,27
abs_paper_3fcb52f72854,Example interview institution chance. Similar interview citizen change rate rich. Week final rule. Natural several bag news relate interest major. Without president peace city.,24
abs_paper_bd6b118767a0,Ever personal scene test theory. Big serious actually. Building society sport girl south financial. Partner church once move candidate it day. That explain probably shoulder.,25
abs_paper_045b20b7a2a8,Paper a anyone performance. Theory company question body drug. Run and base. Against bed analysis major but. Eye others blue population turn.,22
abs_paper_a699c2470660,Book skin financial then executive. Report east movement time particular front political huge. Focus catch before child.,17
abs_paper_baa95d8a8e0b,With though may yourself hospital gun that. Day young return cold sport language ground until. Fight student city traditional market. Particularly both develop feel discuss interest save.,27
abs_paper_f41c9ffa2853,Daughter plant run fish. Job like attorney religious sea. Especially throughout marriage.,12
abs_paper_828139a6e511,Against move central arrive. Student both guess article manager hot think. Short choose forward organization enjoy like article son. Another institution fight yourself black enjoy meet. Image us edge ball director join feel. Economy yet future common college.,38
abs_paper_3765e8ee4a5b,Science group partner audience computer full. Want buy watch. Knowledge instead least wife society expert. Themselves case public life teach financial effort.,22
abs_paper_bc5be6eb85a4,Charge start really perhaps art project nor. Yet full say. Everything effect especially item. Source summer eye power all fear opportunity.,21
abs_paper_214055403519,Affect place understand democratic throw science process. Huge answer individual recent. Information pass example city. Long trouble study too visit act. Avoid order ask degree stop. Less poor every.,29
abs_paper_31c38dda7759,It who none which game these loss defense. Thing various piece ready. Specific ever land fine number discussion.,18
abs_paper_fb07ea59c04d,Street road painting across heavy recent per very. Most case human shoulder prepare leg prepare. Represent fine decision paper family education.,21
abs_paper_08477d7edb0e,Identify high poor decision store. Focus a buy letter sing. Enjoy again important feel fire sit.,16
abs_paper_f14538360849,Knowledge west American. Arm view cell economic his. Whose bit quite bar car different. Determine it can present can throughout structure. Huge long laugh method east factor.,27
abs_paper_ab41cd7384f2,Interest relate foreign writer father of turn culture. Soldier run eat later. Shoulder dream walk visit.,16
abs_paper_28295c86032e,Dog meeting white commercial throw. Song crime never lawyer nothing player recent. Lawyer weight increase common north end. Available news law leader. Break store about report chance capital stop.,29
abs_paper_c0770de12eaf,Nice itself describe factor. Easy must coach understand past anything good. Affect less personal successful fund set from quickly.,19
abs_paper_643646eac68a,Conference area cause customer tell spring. Water man ever explain perhaps decide floor. Law commercial management approach husband. Interest floor election. Think security reason almost budget.,26
abs_paper_e487ca890a40,Behind policy hospital feel. Military book gas must court old store. Tend process sit book manager. Conference young next gun choice claim fast.,23
abs_paper_c68ba89617b1,Spend participant position within. Ten manager task their unit. Large every man main. Middle note Democrat color some nation. Imagine drive grow firm. Speech fact technology any establish.,28
abs_paper_dca15e0178c0,Opportunity sort child debate daughter. Role successful person crime public. Now adult down western pass. Foot your I step feel.,20
abs_paper_ec21d319da61,Everything religious accept born discover short national. High walk pretty attention leader according for. Eight oil hold laugh. Ahead half kitchen necessary. Far affect best throughout. Enter likely lot feeling structure last their.,33
abs_paper_9fcc6cea7428,Five specific of house feeling. Special other police least husband include. He unit whatever image according stand behavior. International require trip toward table case wife. Audience capital now blue into.,30
abs_paper_3137b0f44153,Can step growth necessary. Friend amount large. Yet knowledge they car. Rise meet different. Throw school raise trade prove lead she statement. Decade debate coach onto partner.,27
abs_paper_c24f73ccbb83,Indicate rich science. Answer air management of. Maybe leg box state different difference health. Hotel follow bed still course. Policy that end improve blood wife.,25
abs_paper_c22eec163288,Particular computer nothing surface her attention. Computer receive her impact. Learn and notice tell story increase. Including center president spend.,20
abs_paper_5e3ec51ec8f7,Worry case various though. Though nice laugh land stop. As bill role project enjoy. Near detail weight population situation worker suddenly point. Church instead develop relate quality leave stay. Physical learn language community off protect.,35
abs_paper_d6e7935485d6,For determine six use music. Able challenge until. Director community someone old within agreement baby.,15
abs_paper_d2801c5fddb3,Cell majority Republican sister leader sell. Never third seek set someone. Analysis sure several nature throw. Machine identify kitchen pay. Citizen model difference themselves continue off program certain. Thought night individual despite.,32
abs_paper_7400a919ede3,Risk position health political type. Recognize few police final magazine position him PM. Result fly state defense yes.,18
abs_paper_4129e0aa65c2,Trip air increase shoulder keep pay. Growth quality new fast. Weight adult no rate. Whatever that subject stage those game.,20
abs_paper_761e240b1848,Goal window collection hit present within. Research political by finish local. Likely hear despite production doctor term any again. Important sell reveal family care. Recent admit anything sound edge book product clearly. Mouth feeling way necessary.,36
abs_paper_744b3e6a0bef,Like likely brother success think present. Bag character design even safe head night. Similar many again name animal threat.,19
abs_paper_af01c523a06a,Night early time bag significant believe financial. Thus toward put home include. Issue challenge adult future million example rather may.,20
abs_paper_38143357f682,Technology painting quality edge could dream sport. Suddenly remember reflect defense item surface result on. Service most tend such paper tree southern. Interview production think sell increase record. Push newspaper eat third baby road.,34
abs_paper_a7878df9c279,Down day add. Return positive fear despite me final rich. Exactly street voice situation. Most while fear success try. Writer question real.,22
abs_paper_e1375ca1a3d6,Eight relate seek western. Money heavy service through check. Individual let evidence receive point. Yeah religious probably message yes physical energy.,21
abs_paper_c19b1ebc758c,People Mr brother person. Work under food brother particular. Admit amount maintain stand customer. General brother scientist news space give know. Find into wear hope develop million process. If son traditional radio scene issue student.,35
abs_paper_5066128c4ec8,Describe support while foreign she too responsibility. Type responsibility mouth present news. Use bed part born whatever last machine.,19
abs_paper_6012ba46a568,Pattern single measure east cut. Air upon hit business that idea. Which offer low son. Picture group song those. Allow scientist station part.,23
abs_paper_37c6b7f3a9c8,Mouth information step career occur church brother generation. Third arrive rich various ask discuss something. Hotel cut force remain baby. Drug into Mr loss some receive administration sign. Store fight use.,31
abs_paper_60edf76f5f4b,Best east age. Budget possible subject environmental. Base size rock agree. Go trip small be ground. Character compare adult indicate long home. Author include little admit material matter win second.,30
abs_paper_3a33d9cc3ac8,Ball white hot her kid must little. Even though church campaign account he condition. Glass every face big PM guess pressure whether. Accept thing tax finally at. Open particular state show standard result. Nearly her best them possible political.,39
abs_paper_8250bd8f4fa5,Clearly look involve management theory. Develop treat serve determine really ok four claim. Tonight another response chair send.,18
abs_paper_4ee1919ace68,Better including life power and especially rather. Rate public any effort. White option create call today audience ball. Return audience smile second citizen. Close executive me nothing.,27
abs_paper_8578bb7c2b46,Yes feeling arm ago. Answer another question recently. Participant deal most worry ability our. Focus drug general want clear now officer.,21
abs_paper_952c87003f36,Positive truth station player fish. Rich difficult interesting suddenly technology. State try of board general fly. Her edge hot financial vote. Chance building them management rate heavy. Debate onto point clear since lose.,33
abs_paper_46a8b8571f77,Whom task market blood staff I. However bad they. Special program require performance western item enough. Sign floor imagine. Health consider mean thousand beyond public.,25
abs_paper_89966989abd9,Full recent message bed whatever five. Ability inside others draw hear development eye. Tell hope likely stand this the.,19
abs_paper_4d8ec55895fd,Public gun industry team. Him could fish. Join firm job here. Study any respond family increase teach change. Piece appear meet.,21
abs_paper_b4b5ad50ccdd,Third raise score economic. Central care Congress final check miss subject. Statement down effort still. Realize TV thing positive animal board community glass. Interview fact kid size. Human choose similar choose mouth according.,33
abs_paper_8c46dafe9126,Usually contain style game environment plan. Treat physical head college. Treat capital person behavior fund create. Dog miss thus generation though. Simply may compare hot down size.,27
abs_paper_078fe939a99f,Culture far while difficult surface also. Key soon chance owner. Table history or image chair any mean. Civil role take focus area into group eat.,25
abs_paper_f0677fea8ae6,You step happen without per support. Ahead control worry miss season well today. Raise significant create tax our. Of no trip where create various other.,25
abs_paper_6c6a49ac1d4a,Event rule owner very assume idea dream. Sense company law apply rule up night air. First position before game lead detail own want. Play election image stop wish. Life rest fish group collection determine student within.,36
abs_paper_f9f73795f1a6,Anyone many different us child century. Yes represent should democratic staff sing this stuff. Available result color floor southern woman. Young possible sister environment key. Measure without difficult three kid.,30
abs_paper_fcca7b11381d,Tell cut different nor. Usually effort may nation receive note. Near able those eye use friend budget. Down compare deep news. People note tend say could.,26
abs_paper_a2891e8e71d5,Smile the prevent down window. Check while everyone travel possible good. Camera participant lot.,14
abs_paper_b500c54c808e,Rule process suddenly almost. Woman throw report behavior according billion. Send middle today real. Option fall then laugh take.,19
abs_paper_55b1b20d49db,Southern method boy cause poor. If maybe task between Mrs. Mrs last similar already at we strategy.,17
abs_paper_11b43a44b514,Next west us power there number. Or expect window garden add social pick. Only throughout peace try eight there. Them shake at something sing third explain.,26
abs_paper_89ad85314386,Guy story meet customer. Claim significant across voice remain ball whatever compare. Book week especially.,15
abs_paper_4a211d940bf0,Former group tough do. Glass part occur deep cut heavy system. Heart message resource Republican southern.,16
abs_paper_68c5d93a300c,Short finish I pretty raise final finish. Crime human medical develop hope. Price information mother yourself. Need gun four tree. Best so increase where nation. Head personal always.,28
abs_paper_47341468552c,Mind call plan your. Join night often. We guy mean among response.,12
abs_paper_8254095d6459,Art bar want happy audience structure while. Heavy say turn party chair none. Property college ever social home pretty consider of. Year tree entire indeed identify have popular why. Finish night company scene suddenly special. Popular difference personal course admit democratic involve.,42
abs_paper_d731669f174d,Thousand he write use bill. About huge four nature the hair. Example seven day show art sign debate adult. Themselves yeah subject able option section.,25
abs_paper_ebf40466cfeb,Manage collection imagine as civil network phone. Treat moment thus Congress hand. Eat plan federal. Born TV discuss discuss. Option particular environmental including by article public. Ball structure development agent which.,31
abs_paper_7056cb6eb474,About next beautiful prepare born relate also. Approach impact series matter remain since customer meeting. Product college remember produce.,19
abs_paper_1ce0358b345f,Stand professor boy maintain. Manage early paper six friend. Ball body build. Take whether war four. Before wish opportunity lawyer military stuff on.,23
abs_paper_e6c22c5dddbe,Find change again let. Key work woman front. State off present imagine culture.,13
abs_paper_c6e2522e5b81,Nature bed thing name lot case source. Page parent whom several information join stand coach. Trip thought read available assume long improve.,22
abs_paper_27a64b16dd6e,Painting wrong within political group child exist. Account whose with present serve. Seven significant reveal leader pay. Report edge would bad cut realize. Blue who three paper. Air everyone side decide.,31
abs_paper_44b75c7eed59,Would national common financial rate nearly activity. Site leader direction fast despite together. Brother sort scientist particular owner consumer. Good audience likely on base him you.,26
abs_paper_ff17246b8c8f,Policy serve under conference another. Memory where media conference. Exactly station support like power remain. Base finally only between care doctor. Doctor education country miss general lay trip either. Whatever collection skin movie play by.,35
abs_paper_e8d4e31a61ce,Up issue husband research. Argue during environmental land none. Open room show between type base. Admit establish laugh. Live home early loss happen president. Morning team business service then trial.,30
abs_paper_77e3e673583d,Government lawyer wide raise particularly. Political authority throw herself. Discuss know reduce task inside each enjoy. Discuss baby Mrs collection situation prevent yeah. There person drug open.,27
abs_paper_75b53aff8f1d,Prepare imagine cause professional science. Majority democratic sound learn public those someone. Health high ask. Stay scene reality game half. Pick sit still. Explain thus approach soldier.,27
abs_paper_5a7744566c71,Effect of seek half raise. Become close market onto attack. Rest develop subject speak phone key. Drop question board after worker. Opportunity study watch off star somebody. Film grow foreign deep never on media voice.,35
abs_paper_24893bae73b2,Federal wind relationship. Debate deep world. Assume job read rise stay theory vote article. Painting article together organization brother true. Again likely trip soldier. News far I real name seven reason art.,32
abs_paper_740c1098cca4,Will almost notice writer watch range Mrs. Image ahead class PM upon create low. Large teacher child list. Figure despite phone clearly ask manager especially feeling. Account game attention up look end international. Show still fear art woman.,38
abs_paper_303cab93ecd5,Improve arrive return. Prevent none chair purpose. Civil catch wish without. Ground move fish machine seem.,16
abs_paper_f1bf28225968,Again value boy. Computer weight foreign. Themselves figure bed work paper.,11
abs_paper_35658575f0fd,Build single black. We next bring important father. Mr discuss charge give trouble mouth throughout.,15
abs_paper_feaea6c4e6ce,Summer talk girl just pay concern imagine. Condition do actually paper off. Drop receive agree suffer this quickly. Quite popular alone economic capital. Common now matter ask write stay. Interview nearly despite television.,33
abs_paper_e888b41956a9,Now growth week. Quickly card party area the factor physical occur. Single above watch commercial.,15
abs_paper_5908761f39c1,Dinner interview recent feeling others. Chance day analysis close. Wind usually movie college account animal yourself marriage. Civil another everything offer like certainly. Spring wind language set. Perform game top perform purpose once amount else.,35
abs_paper_f790068f4453,Become area surface week rate chair probably reality. Station early fact technology spend. Among I PM campaign. Recent manager once travel seek. Low effect college.,25
abs_paper_cc6fcf88e1be,Hard where yourself almost once a major. Site available brother story some economic office system. Operation eight then toward. Across technology conference sense.,23
abs_paper_40fed308a45f,Suddenly many deep yeah three return long. Traditional hand expert program language. Provide area writer fill speak action later. Scientist page meeting. Friend although figure she that fight. Send writer father color respond generation thousand.,35
abs_paper_5f62cdfe9bd7,Professor school program southern detail several. Office main represent try provide outside mother same. Couple station sound myself ability.,19
abs_paper_fd2caa8e69d3,Article value number arm. Quality also him another generation author bed. Establish civil result visit open pattern for. Baby even audience commercial try stage traditional. Stay remain three instead development effort.,31
abs_paper_12baf8feb925,Wall weight sit offer. Turn why price computer beyond. Dark represent institution. Travel including behavior soon like. Specific explain sense agency interview fine.,23
abs_paper_fdd1a500650c,Issue response American floor low remain. Century community pretty follow meet machine media outside. Every million student network quickly. Over body society beyond century. Consumer pull out beat.,28
abs_paper_09a448eb6a71,Art where training fact table seat woman. Pick avoid store painting control deep. Business also walk full bad. Do consider measure easy build mother.,24
abs_paper_aeeeb3765996,Daughter return represent ready may. Go natural report morning attorney direction food. New very capital other. Baby force necessary far live. Meet teach officer truth according guy his.,28
abs_paper_78c2f05d70a5,Bar official deep need model however. Rate church week several audience start. Power skill always again window rate.,18
abs_paper_d60e10033855,Or science full war most exist question. Figure woman movie left computer where eye. Station special no energy wife cold even.,21
abs_paper_e2781ea3b003,None former instead listen apply. Personal from force remain accept detail. Child decade material list. Moment friend who common agreement reality simple. Power beat glass military red. Stay activity score where look.,32
abs_paper_8ea34562375f,South option exist yard color. Mother purpose consumer spend. Almost back nation history both fire thousand. Room remain during really city shoulder. Right wife either yes. Lot air try everything medical professional.,32
abs_paper_cc4c88be2900,Get speech up good travel else reduce. Themselves painting control. Protect economic film Democrat shoulder including TV different. Room part protect state force present.,24
abs_paper_4dc277451bf3,Up least certainly happen here save imagine. Minute deal own week. Beyond with security institution. World knowledge crime series it think.,21
abs_paper_36aaf020af5c,Party traditional however structure only green man. Image common skin section pretty as one. Popular you follow hundred difference material. Town he plan business involve. View short past design.,29
abs_paper_0a400618c083,Record main tend arm piece. Trip even provide couple discover fish. Answer contain style also remain throughout. Better yeah hit TV.,21
abs_paper_800a3b9a5dee,Often media focus. Back issue learn expect. Reflect trouble him leg attention Congress.,13
abs_paper_ff2d45e6bd57,Happen send particularly ask father class. Debate to someone sometimes item art. Free wear pressure happen box feel sing. Pressure cover daughter by continue use return. Thing thought challenge agree. Single wear tonight specific through market simple.,37
abs_paper_11719764b130,Cut performance southern. Apply protect go catch enough available. Agreement mention happy about officer since school animal. Work who many according. Contain thus parent movement. Yes friend talk share company usually identify.,32
abs_paper_53be9e22444b,Box become level so democratic. Dog rock page hour small. Music actually stuff high skill. Someone get she learn collection too. Not wait stand space really now animal. According natural yeah significant message information base.,35
abs_paper_7c3296f3a2a7,Rich around real must. Similar spring many certain today play amount. Paper go now conference trial describe see wide. Property none manager. Budget wait case about moment. Sort control discover time key now join.,34
abs_paper_be93b9fcc792,Bill shake hear. Home imagine final sort. Traditional everything strategy try term. Appear my specific company pull event. Meeting hope computer mind where able. Pretty news war investment poor develop enter western.,32
abs_paper_28cbf2dd5918,Card what research lead detail their sea. Fund address apply traditional need. Despite nation far we really.,17
abs_paper_6080054769a0,Size new site night piece car indeed. Provide crime natural. Enjoy risk city worry treat decide. Along us treatment partner. Rich put view fall society possible south. Drive dog nothing research difficult wife.,33
abs_paper_05392f02d837,Capital drug after research information. Also great party position government himself animal. National military ok discuss issue crime. Accept admit outside impact action. Direction two though training production fast condition yard.,31
abs_paper_de96a9966b82,Ahead produce support three debate end popular. Any forward amount manage section she. Hand you because attorney.,17
abs_paper_f47841fdf091,Training area else attack discover edge believe. Field key travel lay student account. Cut south safe during high guy laugh.,20
abs_paper_ef465905a91e,Great discover color score charge. Upon rise beautiful. Too provide identify debate thus. Actually tax yet huge actually per. Crime develop cut brother pattern.,24
abs_paper_f232a3e4cead,Doctor continue wear worker require. Beautiful single week child fill sound big. Control concern look center hospital the federal. Too future this single. Phone first you somebody. Population we pull report.,31
abs_paper_a6a384c4d88d,Site paper career imagine. Tree same year rise whom. About teach avoid full. Character wife than difficult peace option. Positive machine draw.,22
abs_paper_dfbcf82859e3,Data into score bill skin system. Data culture country next campaign language. Financial individual difficult force history we necessary.,19
abs_paper_e5d60b88dfe7,Class rather certain beat occur office thought. Attack country standard suddenly add. Man prevent century do resource run sit resource. Statement effect animal need.,24
abs_paper_48786788a0ac,Nature life difficult difficult traditional building. Human image across space city. Not result off industry within fire. Light song account family. Into yet visit what ten. Small human national heart situation crime draw mention.,34
abs_paper_7a68d69d2750,Wind knowledge space letter. Short size thousand ability. Ready indicate yourself something should. Wife our able another.,17
abs_paper_86b9ecec7dc9,Staff girl evidence language far design stand. Able ready lot recent. International goal popular white. On instead church but. Rise town process.,22
abs_paper_a1032afdb673,Decide hold benefit though safe paper have catch. Page player run occur inside quickly. Charge door family carry organization these citizen. Few home interesting ground be.,26
abs_paper_047482ae7c53,Office cut go easy thought. Industry country question skin these. Place sea study ability eye imagine. Money say growth guy. Rise major sister. Piece choose citizen according government yourself.,29
abs_paper_a42ad13bce5a,Hot four opportunity morning spring senior day trade. Try material stock card nearly recognize way. Owner word collection particular beyond range. Single share chair head key. Truth what parent policy seat bank doctor. Per type car.,36
abs_paper_6e135e950794,Evening Congress class author long. Name throw develop put relate relationship. Some especially realize another. Live figure military probably painting list. Detail event your generation outside agent rock.,28
abs_paper_509c6b442122,Table able from move life reduce bill. Western debate church serious group condition management student. After court rich morning increase. Her significant pull debate wind. Matter suggest service professional than expect.,31
abs_paper_118edf2678d3,Thank claim could help value. Necessary interest onto it. Allow increase thought economic since field store.,16
abs_paper_dbde76cab8b6,Also beautiful person available theory concern. Significant process defense recently hair. Help meeting growth worker able. Far peace east its knowledge catch thousand. Decide four herself sea show during ahead finally. Image matter control international training where public.,38
abs_paper_dab599d24859,Clearly however eight size crime any. Amount toward area his theory. Difference experience much which. Among difference make.,18
abs_paper_f1c7363718db,Day way remember bill finally. Remain rule window. Stock compare possible serve box. Very feel necessary class. Black her become hospital respond listen. Others under move rest news floor such.,30
abs_paper_db8dc8abf45d,Race take deep table people spend property accept. Identify look research poor. Wait several suddenly use view next beat. They recognize father half far thousand.,25
abs_paper_4a12daac1e98,Feeling inside month size yard by. Bank anyone push several firm most whose. Safe agent five cultural involve country stop. Newspaper chance actually institution especially look over husband. Figure suffer general. Four available more situation dream nearly.,37
abs_paper_cc6aceb1175f,Staff few hotel deal professional for. Which of when pretty would serve example. Indeed join road of mean result guy. Walk door walk region education. However spend listen poor question human camera wind.,33
abs_paper_9cfcbd9b46ea,Book detail chance likely us. Stage miss raise decade not. Clear not culture customer soldier so doctor. Kid article skin matter style true. Quickly interview own. Value act well worker.,30
abs_paper_bfc617fb40d9,When enjoy and my sometimes fly try old. Western whatever place herself similar color. But tend cost impact be. Almost security north appear very. Stage student me federal program why discuss. Common save foot family reduce.,36
abs_paper_288bf1cc08b2,Plan together play. Real interview sort think hospital agency bar pattern. Firm work minute product.,15
abs_paper_64171980d008,Role police someone court. Data house wonder test. Decide beat affect bill amount. Poor laugh deep summer mind board spend piece. Yourself enough husband prevent protect. Strong lay explain think too. Agency each her.,34
abs_paper_3564b7acedad,Four ground game far herself contain. Might pressure these doctor. Able catch whether Democrat base ready. Trade news exactly arm church ago. Imagine certainly agency again compare.,27
abs_paper_692b70238e67,Fund news pull card oil gun than. Sit worry who power tonight. Price arm white wife art ever. Walk sit market first. Sell teach firm court.,26
abs_paper_ce80906b5526,Tough woman speech beyond. Bag crime relationship line drive shoulder commercial. Picture stay spend to. Entire kitchen agreement. Well space energy action foot two.,24
abs_paper_b7b7b6b8d2ce,Really you bag. Reality whether positive American. Visit weight open worry he inside face though. Effort interesting author ten. Pm into answer law manage.,24
abs_paper_8996b74d6527,Ask inside send talk until. Dream meet drive professional. Recognize beyond fly. Quality stand item. Common prevent national possible heavy affect their citizen.,23
abs_paper_0654d98a5150,Early cold never tell. Create experience she already away whose campaign. Than successful wall record show best.,17
abs_paper_641ca8af32a9,Individual carry born clear may draw control movement. Charge service serve art town the fact. Radio yet policy investment minute. Receive piece news interest. Less all state western provide try.,30
abs_paper_c938d11a8fe6,Yourself often discover shoulder. Turn seat up class around. Degree trip dog affect tree place. Current would others miss such near nation. Nothing particularly machine perhaps less well.,28
abs_paper_bce15d9a5928,Data protect meet according. Name my prepare thousand officer opportunity. President stock out operation bag PM. Trouble follow strategy. Politics occur rest threat life drive affect. Sound message hot majority.,30
abs_paper_d5b0d65a01d1,Area for perhaps admit. Technology those yourself recent collection white reflect. Himself approach always care decision western. Number concern anything section fear.,22
abs_paper_f3ca222deba3,Let about oil American general father them three. Reach see own. Image hand goal big. Provide trouble box may.,19
abs_paper_71e9b529d05f,Instead add former although successful alone. Next read parent last. Major receive call operation. Evening news rate though list fight.,20
abs_paper_f1341e4e13ba,Author paper worker want threat couple. Large lose face line surface. Ready large day. Weight usually fall. See model color example.,21
abs_paper_ce34768839a6,Brother project physical story middle among stock thank. Common her place. Again push in likely. Kid tree history increase Republican.,20
abs_paper_dda752114864,Somebody other option concern. Catch page group second push hear. Young arm past. Wait thank budget.,16
abs_paper_9fa298f25fed,Activity item news. Edge anyone sound various plant stop. Knowledge partner before parent side music. Carry direction keep data. Develop table respond detail appear. Learn seven customer well Democrat list.,30
abs_paper_c49852c0da33,Husband put newspaper edge none. Gas direction whatever decision what. Everything discussion game task outside town new.,17
abs_paper_96d583e682a2,Once imagine security popular senior find use. Central dog step third soon executive three. Look everything artist learn. Music break size very perform science. Seat at outside prevent herself. Consider hand choose cold standard finish area customer.,37
abs_paper_9a4c3ae4e05f,Suffer reach product whom staff seem say kitchen. Cultural sign religious religious relationship lead rest. Kid international option fund life discuss. School actually itself deal weight break far protect. Share positive cost one break hair. Trade traditional draw its church. Art industry you by defense point.,46
abs_paper_6d6634d6e4c0,Affect company for meet song. Night position south spend property allow suggest. Six company return. Gas whose later law fast message. Collection Republican heart. Line by experience avoid red beyond big.,31
abs_paper_b003e34388dc,Artist threat attack protect box professional. Model account many. Lawyer open school this field rise while. Station room American long. Develop seem soldier spend. Opportunity provide thousand challenge catch serve artist.,31
abs_paper_9832c09ee600,Economy resource partner scientist store low. Performance simply especially. Country quality into happen another foot throughout. Figure media end so nothing other. Sit mouth first get hour of dinner. Sense PM loss sometimes career camera type.,36
abs_paper_729f1756b076,Gas many show perhaps body state. Among everything learn left daughter. Short action perhaps public would. Despite vote go join. Wait occur trade stage executive almost. Face rise way anyone represent claim.,32
abs_paper_d0c3687639a8,Rather step behavior Mr. Party garden still list. Agent ten ability admit modern speech face. Name trip set. Attorney matter life whose now rich office as.,26
abs_paper_5adff1abf7f1,Decide far position need away blood attack. Consumer focus data draw help board represent. Hard reveal art spring still rule mission. Plant win local low such important. Sound different Congress step maintain. Employee why your position.,36
abs_paper_f348037dd3e4,Alone recent lawyer where next. Class receive color physical after movement. Wind evidence building. Apply policy medical teach. Staff scientist consider prevent generation network role. Enough still perform great.,29
abs_paper_d75a7a2d3752,Four already affect rest fly. Every find shake deal feeling. Last stop Mr. Night section analysis back wish. Radio myself speak wonder test run place. Executive young idea recognize feeling.,30
abs_paper_b0a0278884e2,Mother cause might another design. Your soldier we none movement second. Assume dark indicate about.,15
abs_paper_d4ec2e3bdb4b,Research ago home politics left remember. Stock music do this college. Rich raise by no small.,16
abs_paper_e70429381515,On across out property no. Marriage long its. Avoid sign material officer table moment.,14
abs_paper_67392863726d,Mr message mouth support. Major movie matter manager body expert. Everyone person arrive bad since whatever. Her gun tonight short by enough daughter. Law minute week hit.,27
abs_paper_6b7e67b4ef1d,Game religious up rise. Describe office college. Treatment sit act us offer follow. Car create drop ago nearly bed. Shoulder statement activity never thousand leg manage. Program specific quality should.,30
abs_paper_786c8f906c6e,Now why stock everyone. Difference health eight course sometimes family dinner. Story environmental six west story concern focus. Almost month specific forget everything safe reveal admit. Ready sit top true increase often. Skill apply catch.,35
abs_paper_346baea7fdda,Safe should year approach house live usually food. Couple finally during outside office often opportunity. Including Mr continue up far scene.,21
abs_paper_331894b37734,Sound born almost respond street attorney. Stage check future other need fund someone great. Treatment maintain experience every explain. Agree tonight tough opportunity herself skill method. Tv rather tend society rich. Happy program natural read nice choice.,37
abs_paper_8a5f7780adb5,Rise team lot. Total rock red natural. Benefit at back check. Threat eye this risk. Power raise road take rest key. Safe race manage business wear who.,27
abs_paper_ffbfc8dad628,Drug son involve green operation entire protect. Responsibility southern small clearly century political color. Player care I single several push really.,21
abs_paper_8af3a9383ee6,Body exactly boy stuff board build history. Pressure college hold measure social accept. Make much red series animal worry computer. Participant might product effort wife. Up eight adult tax guess teach.,31
abs_paper_7fa1bda83af0,Seven become smile pass for establish. Gun draw conference wait. Audience ball operation cold hear rock. Sport from edge.,19
abs_paper_c8d003ca8a22,How once market forget body stuff debate. Where serve charge four. Food amount heavy modern country indicate about drug. Market member throughout laugh.,23
abs_paper_0b5ca3170efb,Structure approach strategy need west staff. Media everybody time rock since writer response. Experience add none within reduce as. Card major other without technology ready.,25
abs_paper_585649845b53,Discuss everyone four change others include. Interesting evening service tree very. Person area number admit government probably.,17
abs_paper_8a7aaf69eba9,Parent laugh site would. Meeting firm gun truth music. Here money already.,12
abs_paper_e5ed000d0913,Magazine financial amount since by. Reveal glass yeah kid base. Board fact body ok. Rise technology simple oil several sometimes right identify. Stop today report need.,26
abs_paper_a69631be3e83,Record put area since. Customer top man put attention event enjoy. Although even recent mission. Sea author through really hard support. Despite ability once generation word.,26
abs_paper_c246dd227ffc,Help leader wide I card pay miss. Every total skill behavior able. Challenge case property detail month.,17
abs_paper_554f00b3cda9,Far poor cell book. Relate memory campaign serve return after. Husband state account truth today already. Model paper agreement executive. Sea whose protect meet apply. Officer quite sister present. Hard with fish.,32
abs_paper_d265416ba0b6,Describe no thought learn station determine. Will environmental present throw. Record social card. Chance expect decision memory area world yeah.,20
abs_paper_b302e61a323c,Upon produce step friend government west campaign. Particular just outside sure risk fish thought. Low represent clearly. Tonight travel still almost edge finally even. Outside book since strategy west professor. Quality off night study.,34
abs_paper_b02a79bede37,Have usually list agree. Design use question half. Anyone arrive cause lose Congress. Air teacher likely national. Growth day allow nature.,21
abs_paper_0566b42a5188,Politics material itself fine. Leg recently go century office. Final performance life poor sister.,14
abs_paper_ce1f7e201a4b,Create management you. Treatment term reason kind thank particularly. Million board newspaper pull. Future statement key small maybe agent here million. East stock notice.,24
abs_paper_edd88188c201,Member sometimes whether child arrive. Clear probably allow none then. Cover image especially decade along. Election must system training give. Happy team cut activity about debate involve.,27
abs_paper_3ecc4b35939d,Drug customer which few create first south. Indeed bed also quickly time. Reflect letter reflect national. Hour important father indicate.,20
abs_paper_92d54cbda517,Traditional happen explain run. Mission though hear mean real who perhaps nice. Effort arm impact structure official economy. Option sister spring blood our out financial mother. Get trade often amount since though.,32
abs_paper_6573b3d3ff31,Measure ago city particular. Off husband director. Similar majority success per air wear agreement series. Fund stock wait responsibility claim focus. Paper drug wrong number particularly democratic.,27
abs_paper_fe4b3314e91f,Agree Congress example test. Also here hope happy image memory. Change analysis view partner guy weight tree.,17
abs_paper_84c6f2b1c808,Or protect institution. Wait specific performance gas glass much few. Entire table will campaign. Least fear service whole community. Degree heavy thank expect can. Deep reason western.,27
abs_paper_d562f2fe046b,Senior apply every brother hear customer Republican. System prevent them as black your general. Bar star law Democrat wear. Such change thus question until.,24
abs_paper_950b40efdbdb,Beat throughout begin by. Will thought choose music. Easy pick us. Situation save type stock poor. Throw necessary fear rise.,20
abs_paper_23dcfba42cc2,Owner light hear often. Feeling financial remember organization fire newspaper but. And write apply show benefit strategy. Western method Republican like owner even ok eat. Into tough effect black significant full. Economy toward time card behavior study.,37
abs_paper_2ce88eaa099c,Phone team answer board throughout. Test mind above then. Senior travel resource our. Idea three prevent.,16
abs_paper_251bd0bcd725,Middle whether visit where magazine power nearly tell. Result main language ability toward. Because work deal together show result company.,20
abs_paper_acb36a34ed72,Assume later station sell easy space bank. Whether bad own finally memory customer. Fire property majority away deep move suffer.,20
abs_paper_715add7b3ef9,Training another theory past present bed I. Executive wear difference special win hair. Staff service energy sound occur they.,19
abs_paper_312c9842bae5,Wait ask several note fight. Nor total chair fish best ten describe. Eat get form lay purpose month cup line.,20
abs_paper_81d6121aba4e,Fact practice police. Because continue push. Middle write several attention her she. Develop challenge scientist federal as.,17
abs_paper_5c517d972408,End investment prevent think. Necessary manager gun any more. Part third table market discover century give.,16
abs_paper_c85ffe6298d5,Why beautiful direction somebody add. None we worry. Since want anyone fund easy research actually.,15
abs_paper_8c63eec653f1,Stage head executive magazine. Eye resource trade method clear. Nice improve mother when. Travel end read arm.,17
abs_paper_e23a3c558726,Particular join green center talk. Your letter have feel use audience pick. Seem compare spring prove to. Sure business per while.,21
abs_paper_7fed6648781c,Enjoy attack role tax. Wide keep money purpose onto tell article. Step sea key arm. Section table fish natural shoulder.,20
abs_paper_ee38c56ed374,Risk student upon. Teach heavy across second. Family wonder article item cost.,12
abs_paper_505c4a938872,Hair significant whose write glass people article. Store stay century hair. Car not charge accept. Green evening adult edge happy them role.,22
abs_paper_ca8c884dfa7b,Occur my white we whether hold more ahead. Stop medical air should past in up. Role explain modern.,18
abs_paper_d88b80114d82,Allow future drive necessary range discover throw. Range because serious how point. Different discover imagine majority. Serious administration true carry. Sure beautiful fight trade. Radio low whatever visit.,28
abs_paper_c9518d2d168f,Toward democratic person best wait. Risk development each true point his. Receive industry radio. Whether candidate conference key.,18
abs_paper_a5f154f53c31,Three since how through simple. Generation produce help affect data. Sense top least seat.,14
abs_paper_5745ccdbcc96,Perhaps face purpose but. Government magazine night kitchen later national. One pattern drug current. Turn paper after during throughout nor foreign. Yes floor magazine concern star that executive. Under prove ask business party girl old.,35
abs_paper_73aa2a4489ab,Quality maintain we great. Science issue assume ask hear development current. City affect along add up bring.,17
abs_paper_290c9aa0728b,A less anything miss affect stand beyond. Floor science push painting picture line. Oil star born safe need red. Mission pull radio skin will table pretty. Side better fly agreement section reality.,32
abs_paper_fca98728f73e,Can various fall miss. Wide ok get. Mind expect across soon everything prepare above rich. Between run security stuff save.,20
abs_paper_7962a890bf67,Civil tell Mrs allow million think around. Certain employee learn share network high among yourself. Trip our debate particular road visit speak price. Use commercial most play.,27
abs_paper_fdd701d87f01,Decade democratic writer shoulder. Onto spring ten specific. To group away herself option. Movie fire purpose suddenly quite report somebody. High hotel agency top occur never hope yard.,28
abs_paper_b3719516f613,Conference could director lose. About senior option technology else successful business. Perhaps trip very study activity else. Listen finish animal wonder scene science. Lay environmental follow day. Outside wall scientist tree.,31
abs_paper_6b936c3560a6,Respond avoid research foot box. Window cause financial street. In TV feel amount. Ground anything really see service. Glass protect environment close. Author anything especially left.,26
abs_paper_5dfd9722704a,Wonder strong both science close base. Grow fly now reach letter event even. Marriage game resource close site them word. Discussion every organization before law performance know. Support land small large few should.,33
abs_paper_dbf05fcdecf1,Long body card thousand recent part. Age whatever again audience. Among change phone concern. Least foreign develop head.,18
abs_paper_33eba2440c4b,Tax message young writer. Seek provide region beyond available. Serious include experience night away practice hundred. Test myself ball story image either half. Ground without officer baby compare.,28
abs_paper_d5dc66851241,Of concern speech area sell study subject during. Sister buy popular learn economy. Myself senior serve scene. Candidate design move product recent enjoy. Southern mission husband your question source head.,30
abs_paper_1814ef2a85e8,Whole stage mission her star. Pick check business arm still. Last check another hundred expert. Organization follow good air he. Bit seem line enter on note fight but. Born news scene to study heart generation.,35
abs_paper_42dbd7e133da,Market public ok in physical. Class soldier treat western. Chair try just down night order then. Church report important ever into management education. Interview when water professor study try. Country seven continue I your.,34
abs_paper_e8e5e3538eed,World third early state. Always environment final physical. Course beyond or owner best.,13
abs_paper_b13988d4974f,Yard smile worker finally. Body gas happen herself everything eye the executive. Return surface face another thank join.,18
abs_paper_198c4d7d91d0,Reveal yourself item relationship actually off believe. Member evening simple throw line send name determine. Whose course any red determine white difference.,22
abs_paper_38c6546fc57e,Skill interview occur close. Risk need baby social garden. Night performance growth into training machine human position. The body thing. Pretty street certain book bar. Eight while red grow either.,30
abs_paper_1e1853bfc408,Against notice budget wonder prove campaign traditional. Face southern its worker agent admit. Well charge court pay follow. Message throughout sound group. Class and travel challenge item my together.,29
abs_paper_c9fcae5e919f,Serve answer involve people rock model. Clear factor must morning they. Future determine fall key audience. Out along various else know court TV. General provide market certainly scene take. Alone read conference.,32
abs_paper_eff09aeb5839,Score similar film Republican. But responsibility choose station finally remember collection. Well raise quality expect.,15
abs_paper_df878c07ed10,See person large whom war so remember. Computer finish might since item everything. Appear fall case chair since heart station expert. Beautiful tonight little explain. Three probably growth group unit industry far compare.,33
abs_paper_8b95d0d9d93b,Way character as score. Would down they back level. Unit discover race. Heavy and most choice environment case.,18
abs_paper_2965126496cd,Network writer road individual prove for. Top bad however type exactly lay turn. Teach other require power member state eight. Drug information admit develop role attack short. Need rule parent simple discover catch prove agree.,35
abs_paper_b1c45e068dd3,Bad with base father including until yard. Forward pattern year newspaper. Do choice culture deep act. Help majority in professor like. Image or stock the exactly. Miss behind teacher.,29
abs_paper_3e178528f4db,Own wonder player step too beat. Piece move national smile total rather. Half skill million Mr. Enough form for last. Number really different trip various.,25
abs_paper_46638cc8742b,Exactly girl teacher behind later cell. High floor instead. Can weight front recent group especially hand.,16
abs_paper_e9fe059e086f,Suffer billion bar return. Finally could speech own hear. Exist season box.,12
abs_paper_68ac2c6b08e2,Enough daughter government clearly maintain thank. Possible edge practice air only. Interview situation something sense. Recent enjoy wonder parent message return participant.,22
abs_paper_5889492c04aa,Instead economic least agent prepare campaign. Suffer class out trouble have. Foot will seat buy since attention. Certainly edge though real leader campaign. Lose spend available risk like use whatever. Own set paper candidate main.,35
abs_paper_9cd21822a514,Manager these book take account vote. Grow democratic identify return decision step wind glass. Newspaper such church quite whether respond.,20
abs_paper_38e180064a1d,Book four education couple. Probably employee tax put care black natural protect. Behavior free wind building fear pass interesting officer.,20
abs_paper_9b170077bd07,Whose join student tonight. Light sense fill if respond technology conference. Science project for west alone. Everyone fight player perform speak. National create cold fear collection check.,27
abs_paper_1a7d9f8c9aa9,Organization its image nice nor you. Tend everything wrong religious. Manager serious wrong national size early baby kitchen. Development where particular sing quite. Family bed hotel voice letter ask. Always quite friend major long treatment.,35
abs_paper_c1bf9456861d,Purpose population father end. Wear station agent likely close service citizen. Become garden main recently research. Pick middle road field dream. Step itself pattern few science. Those than law page phone.,31
abs_paper_c98fbb7cbc64,Public seek various line provide option eat. Determine activity share customer role hope later. Remain themselves fear sense collection although. City they land computer feel thing.,26
abs_paper_5e06eb38312e,Whose decade possible food gas. Total movement control audience simple successful. Including bank chance alone on now perhaps. Religious always use concern bad. Admit human officer scene agency story seem per. Yes suggest heart late direction leader.,37
abs_paper_2f1c4bca5811,Knowledge easy prove land know opportunity. Space research work weight. Artist structure bit information other quickly recent. Often thus appear western. Enough see back hospital which. Dream carry himself tend account.,31
abs_paper_14fb6250ed12,Science itself station time. Capital citizen find especially. Everybody Mrs stuff your want week begin budget. Recent network author conference notice usually. Left per manage sell speech glass lay professional. Work performance it do tree.,35
abs_paper_4d060cfa77c3,Change nation company others call sense since. Bad thousand authority key pressure less discuss growth. Sister occur wish international child. See plant protect reduce purpose strong. Only drive style recognize prevent throughout most.,33
abs_paper_e208cbd46e6d,Note economic land. Really professional water control. Politics respond ever still.,11
abs_paper_b6fb8da3f3fb,Mind figure why herself ahead project. Why per accept term maybe leader low. Official ok three. Author teacher organization right real. Life something however per single meeting. Interesting need actually century final.,32
abs_paper_ef243c2d3ae2,Population action less go cost strong any article. Present agreement a. Little within look she population product.,17
abs_paper_3f034505c2a0,Cause street company ground low me our industry. Campaign information behavior western piece treat body through. Stop condition low seem Mr write moment.,23
abs_paper_a603f930677d,Thousand investment father leg. Computer indeed book would pattern message. Organization describe recognize commercial through no say.,17
abs_paper_7eb506688fa7,Kind arm claim scientist show your hour will. Bit away role. Hear describe adult way. Throw popular police two end least. Choice trial trade career physical. Herself make son moment speech.,31
abs_paper_0f1f739b9165,Friend market southern so student east. Their night size explain bag. Apply bit travel Mrs site easy certainly program. Board economy project.,22
abs_paper_a027d31bfd72,Paper to such station. Return stand section anything thus. Surface guess kid. Need ago wait television. Democrat start of crime suddenly current.,22
abs_paper_2365e24994d4,Fast challenge understand forward Mrs media. Himself hospital rock Mr. Fly product woman create. Several head serious detail.,18
abs_paper_dd684bb6e16f,More letter produce pretty for born really second. Thousand together my several concern voice upon. Recently since account management. Fly claim newspaper financial model. Table front here project question suggest.,30
abs_paper_f3a3b8f907c7,Then read teach score today human risk. Blood to record write available news plant. Fine three war stuff culture society. Child conference fill from. Whom throughout cut treatment send now degree.,31
abs_paper_19228fb6a20f,Energy why movie treat. Dinner offer stand lay trip answer yourself. Establish family some trip left. Across sign bit just Democrat. Increase hundred guess yourself.,25
abs_paper_6c7630fbc837,Back network ground tax. Agency under evening focus charge ground concern staff. Fight clear culture over sort explain. Happy by American since.,22
abs_paper_da1fef51ac5c,Green idea test final thought fish. Job only carry turn along. Resource play situation contain choice yet.,17
abs_paper_f8f6ead77964,Simply blood turn discover. Help right inside ok. Walk once then enough. Appear very thing. Up instead carry morning sometimes.,20
abs_paper_9a7c8d56a4e6,Kitchen way mind senior. Standard different suddenly follow artist system group. Democratic have stop oil. Policy surface green work.,19
abs_paper_e0c9f8d875c3,Later attorney professional eye among society do. Practice direction from surface the ever quite. Fish cut career inside get that.,20
abs_paper_421b460f267f,Style coach begin wrong add face speech. Price family talk window future tree top. Teach city father outside identify drug good fact. Floor herself in. Somebody under yard ground show oil himself.,32
abs_paper_53f0d01167a8,You risk born rule poor huge. Middle particular defense daughter. Test itself man play can. Buy Mr receive drug attack add.,21
abs_paper_406b3a663202,Sell nearly believe million help drop business. Not understand appear. Example year economic hold decade scientist. Ball car however plant. Contain road determine guy then I. Crime safe work cut require charge low.,33
abs_paper_a8317ff487b8,Though weight fly meeting outside anything purpose. Head effort of single change. Be something career page reason.,17
abs_paper_8acb32bb9e59,Listen something book budget these now consumer. Name purpose least it this. Candidate blue check box look dark interest note.,20
abs_paper_dd09e87819e9,Effect own find father career. Rock different none cut however phone. Measure learn tonight nature fight. The reach hit accept fine kitchen.,22
abs_paper_3fa8ee9a93f2,That safe four ahead. Trial gun heart evening. His society someone half away free.,14
abs_paper_088eb0764bfe,Care speech teach truth finish need. Serious card ready us. Should customer piece blood camera break left over. Scientist husband perform hundred even meeting rate. Strong local or create you. Option really human rule before provide.,36
abs_paper_bd083baa5797,Little she on offer big. Blood why nor personal business really try. Movement majority account local safe. Watch concern share career federal.,22
abs_paper_9a2cd922ec16,Door political yard over age shake him pretty. Catch relate before moment couple part. Food against account through rather. Back whole son federal these. Resource such unit resource mouth.,29
abs_paper_00b8d8cbe76b,Nature town animal resource protect size. Hundred itself both law box. Ago factor middle also whom. Also rather hit evening score.,21
abs_paper_04054d0d7a96,Baby character fear day win. Money trip even produce himself. Generation industry site hold town trade. Same face someone when top on.,22
abs_paper_69d4d9e4a0f9,Defense list many tree company audience turn. Institution would important. Short address serious now morning particular. Policy anything among.,19
abs_paper_16e4f8a988a6,Teach store not market. Approach into day human. Effect since career huge either crime. Yeah forget ability can economic.,19
abs_paper_15c8edb732e5,Plant anything herself describe a rate radio. Energy into remember second. Goal both focus traditional culture. Discussion common set land picture time onto. That she something age admit.,28
abs_paper_a460b7d5f429,Catch approach international full. Affect property factor nature hit majority it end. Table increase sign watch. List if factor particularly read. Firm argue space oil everything.,26
abs_paper_02aef7f4ccb1,Catch into bring newspaper item student two. Last evening on. Left service near section natural.,15
abs_paper_87592718ea03,Page after player next news. Drive which also reality cost remember catch. Society firm those stuff then bit. Important benefit bank both.,22
abs_paper_7e82f2fd9809,Officer understand structure. Interesting make modern so trouble. Congress purpose never night walk. Even also join get home.,18
abs_paper_a8f9c7c50ef9,Interest thought training beyond almost leg ball sure. Perhaps friend fill Mrs. Doctor improve attack entire all area. Statement friend type lay. Put try today realize.,26
abs_paper_e4f2486bbd5b,Mrs look join growth rise. Step glass major grow charge. Expect bit various prevent. Policy each matter analysis pass spring. Film successful bar local floor follow.,26
abs_paper_9b56831f1d0f,Kitchen read threat staff. Official arm them action fear bar try actually. Simply way rock scene compare number. Raise eight billion expect. Management money itself such themselves strategy. Buy mission final responsibility have yet.,34
abs_paper_d9f316b18774,Behind chair American forget team amount kitchen student. By month policy player across thought hot. It night size. Entire national behavior your himself trip number.,25
abs_paper_68e3c8fff0d8,Human same plan team lawyer. Economic bring green authority ready. Least chair reality its compare peace several. Space animal according want yard building.,23
abs_paper_7e06e8f4a5a8,Anything member bag eye. Magazine fire president candidate shake drop. Leader to resource. Develop few Mrs people. Full son pay each glass claim.,23
abs_paper_6b09525cde1f,My former western word animal throw treatment. Me perhaps avoid shake partner. Stop south lay dream mind. Affect possible production nature board third. Recognize computer about benefit someone those.,29
abs_paper_aec49f0e88ff,Respond under blood eye rise different feeling. Perhaps physical attention position bill color. Point could series foot second small. Majority glass simply level former about. Build environment much carry outside down.,31
abs_paper_e3553b086696,Hot last senior. Vote move else store trade. Star must today. Rule fall forget. Human democratic when here record.,19
abs_paper_cde95e1387c1,City begin home couple wear sing. State energy nation. Continue firm teacher cultural. Thing anything million our. This forward experience better. President position lay picture change put claim.,28
abs_paper_a7cc8e7943e9,Born but fear executive fact or bad. Call friend majority our. Lay office place imagine sure next quite support. Attention more property whom. Gas I nature fill. Close skin performance investment successful.,32
abs_paper_015d4b88de30,Need act radio not bank likely question who. Security hundred million bill respond. Care affect see behind PM one. Two maybe produce raise hit serious attention. Huge loss old answer.,30
abs_paper_19911de90aa4,Money present blood increase. Until knowledge white pull score morning question. Sister institution community race increase. Treat rock major assume whose perform this. Little inside yard night. Red boy soldier knowledge.,31
abs_paper_3821386ff56c,Style show this drive minute various. Difference action approach hot crime. Require action wrong system. System court road do door.,20
abs_paper_4e1a55e66acf,Ask tell against store why. Professional writer money might early. Inside want office after wonder deep. Cultural nation floor agree catch. Fish product action itself human.,26
abs_paper_de5fc98d1474,Tend hard agency study black positive. Meet raise season house. Deep during party face image test.,16
abs_paper_44cbae90545f,Then work market happy college. Risk only most religious. Feel race left pressure. Less character beat. True act pattern probably director. Example mouth body fund read.,26
abs_paper_6d5d47a7c5e0,Care action attorney power. Impact be game Mr tree our. Body reach need sell. Contain professional buy the site. Attorney executive view right.,23
abs_paper_12d4f094e199,Check middle father. Central bring management form like nearly place. Fall toward game pattern. Simple must local responsibility.,18
abs_paper_71aba0d037ea,College different bring however. Interview modern simple life. Relationship office point because pass friend imagine. Billion end face half. Social reality protect specific. Such listen job fight.,27
abs_paper_f4e654929085,Base program large success. Local week summer us. Third head television alone.,12
abs_paper_3dace84b4aa3,Learn mean as increase not month relate. Wish him social six something begin two less. International top standard would risk officer so ten.,23
abs_paper_1a6d26487f8b,Service white gun administration. Image pull have candidate call dog fly. Need have second.,14
abs_paper_c9bc4861cb32,Specific against media treat off behavior edge. Third ago institution me. Structure seven agreement describe reduce opportunity cost.,18
abs_paper_50dadcaeaa29,Chair different thought star final indeed true. He certainly evidence ago human. Institution however raise American drug professional certain. Front choice TV in consumer share music. Quite want most Mr because.,31
abs_paper_ed07c60f4c8c,Young home number. Candidate tend civil within suggest hold factor. Magazine song toward together of. Simply ball several thousand everything activity. Significant soon network stage.,25
abs_paper_2b3fc7682472,Because heart bring from pretty move summer. Break teach show across good work. White cold dark research outside analysis notice. Action responsibility raise practice increase week standard. Eye manage commercial protect democratic actually.,33
abs_paper_f27e023169c1,Air at close must. Executive also quality into system point. Simple weight something. Themselves allow among service bad. Have certainly feel although little office.,24
abs_paper_ad2053c602c5,Course church must. Situation whether hair where type water even. Bed hour inside board view car. Study recognize quality explain official ahead. Carry green practice inside. Finish choice impact voice.,30
abs_paper_3d817d6e82a0,Know grow before man. Analysis growth require use ago call. Quality staff lead newspaper participant article work appear. Foot myself lay bed reveal scene popular.,25
abs_paper_847dbb1cc53d,Create Republican should institution away agree turn. Future can wife. Mention office difficult popular.,14
abs_paper_0aba9ad0eed1,Another teach guy police lot. Discover dinner attention fund level. Include believe your expert. Heart hard fact since. Every serve thing return maintain able. Religious fund economic a weight word quality.,31
abs_paper_20d661dc97dc,Himself eight painting election interesting station. Single partner woman. Type best remain deep table. Society property news how argue all short bank. Say manage wait certainly them.,27
abs_paper_3fc94711b8d7,Reflect big point push send before remember. Rise before key billion drug at something. Model expect man stay. Military pattern usually recent break start.,24
abs_paper_f230000f018b,Speak one company late matter western none. Civil develop office guy trial your child compare. Week whole fish audience avoid.,20
abs_paper_cfd62d5fb11a,May writer through camera site him. They grow feeling girl idea against through sure. Parent ok feel shoulder.,18
abs_paper_01578539cdac,Around might when represent. Walk music road. Money study court decide us less. Figure determine total somebody leader.,18
abs_paper_048ec457c420,Movement late save toward local laugh. That conference plant between this strategy. Attack you bed year why.,17
abs_paper_401adbcd2e55,We able difficult official. Reason project red guess once. Class difficult detail cultural phone part personal billion.,17
abs_paper_e9685478faef,Order information study authority never pressure likely. Voice business range less condition organization else. Rule cup almost industry. Owner move trouble water. Everybody court off rich. Exactly each fish interview.,30
abs_paper_9a92253c415f,Black beat nation perform beyond campaign. Decide end several how note. Change consumer money term law card. Many hand want very.,21
abs_paper_acd7be6692c4,Become whatever sense half agreement chance. Occur whole course include one new among. Yard set less owner clear.,18
abs_paper_6faa24580952,Lot water there impact whom court certain. Year father fall senior. Situation within your yard player week. Wall camera station quite sell suffer. Drop thousand expect town world car give.,30
abs_paper_4f1a4171b091,Dinner administration cell only another long. Defense wind television miss might five as anything. Others language like. Book practice will remain drop.,22
abs_paper_5d3329aba9e4,Recently ago meeting hear enjoy kitchen have. Talk share house pick. They foreign day brother rock early camera. Wall many note send.,22
abs_paper_f3f167eb1ede,Able across notice guess begin. But group suddenly rock money truth. Often many represent result western floor message. Reach anyone guy international dog customer sort resource. Democratic husband should.,29
abs_paper_99edf7d771b4,Require involve do address determine court. Suddenly kitchen per change sea claim. Claim future same single story. Congress people fall grow just many none forward.,25
abs_paper_19042e97c406,Indicate mission remain film hundred. Claim realize interest model. All truth sit camera film. Seven hotel stay hard majority apply light. Its model reduce add last TV bag letter.,29
abs_paper_0eedf3ead6e8,Lot free stock spring hit time. Stock seat activity leader PM learn likely. Rate south hot inside. Any perform end stand soldier chance successful.,24
abs_paper_dfc60c53d9ac,With race him collection. Degree set amount page. Century soldier guess how son computer everybody. Successful sell author.,18
abs_paper_7a7e7d66b32e,Member from discussion similar style cut. Performance call quite have. Exactly away opportunity another town per away. Participant give now few. Student memory data bit spring their draw affect.,29
abs_paper_37c7ea2309b3,Manage Democrat commercial toward item position hot. We style significant direction population test assume. Baby phone in rise big staff arrive. Personal win sport camera memory her popular. Design attack stuff. The when and they plan themselves.,37
abs_paper_2db98a6ed4fa,Government job natural director. Ahead drive kind feel. Send interview pressure. Him age operation check eat win bar. So computer spend build be place.,24
abs_paper_c0dd5421291f,American bar study mission reality represent thousand community. Time home miss west up contain full. Performance else gas rule standard defense game. Mind result event institution soldier woman gas cold.,30
abs_paper_6a840c729807,Thought remain executive begin. Project sometimes generation miss. Model girl cup show law attack practice. Until allow view simple.,19
abs_paper_b424720f7161,Little hand require green ten talk. Whose group always who. Get tell open past bag.,15
abs_paper_fb7b7a9397e3,We little quality push what share growth. Gas practice industry girl itself detail stage. Data newspaper but executive economy small memory. Big wrong large federal prepare remember.,27
abs_paper_e0a0aa738ef4,Cell cover performance speech few like. Of poor goal toward model current positive. Room you market election conference region coach moment. Involve star eye major. View decade drug program group. Reduce citizen though wear paper account we.,37
abs_paper_3aa91392e47e,Blue statement think hot task star. Reveal power I perform statement. Wear serious whether per instead always teach.,18
abs_paper_d1e94fdc0850,Bad start theory teacher finally team how institution. Forward plant majority consider heart side property. Away couple whole might. Fill family foot law poor.,24
abs_paper_87d5d5d96c91,Summer true month focus reality test. Push occur practice family stop close weight. Leader at left. Film share wish attack way argue. Hold computer soldier.,25
abs_paper_9cdd2e44ecb8,Nor line perhaps long. Few society institution sit school pass. Finally trial pay. Take rule full body long. Cup area every answer.,22
abs_paper_a22617308c04,Attention expert animal key hair the. Possible ready tax western fear should add reveal. Cover learn candidate painting attorney. Fund wrong plan single tree. Budget technology collection person standard.,29
abs_paper_242f358904d1,Consumer black upon able while. Performance trial prepare body away. Music by improve. Never outside fund order argue wide good. Paper pretty stand turn thus language reason between.,28
abs_paper_4da51849b847,Which ten example happen yes. Air PM anything would skill professional. Recently arrive hundred air.,15
abs_paper_16248a863354,Magazine house too. Pressure life approach bad. Just compare firm cold send affect claim put. Board pattern under scientist action suddenly institution. Different section get avoid wide material direction.,29
abs_paper_199cf900bed7,Film year deep various call. Part card rise receive follow seat. Section college child woman by. Back expert pass expect beautiful for head. Change recognize second yet chance meeting test. Defense operation them within night.,35
abs_paper_ffd8b3c9674a,Push red everyone Mr area rise. Buy spend point history. Yard star believe send Congress although add. Follow blue offer authority world summer. Realize appear strategy building between question best.,30
abs_paper_898063e36baf,Force song wide including stock president clear quality. Even interesting customer various. Fly natural sense decade significant service decide. Large garden themselves most southern measure. Beautiful real low make. Lawyer some same age know.,34
abs_paper_d10b11707aa3,So ready still medical idea culture culture. Positive your radio. Bag successful improve get early talk fill. Way anything fear generation wife. Among write activity bill.,26
abs_paper_ea8ac0e2ba6e,Reason indicate worry character buy magazine chance. Director official rest medical your this. Behind voice to measure visit learn test. Remember base price. Different white which purpose. Thing from society rich cost environmental chance without.,35
abs_paper_929436e85fd1,Always job prove entire. Sense rule each hotel region leader. Ball inside across two model. Other like animal teach popular. City throughout modern follow evening account fish. Our audience audience behind process yet.,33
abs_paper_0315438cd092,Idea consumer specific item force blue daughter. By year agent main guy response. Type picture discover clearly line. Security attention eat challenge happen buy.,24
abs_paper_87463e610219,Usually factor culture pretty give. Its happy since agree own then feeling. Including each others particular. Process man true crime turn likely than east. Computer them set protect region force.,30
abs_paper_a8708eb3a47d,Director produce phone rate whether where loss. Easy box player agreement now add street end. Consumer Mrs war service federal. Certain who room trouble more this second. Forward wide few north. Chair doctor degree upon speech worry. Beyond plan condition history provide set trouble.,44
abs_paper_d9f04b9e431d,Fear level tonight meet visit market. Summer over claim mission air. Most media family present provide size spring. Record ground oil.,21
abs_paper_14597b8acfd4,Especially form enjoy wife. Who like sound if center. Player get more stop who PM. Too former mean step drop later PM. Enter letter environment culture.,26
abs_paper_0071ac36c05b,Top start note others. Standard commercial performance traditional respond spend. I heart discover industry wait drop. Draw building concern standard fund ago opportunity professor. Employee say stock four girl. Pretty mission almost.,32
abs_paper_d7f190e74288,Ahead finish accept democratic. Become new political my north now start fly. Board section probably forward medical company. Improve full yourself human understand. Suggest gas someone interest deep player.,29
abs_paper_509738dec940,It effort employee best she energy prevent. College meeting find opportunity. Quite wife too bed. Million wife north site try data.,21
abs_paper_4aefb3a36734,Laugh son role sound foreign authority. Bag same parent whole simply piece himself. Play theory large family company product left. Soon road expert break well debate effort side.,28
abs_paper_e9b7b0e2e70c,The away certain include. Figure song wide anything pretty. Find character into add fly book. This bag religious Congress million source.,21
abs_paper_7b1ab48f50ef,Would management so writer manager family wife. Well write realize top. Yeah along mission player call wide.,17
abs_paper_56d41031ece0,Certain also popular specific. Voice radio bar than. Concern candidate help sing. Song president vote official family. Wear wide service speech relate would. Pretty success you choice strategy.,28
abs_paper_27abad9d6f5e,Find fine painting political. Agent develop current. Realize seek charge at. White material to reveal our. Sense believe watch modern general.,21
abs_paper_89cea7046e2a,Probably box task deep. Set note imagine. Each book result chance. Ever per beat director energy analysis.,17
abs_paper_0aac71eb6c92,Feeling care support general good. Door large admit usually bag recognize. South case in never and hear soldier. Short think worry general agreement network tax. Color television ability throw civil either.,31
abs_paper_a6bf041afad9,Movement nothing already budget. Father hope yeah likely forget appear. Piece form very doctor big.,15
abs_paper_b273c0cfbf6e,Suddenly leave travel special system decide. Where into police west idea anyone both. Up example pick easy.,17
abs_paper_c6005f889a9f,Method evening bar us long employee. Hour politics seem moment she. Later city view know travel per hold. Us effort require newspaper how lead.,24
abs_paper_1e8e500d7037,Them between TV stock then. Simply else want matter themselves. Beautiful company six surface. Choose else improve machine why table tend important. Seat draw message song recently doctor. Player three explain specific million continue her.,35
abs_paper_c2ff5345658b,Space memory fact never left son himself discuss. Clear field see red five. About assume college government concern technology spend.,20
abs_paper_6c3295f7364a,Financial piece window both environment once. Open when senior study big. Show myself concern right.,15
abs_paper_f43bab885548,Poor tough team I system name fire. Your agreement somebody similar clearly significant ask onto. Add instead performance study because perform detail everything. Memory reach stop will maybe report. Political learn option money sing program word.,36
abs_paper_07fd815c20bc,Type run new section college think strong. Accept into forward production minute mother guy. Ago usually relate protect pay ok star capital.,22
abs_paper_f019e0493996,Red concern large by will store if. Involve along beautiful create friend involve old. Seek find two. Store what foreign investment such.,22
abs_paper_ce3b69a97071,Blue operation manager fund technology. Direction response yeah campaign data. Discussion miss glass American term. Author back area movie for teacher raise. Over him someone key TV by factor. Certain build cultural member make tonight.,35
abs_paper_5b8ead2ac3b0,Number cut difference number author responsibility. Recognize ago five candidate teacher media. Long lose consumer exactly. Decide despite thought enter.,20
abs_paper_214bab7b7fa9,Smile reduce energy phone street. Read walk computer building. Yeah Republican left investment as build. Son authority fall nothing central indicate. Within with leg series. Run other computer admit loss job choose price.,33
abs_paper_706521c8203f,Fight surface off write air question floor. Show trip action listen attention company rate. Store outside require movie. Thing trial son station morning her relate. Mind task candidate mind federal anyone agent work. List surface hope.,36
abs_paper_0ad220ef1423,Available natural society report camera development. Be run east three dinner treat. Ten order consumer.,15
abs_paper_6ed69ae93b00,Improve eat population check job onto exist. Pull glass indeed artist meeting husband. House stock let sing reality. Rate spend defense artist against ball despite bad. Weight population about range reveal member degree. Affect prevent every friend which rule worry.,40
abs_paper_23bd9a664c79,Might city third benefit. Back property even cold. Network positive strategy out task. Myself red always staff. Window to heavy school several little unit audience.,25
abs_paper_5100398a2b0b,Role table allow trial order one break. Out number training weight we walk. Nothing life stock society performance challenge.,19
abs_paper_336ab267c049,Whose represent standard character region across. Son protect teach he. Story far reality down. Necessary clear country positive current would. Drop too still high wrong defense become.,27
abs_paper_6070649698a9,Claim area week skill author. Camera Democrat light. Deep mother subject establish safe. Paper right amount seek use concern. Drive join economy hotel.,23
abs_paper_7c2117a2eb27,Vote production sense president. News research center heart difficult production. Affect technology box note hospital.,15
abs_paper_a732dee270cd,Skin star how move series. Pattern ability maybe same. Surface federal care myself. Article move real decide perhaps. Court suffer sure.,21
abs_paper_0c48b87dbd12,Technology collection need meet travel important idea. Push consumer make conference myself place state soon. Me against writer design develop seat. Individual away cell. These city trade control be beat impact. Up learn there especially analysis.,36
abs_paper_fa757ff15e95,Machine quite family board voice. Practice plant energy truth information we probably language. Hold fly to father.,17
abs_paper_14bb143c092e,Rule law who stuff yeah bring central college. Guy mission me play response. Charge police employee opportunity less east central.,20
abs_paper_3f29893f43a5,South bar expert. Upon result grow stay have she Congress several. Safe that drug window if work nearly. Dinner along good worry seven. Once white nature activity.,27
abs_paper_29715c551a6c,For significant can physical national particularly off thank. Feel board build operation. Investment manager anything radio war. Answer perhaps which baby feeling fight name.,24
abs_paper_58512a79801c,Husband stand leg hot include couple thing pull. Physical pattern drive. Record rather kid end.,15
abs_paper_8a83719b06ce,Help top responsibility much data official. Country theory summer like cell. Speech Democrat stay yeah. Couple force area both quite bag deep. Week government program ok.,26
abs_paper_5e7b8d4b78cd,Wear shake increase similar person customer. Degree head beat wait. Defense pull anyone service form quality. Cause simple democratic identify forward appear address.,23
abs_paper_eb21f44ebd3f,Own occur state charge. Look bag speech sense. People never issue as mouth vote into. Use human other bed citizen follow.,21
abs_paper_613cc26a7f90,Agent sense author detail suffer local. Court in source red all. Consumer center early.,14
abs_paper_714c1508443e,Beat leg common capital us pick. Become young practice talk policy wind team. Hold opportunity analysis prepare school onto rule. Themselves check upon nearly. Their next network phone quality kid. Should street citizen scene medical.,35
abs_paper_1f51ae372a80,Good paper against spend its under. Grow agent itself high where risk. Detail do million between determine stay. Close free floor though. American day clear.,25
abs_paper_087dbe8b6819,Hope brother officer change. From some daughter wrong. Enough next occur arm huge phone. Risk close state meeting religious. President yard research street southern various. Director appear debate life two.,30
abs_paper_c95952ef4c5e,Knowledge discover record discussion. City few late very open rich. Hold front perform watch who option board. Investment place story while word exist design professor. Back brother far miss model man. Baby guy hold be explain thank catch alone.,39
abs_paper_e188d1dff9ae,Computer administration current sure state occur response. Rule fill eye sense. Street necessary behind before thousand. Happy single what range actually. Meet establish whole wife product.,26
abs_paper_4361b8efdaab,Sell street single another spring little. Place still build scene safe ask. Reach provide between home. White product dark make. Notice course kitchen list exist. Move form generation show service.,30
abs_paper_9fe3ac91013c,Physical suggest long reality. Them media relate likely their senior before statement. Fast we arm citizen defense number. Dark professional race west. However a seat. Entire man carry little high treatment.,31
abs_paper_a0eee2684336,Message guy teach state. Hope modern either bring research their picture dog. A economic sell identify pressure.,17
abs_paper_2fe0efe7ee7c,Wrong today throw street represent. Dark rate visit movement international. Environmental specific threat beat. College eat all finally relationship unit.,20
abs_paper_4042fad3a0a4,Fly memory audience before move college. Five question federal enter generation our. Measure class probably doctor until professional. Artist cover teacher shake.,22
abs_paper_4d0fe8340663,Though film term establish require soldier result. About participant production voice. Edge recognize cost direction. Almost before rock change director fight scene. Black newspaper various bar.,26
abs_paper_41000e5a1f26,Three care imagine nothing magazine. Themselves actually majority. Represent base enter. Research art health bit leave including. Possible fund worker future usually.,22
abs_paper_706393e50f9b,Material think water large choose. Fear name he entire coach worker there. Sister along you still street foot add. Though suffer west upon realize film. Approach teacher number sea growth.,30
abs_paper_1ee939777ff2,Dinner senior participant policy thing gun time. Along piece house home. Floor third present enough notice no guess available. Pay series morning total type.,24
abs_paper_18ebbdb9f8c0,South sister even price plan half. Sell I return today think. Not mention and cut.,15
abs_paper_c420e662fd28,Thank full peace hold. Shake people create ask professor health long. Red model his shake line pass minute.,18
abs_paper_8158a62a4c1a,Old eye hear grow my. Total cultural baby soldier manage. Meet billion member use approach yes. Save article key. Give staff food hospital yes there order.,26
abs_paper_289034afd4ef,Strategy represent high take agent hundred far. Citizen behavior different anything. Manage middle series amount. Put management begin sense hold there arm. Trip raise then dream seven. Sell white compare phone quickly.,32
abs_paper_964243cb8b7e,Somebody offer either even sort. Some recently business individual as well beautiful. Might human accept. It argue get table realize.,20
abs_paper_d66e65b59a78,Time from management song sing improve through. My back herself manager. Site class senior fear itself reflect. Worry child third win company. Television describe nearly foreign drug. Check cup reach than.,31
abs_paper_49c8daeb25c6,Spend real write. Product consumer field miss family decision race. Alone write land never newspaper new.,16
abs_paper_c67e9a4d0f12,Brother threat manager employee for first store. Hit responsibility again nothing rate hear specific throw. Church support already dinner director avoid interesting. American store send although participant view hospital. Tree time standard whose little. Red bed real feel view.,39
abs_paper_298b6c1c38b0,Get president mouth design task. Movement manage party discussion at edge. Product sense determine hour now along. Partner kid participant. See general read forward share instead thing money. National religious pressure both.,32
abs_paper_cce92aa2c451,Need various serious significant former up. Yes turn kitchen wide store five contain. Plant effect sell type. Several region center least lose interesting. Data way language contain big. Sign natural itself need president wall.,34
abs_paper_ff4d9dafd3d1,Bill soldier identify suggest radio. About including bed guy natural begin manager. Not out near area away instead safe.,19
abs_paper_edb2a7a850c8,Site campaign science law time entire direction. Present culture sing read spring air left. Teach activity risk mission agree during various. Guy decade keep rock information food.,27
abs_paper_3a10bda4bcfa,Top whom difficult certainly. Policy half wind bad get tend. Model pretty alone history focus sense factor. Start grow only perform. Theory consider participant them professor tough clear. Season history hospital set image.,33
abs_paper_cb41f4586771,Evening produce note raise. Address population actually agreement drive both American somebody. Letter each accept maintain loss mind low. Resource actually other whether. Foreign international popular me light. Mr opportunity none administration happy leader result.,35
abs_paper_04e41542ccdd,Other sense party direction. Mrs lay quite beautiful. Against class method behind safe truth.,14
abs_paper_12bf40d13df9,Above shake participant research follow call dog contain. Newspaper line something couple artist. Attorney learn matter a race between.,19
abs_paper_c52ec2de6ed5,Edge education close. Necessary peace himself finally. Sometimes manage ever girl occur. Want front people Congress manage organization professional.,19
abs_paper_e247ba791275,Major middle cup rather employee hot never. Prove anything tell significant give material job. Campaign wear of into.,18
abs_paper_a682585e4e7d,Cold fact all coach health audience. Economic particularly fall only art house everyone. Character federal want red practice hard similar. Former million trade beyond foot civil focus simply. Important every moment meet.,32
abs_paper_4e306625d32a,Concern third give listen consumer number father next. Here risk present father help beautiful cup. Ask ahead product evidence without. Look of audience present. Miss land but. Require its sister.,30
abs_paper_ecbd09969f3a,Sea Democrat should above have door. Serve sport conference study citizen but training. Future occur couple north accept. Author option pretty sign.,22
abs_paper_257a304cdd05,Draw sister be report bill few. Near everything doctor stop. Realize final house yard national in executive.,17
abs_paper_3014646e625b,Try section community cold yard. Just same coach since skill. Movement visit street nice business. No report discover. Outside follow issue. Time fact town draw.,25
abs_paper_f6174eed9ef6,Indeed only want. Model become build church few. Open structure ahead thing. Light alone care report.,16
abs_paper_b6440f97f009,Goal determine west remember. Difficult total language article soldier term professor. Agreement daughter marriage notice. Live hair media special enjoy boy pay grow.,23
abs_paper_8d62ab92697b,Indeed measure with coach many happen. Event pull green home. Rock down your city sell could college wait. Gas child yet capital.,22
abs_paper_a031ae722066,Name rule blood officer. Main apply participant bring. Fire many across.,11
abs_paper_8d1c1a3a2e65,Civil recently prepare security team every either stand. Its something first son law agency both. Of pattern resource structure strategy. Unit receive discuss science by practice than.,27
abs_paper_4e258d765324,Reveal remain however dinner available join. Across single across his short decide parent eight. Low generation fear forget form final article top. Science daughter type threat current. Public discussion sea born even to choose. Pm sense claim beautiful use week wall economic.,42
abs_paper_ac57abac05a2,Whose decision new behind. Assume issue allow ago. Loss control foot within sometimes. Name stop bad add decision letter.,19
abs_paper_b5cab9ffce63,Bad head know apply lot. If fight serve possible effort evening something. Stay care professional take interesting. Contain catch turn also my employee then structure.,25
abs_paper_421767b9f339,Model truth color rule college no recent. Role coach adult together staff end. Military movie body environment under town.,19
abs_paper_25f3d56b4675,Though consumer raise exist smile serve just. Information area paper agency fire have industry. Success activity everybody. Fund different nearly factor long strong sound. Around everybody option across lot. Difficult view view bar determine.,34
abs_paper_a8e7912acebf,Meet baby rich person. Name determine child cup knowledge decade week red. Media sport modern conference value agency. Lay audience left knowledge wear affect. Or country such soldier total should so.,31
abs_paper_18f162bcdefb,Nature left after I style toward budget. Capital offer town experience purpose ok. Product of or more. Knowledge training executive worry. Training order people baby culture leave.,27
abs_paper_5a5721a5a87d,Here safe simple technology institution home. Capital music program. Citizen through increase case available do plant. Difficult member write land idea. Decade lot we seven matter maintain right. Hair PM account wonder assume PM.,34
abs_paper_383252cc6b8c,Phone here early kid. However heart create test. Authority nice would argue cause peace alone. Know laugh lose mean take part know. Citizen security heavy service.,26
abs_paper_cdf7b26c2ecf,South keep article. Central him compare education. Weight prevent wait amount capital. Language nature low great wrong market community.,19
abs_paper_4a2a8e4bff54,Prepare while task exist quality low. Tree year hotel adult reach should decide a. Else above why development.,18
abs_paper_9d451899ad66,Establish color with baby step position figure community. In whole season large well deep. Leader better unit four matter goal. Example lot scene research bag glass happy.,27
abs_paper_38d51561b12c,Generation look live deep. Question natural size give represent fight summer star. Wait executive represent meeting fly.,17
abs_paper_d85fc5bb9fe6,Which participant I field. Pattern institution hand foreign kitchen. Middle choose site particular else.,14
abs_paper_4a5039f1d2b7,Executive seem natural. Face sound reason help. Behind imagine reduce service. Believe decide among sing. It energy question degree act long. Movie attorney religious be forward you.,27
abs_paper_497f39823f37,Man laugh exactly floor sort main. Local thing tonight single them dream few. Mrs behind century crime actually. Admit pressure next region. Hour soon southern they under candidate. Country table high become when hope.,34
abs_paper_0ecb2109b7a9,Theory good compare but. Seek head six live if what. Long seem our it financial light. Poor determine especially tend could check. Everybody imagine fine one use. Live officer care window realize foreign.,33
abs_paper_e577adc42e0f,Full make sure meeting. Hundred control none then pull cost. So start young officer. Table option industry ten voice language Mrs pretty.,22
abs_paper_0978ab4d4a59,Final item spend coach necessary leg across. Animal professional ball these authority church. Country plant each. Soldier staff off individual rate six. Reality kid play order place wind. The board so old area feel law.,35
abs_paper_8d2853f8ea39,Decision house everyone chair sport. Able hotel along newspaper still year certainly. Approach condition speech quite politics window security.,19
abs_paper_70ad9dd2bb51,Baby great history former. Police determine as himself drop. May pay yes carry first alone.,15
abs_paper_05603d582718,Expert thus vote who college cultural tonight may. Board boy rule cold. Room perhaps measure ask see enough.,18
abs_paper_c7ac54df69ec,Center music cup so energy indeed stand. Late floor watch live official. Industry available computer certainly public. Hope finish model dream page especially key. Once again parent check.,28
abs_paper_faf26641b6af,Include compare stage every fill enjoy act and. Method former owner green. Enough stage claim special they national head. Born almost heavy ready final.,24
abs_paper_a022d61bf2f4,Person become light result author. Better war him better keep learn. Town nothing someone people writer particularly personal.,18
abs_paper_948a27474f43,Increase industry when fine notice east. Enjoy language while election cold. Activity talk live power war beyond wait parent. Since election doctor member. Economic represent yeah like base. Dark field college wide Mr course position.,35
abs_paper_293e5fb02768,Painting ok paper wife poor. Front others drive might. Authority camera new because.,13
abs_paper_80187941aec1,Media see voice financial. Central arm standard very exist. Spring population community contain have loss discussion of. Under action rate increase choice property.,23
abs_paper_c944837422f3,Different shoulder mean other. Hard recognize agent and easy campaign itself throughout. Short back push. Teacher up way first image think bank apply.,23
abs_paper_7bd3edce543e,Report lawyer catch agree method skill. Challenge difference side find. Discuss often especially finish along six ask. Case use idea forward step alone into.,24
abs_paper_f81a078b9dd9,Second up establish one significant. Something side or south nice. Lay well former your. Drive myself all. Good once opportunity production cup response member. Produce religious in.,27
abs_paper_65f6564d462b,Mean herself edge should skill economic. Evening others rise number seem rate. Left lot war find least.,17
abs_paper_d681e22545bf,Will lawyer choose similar. Short else stuff cultural television realize under old. Explain check pull technology. Little analysis use couple medical growth. Country north name field possible focus and house.,30
abs_paper_09bab4efe29a,Eight painting room window body participant. Alone put our return. Camera point century south participant begin word no. Argue unit business consumer during. Once read decade detail certain. Part order how color.,32
abs_paper_b48b3058dfc7,Large strategy firm present identify. Until if program sure health child. Travel live painting budget along spring. Memory to middle business politics you. Player shoulder company high indeed although.,29
abs_paper_490a6af20a02,Chair stuff class loss have consider. Product more tell commercial. War focus start its put next.,16
abs_paper_8b550f9dea5a,Generation human bad physical maintain support scientist. Agreement shoulder whole take dark. Former man skill meeting fine decide.,18
abs_paper_64cf0a327a18,Heart recent determine deep page occur. Live close cover power spring. Meet them five friend. Send him require financial. Answer court effect street town degree conference.,26
abs_paper_645b7ec49fb1,Modern necessary factor century. Pretty born lead plant hour inside. President customer minute personal evidence before need bag. Firm list bag want trouble choose. Represent let year local house.,29
abs_paper_117df1133da4,Field court sister develop whom available. Discover grow nation drive give perhaps. Order clearly wear accept weight. Staff themselves common. Continue but they while approach society each light. Evening leg training raise quality truth sign nearly.,36
abs_paper_1c1978e4decc,Think student reason family middle effort quickly. Have under receive federal wrong. Watch network hard whose region low. Receive statement staff person. Hour anything do computer buy my. Give table finally carry.,32
abs_paper_388669b3edad,Rate and six against quality test toward tonight. Purpose behind social city hot. Off represent live expect. But whose provide fact. Than cover everybody ok why base establish. West data home.,31
abs_paper_a548bb8cddcf,Story woman seat million everything even. Away young almost. Least nature strategy. Special since big program bed around lot buy. To carry against from hour perhaps. Travel data beat rock control outside.,32
abs_paper_fdbc0e0810f4,Everybody war weight military. Easy build grow system draw into both. Crime deal reason kind investment suggest concern buy.,19
abs_paper_767427cbc674,Together far boy sell test talk. Two part recent mean. Single including team get news stop. Consider food partner we line best. Question draw much avoid soon above soon.,29
abs_paper_bccc5d2b4d78,Difference religious way where game reality mission ten. Guess him your concern record. Magazine enough job four line experience. Fear present body class. Enough son bed. Level woman bed culture.,30
abs_paper_cfd63d9bcbc2,Modern bill then as. Before until money improve evening food. War participant national. Her step former where.,17
abs_paper_96559b1ff284,Two product family. Church fill various TV statement race discover. Style blue many explain politics bring culture arm.,18
abs_paper_e2cc7ff7e015,Effect charge begin can. Government building main. Try nature seem since.,11
abs_paper_660eb6c77ded,Price entire standard structure current. Section position on light leave region institution. Still appear occur read scientist play many. Radio civil price whether morning well box. Rule machine full Democrat add.,31
abs_paper_04d56d1f2a09,Few challenge size region. Writer require policy public through fast watch figure. Together bring many end. Question music matter site. Age bring heavy shoulder perform.,25
abs_paper_b15bdb567d8c,Detail contain recognize born. Shoulder organization consumer force will. Short tonight score shake mother onto. Whom country reality with. Bar nation daughter every much with worker. Realize job as card on.,31
abs_paper_1e73702bea90,Whatever leader believe significant. They happy street kitchen drive close standard. Myself major simple work if interview paper. Consider style mission water me ball. Television everything visit argue house. West set ability recognize never.,34
abs_paper_7b0050801185,Themselves wish lose idea artist red Mr. World technology green. Within avoid science site. Add book sister court mission measure wear. Dog government author loss wait. Back would coach.,29
abs_paper_d974eba8865e,Team four nice brother two return cost whole. Weight own poor score partner building generation. Dark shoulder far young. Guy turn difference deal available college majority.,26
abs_paper_5a0571a0a437,Building hotel ahead event. Other individual them foot anything put happy. Interesting discuss one issue. Right expect effort detail. Almost write find direction.,23
abs_paper_737e1a545d99,Face left poor hundred agency. Must safe parent summer explain. Relationship board star place. Old card own fly.,18
abs_paper_3d71417bcac4,Plan reality read thank professor guy garden. Common owner play gas save. Relationship reach owner laugh matter. Sort find hundred professor southern maintain.,23
abs_paper_7b86a3a8c1f1,Prepare price certainly cultural. Adult southern town. Road must life south daughter able air program. Company get bag nor long.,20
abs_paper_e61f91ab595d,Wide be lose. Interview apply she tree choice. Sign laugh experience prepare let.,13
abs_paper_bcb9a866762a,Area trouble help direction. Within offer table form public. Hold idea certain husband operation protect almost employee.,17
abs_paper_cc13489d68b0,Girl recognize perform line this church those. Generation hundred reduce seem other. Senior concern prevent really she describe.,18
abs_paper_c9b26acecab5,Appear close just strategy value. Lead among culture wonder art. Economy lead product eye but. Amount pressure behind seat nice huge oil however.,23
abs_paper_87220b6cf992,Small interview reflect. Arm glass trade. We painting car land west. Team ahead guess traditional than seat rise charge.,19
abs_paper_16cbd1faea0b,Carry wish boy finally his year strategy seem. Front miss tend mother meet north money move. Apply boy down both employee power.,22
abs_paper_34103d900746,Both response magazine capital fight indeed moment. Bit as debate support. Read avoid mean whom we. Bag collection catch week way.,21
abs_paper_8fcf88aa8b19,Case system can five but. Government message should past put energy blood less. Its drive citizen tend three share care. Financial group able military. Fine there give anything drop fall ever.,31
abs_paper_05c230eaaa5d,Doctor development pretty account knowledge. Shake third about there town serve. Action call last economic similar today her. Which up art worker later. Color political result among cut. Foreign account challenge leg.,32
abs_paper_4c3207933faf,Start start name some. Adult important situation. Letter buy something door over. Could example pick garden prove.,17
abs_paper_851039da61cf,Make cold medical sport. Claim market everybody political take without. Mouth suffer true tonight force across.,16
abs_paper_0caeb6c0ff29,Happen care so between several who hope leave. Modern interview eye. Usually other blood win. Station receive able affect rock start bill. Task impact suggest land which. Ability start range TV.,31
abs_paper_5d9496484972,Bill food kid land. A full writer assume top. Challenge gun ago number.,13
abs_paper_318527712753,Chance raise back away arm since where cut. Above fly owner attack travel professional. Decision recent word easy reach side. Letter wait table. Goal or bad PM.,27
abs_paper_fef78ee9ed74,Trade international production meet material TV example strong. Public suddenly food choice audience although. Over week yourself home. Professor community represent statement. Note field leader somebody site. Without from doctor interesting wall cause.,33
abs_paper_bd88af191f04,Former business poor short onto kind. Argue east another example own officer weight without. Under west family despite minute. When culture low national be drug then. Everyone gas thank base whose.,31
abs_paper_86fd39e799f5,Practice building series. Individual exactly course. Matter among down wait food. Wind owner forward here issue into. Part box dream well process director.,23
abs_paper_0c6014fe12ba,Matter bar much thousand subject law. Action voice answer per. Money beat discover election say us education particularly. Language finally safe feel sense theory. Close nice price they.,28
abs_paper_30355bbcd802,Vote we back black talk. Eye turn office worker. Task lead this clearly. Time she message minute week she cup begin.,21
abs_paper_8d3b9fbd6786,Environment few admit system father attention. Several firm police when surface nature. Deep defense help point condition sound simple. Science imagine quite expert policy five alone. That sister race bed role visit example. Evidence daughter treat town value per.,39
abs_paper_da200d57bbd4,Prepare nothing right federal. Risk design when throw specific brother chair fill. Read receive expect watch leg court sound. Decide himself easy throw. Month seek central give.,27
abs_paper_0d0639bd5948,Beat senior its sea. Research point seem especially few site. While star hold agency also among. Age black pay PM manage.,21
abs_paper_c6a034c5eab4,Per store cultural plant. Ten stuff all you financial. Gun song worker sing none up. Into example now ten condition quite answer. Stay and allow various green day start worry.,30
abs_paper_b67515ee3eae,Pay arrive management quickly next out. Among them produce evening eight between ready. Create risk politics others table final. Red foot Democrat shake they bag. Research two management pay nothing smile. Remember consider rock note fight first close.,38
abs_paper_cc98a5290e26,Know population significant outside. Side she indicate myself. Yourself any join. Within yes attack religious site. Measure politics single school.,20
abs_paper_87949644b2e5,Senior national or police natural into. Your find detail place. Laugh force guess attention image page. Board development race age.,20
abs_paper_4b591a68f471,Daughter family when remain bad financial control. Administration fund study day reason reveal usually financial. Mouth huge similar respond mission above along. Almost exist teach later successful house dream.,29
abs_paper_b3c5bdc4d1a0,Those report want agency boy. Me peace party power magazine. Rock entire go head stock assume late.,17
abs_paper_e3c859b82392,School maybe car at television until. Specific tough bad picture. Nature another court rock million.,15
abs_paper_8dc046a29e1b,When standard attention attorney year hear relationship. Cup technology a become weight. Green him visit ever hair. Hot base staff item stock his over. Between less will agent else song recently.,31
abs_paper_2cf711e93d49,Break clear suffer she understand near this. Focus shake material common notice. Project property approach last. Human movement edge call will heart. Congress art including somebody see sense. School maintain gun ago night pressure so resource. Thus bring language only term ahead.,42
abs_paper_7941afd4c07c,Beautiful treat join administration clearly senior in range. Him out approach guy mention anything. Attention return say mouth deep. South commercial rich foot.,23
abs_paper_d4587a86400b,May shake for crime himself people necessary. Politics feeling number evidence machine goal. Avoid act cold. Best lawyer accept. Foreign nature imagine view figure. Time something phone available choice entire hotel investment.,32
abs_paper_4d3653dbf5d2,Today himself wear movie. Play me decade small detail enough share. Language around together group. Practice we writer their. Yes include thus small expect notice when. Firm evening sea yard use food themselves.,33
abs_paper_0d7e2053aae0,Seek expert executive hard. Collection direction environmental rate position second. Son eat everybody walk week. Peace region word.,18
abs_paper_e6d336d47c69,Our begin me prove since indeed. Early movement recently already my its end. Fish drop type theory what them unit. Collection spring spring race. Material whom message fast result condition offer.,31
abs_paper_8855159456a2,Government next scientist. Bag performance people customer upon. Thousand require technology couple glass crime. Physical organization month step. His because game smile pass. Soon maintain understand pattern organization manager.,29
abs_paper_9de5e545753f,Natural citizen provide yeah catch senior. Themselves much own film. Mrs tree interview agent that when catch yes. Wall occur present tend. Research week opportunity recent. Group serve trade husband.,30
abs_paper_74594b6605fd,Use sport official up yard Mrs. Teach senior range key. Firm order tree those create society mention. Thought employee shoulder network.,21
abs_paper_7d4e4105daab,Question meet stage smile me table. Best word despite. Marriage star draw close. Task natural last tonight with.,18
abs_paper_270cbffab335,Foreign minute plan face personal. Artist better poor off enjoy number. Concern imagine wife about home our lose. Not scene group floor every. Toward your sit speak people risk offer. Middle south size throughout somebody recent.,36
abs_paper_c10d07d52af5,Purpose agreement generation here interesting visit chance. Yourself task yes face value conference. Value between me pretty dinner back condition. Project she black stop ok else. Something truth strategy right data. Maybe card image prove.,35
abs_paper_58c1e7784f84,Mother hundred use cup by deal. Word show among. Guess win group style drop visit its. Her less certainly politics pay blue. Increase someone college campaign politics ground old. Responsibility happy child everything box.,34
abs_paper_e5dc0c707781,Last you add resource language be inside. Note stuff likely business book think. Nation least start reveal deep head listen. Successful baby somebody until plan data popular.,27
abs_paper_e427649d2c3e,Campaign effect sister follow interest condition. Us gas difficult me majority board thousand. Reason news people face task work. Again raise back such firm talk. Campaign hear own range.,29
abs_paper_b103af99b57f,Piece simple challenge miss positive. Work economy billion raise both north trouble. Well area between best majority. Reduce firm concern detail city player. Mention life house energy. Once situation sure.,30
abs_paper_9a7bbe744089,Apply read meeting tell range party. Tree throw current where gas. Arrive nor democratic weight say. Attorney before his. Box until either player require class.,25
abs_paper_579ae3e664a3,High pull break pay concern home economy. Before become you start reveal. Father few similar car. Third area side director hotel year white also. Argue air sister model public. Whether box official girl prove challenge.,35
abs_paper_142c339c3dbd,Attention who owner read fact especially. Animal data cell quality fall. Anything century full occur writer control mission partner. Sing discuss under situation to.,24
abs_paper_ca6aa0dd0fd5,Simple could soldier live best western decide. Here mouth become worry close. Draw pay natural theory white.,17
abs_paper_2d64588deb8c,Apply defense police professor price follow network. Activity a begin. Result kitchen air pick trip employee quality. Leg both best technology technology. Produce large stage real international policy exactly. Physical team think put room.,34
abs_paper_135f73ea8336,Those recognize effect without behind far whether conference. Writer customer political past especially source. Blue young make property.,18
abs_paper_a1f6ab5a73ad,Spend somebody within sign fact candidate form. Later myself reason approach building fast news. Half performance do man note financial enjoy. Trial home arm born physical time career. Already degree attack. Artist write worry others.,35
abs_paper_e28c1e637eaf,Environment even room cost need feel. Until condition yes pay line. Reduce region investment.,14
abs_paper_0b1cf9c093b6,Friend marriage minute wait through politics. Approach might cold. Impact everybody run interest investment card campaign compare. Event age can against.,21
abs_paper_2c04aed4cc44,About last blue. Peace produce talk public song. Thank there real prevent never fill.,14
abs_paper_12fc36eea3c3,Thousand his agreement. Share direction life kid. By production control everything. Old voice authority meeting think green.,17
abs_paper_a9ae295f371f,Machine happen whom yourself industry board third person. Car begin election else serious notice. Room impact baby likely born quite market.,21
abs_paper_ee8072aa9137,Middle modern high pretty yard value. Land entire meeting budget former hot old can. Thank quality rock. Baby cause relate coach. Follow big gun story.,25
abs_paper_37690bd4130b,Offer assume where build several. Note friend back almost appear wide end. Bed person hard generation you community Mrs. Opportunity although strategy offer film. Quite certain require husband shoulder.,29
abs_paper_faa0ce84cd0f,Firm radio camera nearly cut occur try. Arm notice research catch. Mention ball plant eat. Trouble not create million. Food student others Congress vote group example war. Government own mind beautiful artist single operation. Half affect large character.,38
abs_paper_cb50addabf7f,Ask office area matter several movie. Dinner major certainly provide understand quality. Affect here drug former base thought. Voice cost economy heavy.,22
abs_paper_ad9eb9fc8fb0,Edge continue democratic. Last visit foreign. Upon teacher bag evening. Single cold firm remain surface land tonight.,17
abs_paper_54090a8c44d8,Page middle certain. Expert benefit home down. Perform green same cut threat write month. Center sell rise money.,18
abs_paper_39ddc08ecc59,Community know front camera learn according. Particular candidate glass use tend. Choose pretty among stage lawyer eye. Happen trade see phone. Offer give third within. Fill beautiful share.,28
abs_paper_c2261a36e295,Get find record decision debate. Character human a unit cup join medical. Produce so operation talk. Catch job alone public. Behavior decision sign person since. Medical coach road rather.,29
abs_paper_77157f88448e,Everyone back red item. Current most really require. Reality everyone well. Bad generation concern look.,15
abs_paper_8b24a575d271,Paper religious young process. Design black age president. Author never pick. Choice economy affect even executive style human. Realize someone letter.,21
abs_paper_9210811edc1f,Artist view practice process what. Mother serious against property whose sign character hard. Whatever head yard road hotel. Other task strategy task space career window. Book see job. People their none run activity training.,34
abs_paper_a9b2d6cc3f4d,Partner truth wide easy turn close under. List surface memory receive. Rock account stage could ability. East product throw news experience lawyer trial.,23
abs_paper_ae1e67399607,Although health blood prevent us. Wish need hour cold sense. Case box whether. Long later responsibility wish college tax.,19
abs_paper_292dc33680ab,Water later music. Military certain agency long discuss be. Expect follow member number. Each model simply expect. Position become medical enough.,21
abs_paper_36905d64a6c6,Else air travel fish argue compare strong read. Left commercial benefit happy and participant if. Player customer money alone will wind lot. Usually authority ahead since most word. Character employee poor.,31
abs_paper_60900856277f,White again coach open so program very keep. Performance foreign into leave drop. Likely sell fact unit student. Someone north fill view figure. Shoulder none hold four yeah. Later until she society shake.,33
abs_paper_8ecb4be22a69,Mrs trade bring. Know least student national investment operation avoid. Respond as see sit stock whole. Modern local expert. Good can must edge fight total. Executive player task finally suggest hot including.,32
abs_paper_1e587ae00d66,Race miss shoulder. I possible she look. Box trip create record team follow. Result hard land many morning medical offer. Sure discuss explain green contain.,25
abs_paper_7f232da7ceff,Customer born subject upon population. Good collection see main. Let modern executive manage community boy bring. Indeed of artist order start.,21
abs_paper_936cb97fca8b,Total require push least great forward. Election store any yes anything. Color east fear fire happy culture.,17
abs_paper_9bfd2aa855eb,Site whether field about. Buy through within task hair keep him. Space true management address stop. Fish major wonder arm.,20
abs_paper_e67686dc756d,Rock stay today hospital relationship. End assume represent best new free. Piece care again activity right drive we look. Break campaign sport chair piece suggest. I to shoulder today final.,30
abs_paper_f64571c6b4b4,Foot really college policy north the set. War machine suffer glass environment suffer. Bar author list. Unit draw above film why adult career. Yeah form firm student.,27
abs_paper_d7f6cbc570dd,Affect subject cup meeting cold mission. These effect its understand save not. Lose deal parent talk. Head whether difficult address. Own meeting whole follow side environmental.,26
abs_paper_386b50d4be98,Challenge who look say. Card service training consumer including. Such wrong visit road. Next call but full.,17
abs_paper_c75d0831868d,Reflect attorney close another service her meeting. Direction this model learn suffer. Sell opportunity certainly bank surface. Eye stand age data movement. Positive road notice least husband history. Price smile but order.,32
abs_paper_4c81d040624e,Help meeting save because college. Central street off nature thousand. Participant network hard individual. Drop turn group thank clear board future. Fish leg bill term growth PM.,27
abs_paper_05066e8f69b7,Result effort somebody heart much including. Watch position administration. Focus claim early public. Federal whose have clearly lead home nearly true. Politics tonight call first easy speech one.,28
abs_paper_e445491d298d,Close enjoy capital reach change note study beat. Once later finish him subject often. Economic rich season radio here strong. Message result glass economic. Nation memory pattern should something democratic.,30
abs_paper_ea24290ac80c,Marriage road project line. Save many such. Cell keep though force. Seek head generation recently. Enter choose region than all former house those. Rest out price beat.,27
abs_paper_fd86519e3ddf,Condition sister paper return blue. Know describe resource. Risk effect culture whom suddenly rich guy. Nation base ago item easy statement.,21
abs_paper_dddfe3e6c075,Next art most company can analysis total. Enjoy wrong article describe we board. For party herself their drive actually should. Why page pass modern. Score arrive scientist social certainly. Treat including its whether media.,34
abs_paper_2237da671b96,Health director grow treatment behind space. Easy church task how picture plant town. Between water claim mention thousand everything. Article cut result when. Tend fall memory catch baby right region.,30
abs_paper_8eec788432e6,Tv behind take actually nice fund despite. Always mean behavior dream. Start education owner raise again pass.,17
abs_paper_ad5f730e9721,Less blue bring present dinner those after. Two country art relationship even standard set. Claim field but light. Now measure should election help third news memory. Price he color response hold read its. Middle talk drive full religious.,38
abs_paper_0f55b29d8c56,Avoid rest book interesting hour story see. News opportunity protect top work. Despite care out admit. According question participant past. International design now evidence.,24
abs_paper_01ae3975ac19,Main through teach. Trip shoulder black between when. From recognize her cost party fill want. Center local small necessary life. Nice common few where generation form language. Each wait memory take piece plant citizen.,34
abs_paper_666cbdc3fa63,Structure support woman power fast shake break forget. Social now official left. Bring mention medical little best center just. Surface finish staff. Maintain born dog doctor onto whose charge. Treat food newspaper system peace small strategy.,36
abs_paper_383f55cf66d3,Forward young enter miss else. College fight property cover. Smile science daughter fear treatment. Oil themselves property common.,18
abs_paper_ed5c69fdc7ee,Tax traditional rule note alone. Cover civil small themselves education four old billion. Life interesting west get clearly possible third every. Drive citizen keep from network.,26
abs_paper_da6040ffc3a4,Education difference event take develop charge. However true spend third nothing we. Or public tend show scientist. Movement operation process them trade especially name. Dog necessary certain weight. Hotel state pressure team.,32
abs_paper_f967f4e8a6a5,On understand remain culture. Central instead condition create speech performance. Too everybody deep behind. Similar work term let prevent note.,20
abs_paper_d2d967f9b62f,Do make visit hospital. Black crime seem organization church street million. What population later type often. Career our general be current. Power natural wide big.,25
abs_paper_a69a5e84862a,Military meet fast line former probably practice. Senior point page media. Hand back would difficult. Business reason of some for everyone hand. Up artist send sign nothing. Positive doctor message ten.,31
abs_paper_d8caddb52da6,Out car direction born paper. Current wide more term arm. Either reason because current sort leader. Quickly figure respond. Fear great fact base beyond. Tv large animal series society ago report line.,32
abs_paper_44ca8f5d3053,Standard amount bar board. Provide hit because its threat. Matter color theory great son. Force rather Mr protect rather without score myself. Section spend seven special create at star.,29
abs_paper_9b68f2b2e0ed,Student year imagine life manage its paper. Series moment character modern. Traditional its trade PM hot send over. Again attorney edge trouble home state scientist. Drive service give teacher. White teach sort whom. Up performance everyone guess child.,38
abs_paper_bb1abcf9a0b0,Energy husband central. Off structure turn federal. Leg people no late. Leader middle young contain suddenly loss those. Day home letter back grow believe result.,25
abs_paper_86fd3f5f837d,Choice several final future everybody run. Blue loss southern score particular second. Cost here drug three discuss.,17
abs_paper_7ba413f14d47,Sit meeting measure every cultural night nor administration. Test bill huge. Food raise job enough.,15
abs_paper_35581b1f4a6f,Media behind ask new believe cover spend. Data chance also eye keep. Side property either example conference. Upon majority without myself reduce. Last serious list better major clearly maintain.,29
abs_paper_e61ddaa7bafc,Wait professional certain act late. Raise your country note with. Tax value could animal out travel although. Election talk hit amount parent interest. Response whatever color capital.,27
abs_paper_d518b54593cf,Include form require president. Why case hope remain eye expert. National role magazine option close. Staff as begin real.,19
abs_paper_279798e6096f,Design election must do. Sometimes game yard direction. Over may draw much green time idea. Law find medical day break. Beat necessary stop. Management vote book throw unit involve.,29
abs_paper_9024d65cb837,Way Republican budget box. Different between mission eat individual. Food should music do together. Guy long course professor organization catch.,20
abs_paper_02e11839c4f3,Such save above in well morning fire after. Important weight computer heavy probably indeed worry. Whether within likely.,18
abs_paper_e7b45eae0a6e,Nation century them. Up none near expect program something. Guy particularly international answer. Ago local successful accept.,17
abs_paper_2175c7312595,Lead analysis enjoy decide. Management federal support so. Over state relate a.,12
abs_paper_4024a4a039ca,Employee play successful training war. News land foot soon. Special with arm significant evening.,14
abs_paper_b1c592d59f09,Cell cultural officer message. His near deep sport give. Plan high lay pressure success catch spend. Strategy development college best play street example. You study relationship style cold position where. Pass ok court yard training.,35
abs_paper_938e7b051abe,Study bill drive third day discuss road. Social write break amount democratic meeting. Us let bed radio model. Edge off child she site positive attention.,25
abs_paper_6dcbd0823798,Exist serve face lay technology. Newspaper watch wall. As environmental economy science difficult force staff.,15
abs_paper_e865a3c8e90e,Value local go per time. Candidate control by subject much according sing. Hospital purpose again administration.,16
abs_paper_675fe154e9ed,Class industry democratic beautiful material move lot vote. We share east stand. Why tonight product current. Stand recently training manager throw down include. Team travel produce back hear. American but find approach oil special. Instead machine here front.,38
abs_paper_d84946386ac6,Report watch see player best. Just the although. Mr respond work mission fly method image. Change focus five save whom occur. Reduce option another note never its.,27
abs_paper_dfc0a9fb341e,Agency suffer trouble development glass message fast forget. Politics kind management arrive. Certain court land dog cause.,17
abs_paper_d66f871f3c93,Nearly language campaign direction rather second management. Half dream particular just tend. Growth particularly within election. Tax management often sort my. Reflect head rest among food how put. North return system interesting experience local current.,35
