src_paper_id,dst_paper_id,context,rank_score
0019cbc6f2d697e157605383459b82e8fdab484f,459cf4e6476d5e19f1bc422c162bcded54ca7f95,background,1.0
0086d4e5b8a16cb1f1fb7c050495d22f8ce70764,5abf79226a8ffa2dcf33ca98bfc36c8bb01cc4fc,background,1.0
00940ec18283156770edb798589bf89c07d7544c,689c7a86d973895a14feb984b8faa3d5581038ef,background,1.0
00ac908cf295c02616f4a4cd4701de2e20268bf6,1f4bee77bb69b92dd16ce0c3ad0f477f4ecf1d30,background,1.0
00c8477a9cc28b85e4f6da13d2a889c94a955291,4f873d5a3ab80402e206a361eeffd3b69f014db0,background,1.0
0113964c1dc23c494b5ff6d9cba0ccff927d4a03,659d8b24e53e8adfbcb1f16b26ada2cb8afa2c85,background,1.0
0134db5adf50c471906cbffa0d2f6a4fcbc0ae01,16a65dcd609d48f79a9a271377628fdae5315a62,background,1.0
016e01d89cfcdc0bf8739cbde3f8dea2d25f69d5,6e08bd9b6ecb3e3978de66c5f8bd8636367413bc,background,1.0
016fb2f5c6a98bd7d8ac8917566275b18713c51f,703d49a335799262e474ed8fe6044cd641a9e00a,background,1.0
018c63ec3f9bbbadb14d5fd6705c5ad051765060,bcca5c7e9180c4890936343d79e812cb16cbefb6,background,1.0
019e2796eaf5ddec055ce20838c67b1e65caecc5,02808823641975868e3212fd7ae859514fdbdf32,background,1.0
01b62e170573ea8405e0db93d716381db2530018,44ec06d911eed44ee99be61bd9ce964a824a2ed7,background,1.0
01b62e170573ea8405e0db93d716381db2530018,d427db1ba2cc92b36d16a5e5114f1027c90fff68,background,1.0
01f575f9543e65bbb0001ac396ad161d68650c74,f295128bb1846e441a5195d5bbf4902f49186e30,background,1.0
0254c56375817725be028f9832120c5ec0aa3f59,e8505f6175585713aa7b785285b3abc4113b57ef,background,1.0
02808823641975868e3212fd7ae859514fdbdf32,262fe2a2b5d1c0fa7feb63f3bf0c1fd81f1b7c80,background,1.0
02808823641975868e3212fd7ae859514fdbdf32,45063cf2e0116e700da5ca2863c8bb82ad4d64c2,background,1.0
02808823641975868e3212fd7ae859514fdbdf32,5b0ade1a2ae06e9d8b51f2d5c424a0cdad847e8a,background,1.0
02808823641975868e3212fd7ae859514fdbdf32,75b868e844e58db707fb5dbf7acbe2e26ba8c122,background,1.0
02808823641975868e3212fd7ae859514fdbdf32,8b1e220b406265626bd5d00bc99841576e3aed1b,background,1.0
02808823641975868e3212fd7ae859514fdbdf32,b4f6b1dad0e83205e68afea8db0f0aec7410d12a,background,1.0
02808823641975868e3212fd7ae859514fdbdf32,ea32d48a0528d5af7d78f2d0da2d28c7edb6d16c,background,1.0
02c41413399a91c50749ccf06c250baf85939ca2,689c7a86d973895a14feb984b8faa3d5581038ef,background,1.0
02da4fe77a2498af37624cdd9b70f1f5e7fc2ff5,27d0ae215acfaa5914fc13cea20626c9470848c2,background,1.0
02e343eac6a848d528dc84aa53e3cdaaf7df0ae6,27d0ae215acfaa5914fc13cea20626c9470848c2,background,1.0
030b68e7410668cd712e4907dc5e6fdb4e5982ef,6ea38aacc779506909d425aa19114b92bb1854f8,background,1.0
033275ccc2c7c5c38592ae893da0b5923cf90717,014573511023325bc1b5c9c42ac962b7f28e673e,background,1.0
033275ccc2c7c5c38592ae893da0b5923cf90717,01bd16e4deb7542d2c24f92a3c8cb8530d65fa09,background,1.0
033275ccc2c7c5c38592ae893da0b5923cf90717,04e00a4f0d5b7aea0cd51cddefbf6c8b48318dcf,background,1.0
033275ccc2c7c5c38592ae893da0b5923cf90717,055cd2faeebc7a9df43923d554a61ae924a4af6b,background,1.0
033275ccc2c7c5c38592ae893da0b5923cf90717,0ab2ecf1748b62c9c00861e21248fb6d483a542a,background,1.0
033275ccc2c7c5c38592ae893da0b5923cf90717,0e31660210a4f683fe22acd5bc53f737d765f1f3,background,1.0
033275ccc2c7c5c38592ae893da0b5923cf90717,12f7273cdcb8fde49b4c84d16ba41d6c7da55ba5,background,1.0
033275ccc2c7c5c38592ae893da0b5923cf90717,14d52d4ec14eba80c267e39f2b28442c726046c0,background,1.0
033275ccc2c7c5c38592ae893da0b5923cf90717,1a403141486c158533d712f189c11fdf5c1e4d72,background,1.0
033275ccc2c7c5c38592ae893da0b5923cf90717,1b6e810ce0afd0dd093f789d2b2742d047e316d5,background,1.0
033275ccc2c7c5c38592ae893da0b5923cf90717,1cbbe1a129c0d1f53d8e16ca74238334372507dc,background,1.0
033275ccc2c7c5c38592ae893da0b5923cf90717,2029349c55c1dba3493c5b3bd25152f18ba21ae2,background,1.0
033275ccc2c7c5c38592ae893da0b5923cf90717,214091eea096323f2b7c38a4b7b4ce6d7f2bcd1f,background,1.0
033275ccc2c7c5c38592ae893da0b5923cf90717,2d471a31d55ab1317167e4d9df270ca02d3749bc,background,1.0
033275ccc2c7c5c38592ae893da0b5923cf90717,2d80d0b053179988f2155ea9eaf57b60a7742c16,background,1.0
033275ccc2c7c5c38592ae893da0b5923cf90717,334f4d63c8974c685389ffee8d8ea907c8b583f3,background,1.0
033275ccc2c7c5c38592ae893da0b5923cf90717,3f4dff0c50a2edc4d38973669f8459449f114e28,background,1.0
033275ccc2c7c5c38592ae893da0b5923cf90717,40047a74b707743157051d38f76061ba5ff9aab4,background,1.0
033275ccc2c7c5c38592ae893da0b5923cf90717,41113259f3438532ede5b42fd29755605af608fe,background,1.0
033275ccc2c7c5c38592ae893da0b5923cf90717,498687015d52ea85e3feda8b76c6291ac26f3656,background,1.0
033275ccc2c7c5c38592ae893da0b5923cf90717,4baf6f668b6b10a33a16f12aa51b0edef02b1c35,background,1.0
033275ccc2c7c5c38592ae893da0b5923cf90717,4f210afb00371eb1dda1dd618335184857235c16,background,1.0
033275ccc2c7c5c38592ae893da0b5923cf90717,52281d6445b9a1f119a49e39d68854206796d396,background,1.0
033275ccc2c7c5c38592ae893da0b5923cf90717,53eecd3d126a11911b53c639a7a808cac4fbf127,background,1.0
033275ccc2c7c5c38592ae893da0b5923cf90717,5437e8adab596d7294124c0e798708e050e25321,background,1.0
033275ccc2c7c5c38592ae893da0b5923cf90717,5cc58bcfb9bf39d4114eab88fca36eb0ce36afd9,background,1.0
033275ccc2c7c5c38592ae893da0b5923cf90717,5ccc962347e31f21482ba534cb1772e6e1e3ae02,background,1.0
033275ccc2c7c5c38592ae893da0b5923cf90717,5f19ae1135a9500940978104ec15a5b8751bc7d2,background,1.0
033275ccc2c7c5c38592ae893da0b5923cf90717,671b9426635f28c602569e56fb99a0e5fc74abca,background,1.0
033275ccc2c7c5c38592ae893da0b5923cf90717,6845bea94b2fb17d4377b3bb2bd10f73a959f9cc,background,1.0
033275ccc2c7c5c38592ae893da0b5923cf90717,6c943670dca38bfc7c8b477ae7c2d1fba1ad3691,background,1.0
033275ccc2c7c5c38592ae893da0b5923cf90717,76b042a91efd3d8f61e44f421b1839cb0d9fc309,background,1.0
033275ccc2c7c5c38592ae893da0b5923cf90717,7d275bb20b36926e039fb604f9fb93340a70e63c,background,1.0
033275ccc2c7c5c38592ae893da0b5923cf90717,a43425af7413e62c816a8fc007ab443465761829,background,1.0
033275ccc2c7c5c38592ae893da0b5923cf90717,ae33e3182b2d1502f8f849696f3e79eb2fa5c758,background,1.0
033275ccc2c7c5c38592ae893da0b5923cf90717,b2bc1dbbd46352637ebbd0a38a6d92b56d5819ec,background,1.0
033275ccc2c7c5c38592ae893da0b5923cf90717,b45ea6ddc9d964116addaf1dafd0641d78a6228e,background,1.0
033275ccc2c7c5c38592ae893da0b5923cf90717,b4ba06e178e3a56436d1253b794669d4831be328,background,1.0
033275ccc2c7c5c38592ae893da0b5923cf90717,c2329c685f11efa25c562f97be71ff03103423fd,background,1.0
033275ccc2c7c5c38592ae893da0b5923cf90717,c663d4b4d413ba306229cd42f9339e939052b11f,background,1.0
033275ccc2c7c5c38592ae893da0b5923cf90717,c86e5250ded531f8b7747ec05f3b49ba994359ee,background,1.0
033275ccc2c7c5c38592ae893da0b5923cf90717,cff582c6d7a28c48e0d37ac3c10ea9a8c3fc4e78,background,1.0
033275ccc2c7c5c38592ae893da0b5923cf90717,d2c177f6386e7b88b406e2f741ed5387e4ced3b0,background,1.0
033275ccc2c7c5c38592ae893da0b5923cf90717,d565f60b11032fe9d9d842eb6b67057c97638c71,background,1.0
033275ccc2c7c5c38592ae893da0b5923cf90717,d6d1403e4ae95776e75e12378e675a82101cf33c,background,1.0
033275ccc2c7c5c38592ae893da0b5923cf90717,d7f9bc1acde978072050b6fe2dfdb237f94e480e,background,1.0
033275ccc2c7c5c38592ae893da0b5923cf90717,d94e7aeab88d07f0b50b7866ceb5baa3c29be859,background,1.0
033275ccc2c7c5c38592ae893da0b5923cf90717,e7139f6831f32bff95c1a9cfc9b10ec4f24ce36b,background,1.0
033275ccc2c7c5c38592ae893da0b5923cf90717,f92535edac9d1c735feabdb4d94c1157f12d899c,background,1.0
033275ccc2c7c5c38592ae893da0b5923cf90717,fd2be70debe968d67514507c1bc362c78867ff15,background,1.0
035b2d70203a267ed8fa03432e28e839676ba16a,703d49a335799262e474ed8fe6044cd641a9e00a,background,1.0
036dfe3a81b2c71c3970e079c189d24e88a716cb,459cf4e6476d5e19f1bc422c162bcded54ca7f95,background,1.0
039552a031dfaedb7b6f1d7560d6104406165dd5,4f873d5a3ab80402e206a361eeffd3b69f014db0,background,1.0
03ec681537288cdcc8f3c18cec11330be4192e06,85b681e08c9db87dc19a5d5d8664e0027a8e8ad9,background,1.0
0443c9a0fbb403d5e7d3593f5d286cb74ed0b490,1d0d84a1f4e8de75151d88bd152816f18109d032,background,1.0
0446d4be47186ec885acce5fa228c6aa08e226f1,703d49a335799262e474ed8fe6044cd641a9e00a,background,1.0
045d89342c18c9b40549170b6c4f22edb808f2fb,17a6213e30895fb7e5d0b368236ea8beeb94ee86,background,1.0
0464669bb52dda5a52d656dc721ca468b2634e58,659d8b24e53e8adfbcb1f16b26ada2cb8afa2c85,background,1.0
049bf5252d47a0d3bab8bd13ef010c607e9d43bc,93e6ba25e4c45c3f204a09b6a6b8b02bd3596091,background,1.0
049bf5252d47a0d3bab8bd13ef010c607e9d43bc,c858ba9bce833896b49878a6793dbb382ed83c9e,background,1.0
04a6e415891c1d4538be450624d5e03a4d0f31cc,2d95c27d4ed8cfb8379164888cd79c6b239250b4,background,1.0
04f51eed1369f67fe5a0d8834651fb6c168bff79,44ec06d911eed44ee99be61bd9ce964a824a2ed7,background,1.0
0506740b4d949910d416a9dfc85160fb9c4af596,459cf4e6476d5e19f1bc422c162bcded54ca7f95,background,1.0
0506740b4d949910d416a9dfc85160fb9c4af596,689c7a86d973895a14feb984b8faa3d5581038ef,background,1.0
05fc1d58bd23cb3e7abc47ea2007a09a5378c5f1,087c755ff8689e4c5d846f952e9b2ed17dfe99f9,background,1.0
0600153a398f713513b683ff6298490428ebfe48,6ea38aacc779506909d425aa19114b92bb1854f8,background,1.0
060c2264f21f16523ed7c194e78fabc90a982c2f,703d49a335799262e474ed8fe6044cd641a9e00a,background,1.0
0618ee476140b99e23a80aff1bfb5fb657e190c3,13bd0e08713f0b340396634892d2c9e3c5bee548,background,1.0
0671379e4f5e3023ae38a1a02f72a096beabe4a9,a20e707395132f750fa958ebc0ea629b23b57bfe,background,1.0
06f91d7f2c0bddfa5150150a9fe2da9b216acdd0,b8e30590ac81875a7fc4f7cfd425bd5148a72f5c,background,1.0
07157302b9f474850ab23ab7e554a47e737fbbfe,514e4e91e0fbddaa85857760d4f206a18228d614,background,1.0
07870b0ee6dc8c9f1374eee2b0eb9032cc885ecf,44ec06d911eed44ee99be61bd9ce964a824a2ed7,background,1.0
07f05fd393c9562a4585030f2945945323191c0f,1d0d84a1f4e8de75151d88bd152816f18109d032,background,1.0
087c755ff8689e4c5d846f952e9b2ed17dfe99f9,114f5909886f8b505bc75ff179bdaa3a35ed862f,background,1.0
087c755ff8689e4c5d846f952e9b2ed17dfe99f9,1a85628dd645ea86b7c146613651fdb30bb32c1d,background,1.0
087c755ff8689e4c5d846f952e9b2ed17dfe99f9,28b5df48dd23ffc7e7d64fc43e2a420e05ab88f8,background,1.0
087c755ff8689e4c5d846f952e9b2ed17dfe99f9,37ea01066a563c661587b7c3f50fbf64d1bf311a,background,1.0
087c755ff8689e4c5d846f952e9b2ed17dfe99f9,38e80ecf905f74e734f8177f663310ac74072a99,background,1.0
087c755ff8689e4c5d846f952e9b2ed17dfe99f9,40b551e16a75449b8f59c455c9c995ba4da6ab66,background,1.0
087c755ff8689e4c5d846f952e9b2ed17dfe99f9,4748d22348e72e6e06c2476486afddbc76e5eca7,background,1.0
087c755ff8689e4c5d846f952e9b2ed17dfe99f9,4f662c42b2bd52422b70d8f44175f33cec4f8969,background,1.0
087c755ff8689e4c5d846f952e9b2ed17dfe99f9,61a912322b70be5b29920a8f9dde47254e364a5a,background,1.0
087c755ff8689e4c5d846f952e9b2ed17dfe99f9,69d10ea099a2280639bdc43336fd8e4bd4d5ef92,background,1.0
087c755ff8689e4c5d846f952e9b2ed17dfe99f9,6d9400b40e092c9d79ff9846b3133b8baf43ac42,background,1.0
087c755ff8689e4c5d846f952e9b2ed17dfe99f9,7d88d1b6140af888ec367e7e8c5f7265c87975db,background,1.0
087c755ff8689e4c5d846f952e9b2ed17dfe99f9,830de5d61d5ee31a9b5223c1d9a722bce5e29e52,background,1.0
087c755ff8689e4c5d846f952e9b2ed17dfe99f9,899f86566b04e7a79d15cd2df62fbb2e66ec8b75,background,1.0
087c755ff8689e4c5d846f952e9b2ed17dfe99f9,9ab45aa875b56335303398e84a59a3756cd9d530,background,1.0
087c755ff8689e4c5d846f952e9b2ed17dfe99f9,b538999f458a12df98d197befcc4426525cf8237,background,1.0
087c755ff8689e4c5d846f952e9b2ed17dfe99f9,b8479ba8d26c593f969598495ddf8a6bf9839f85,background,1.0
087c755ff8689e4c5d846f952e9b2ed17dfe99f9,bf6ee0a99c7c52e804485a3dd88506c15d29702c,background,1.0
087c755ff8689e4c5d846f952e9b2ed17dfe99f9,c1799bf28d1ae93e1631be5b59196ee1e568f538,background,1.0
087c755ff8689e4c5d846f952e9b2ed17dfe99f9,db6084fdb3baceddacdc726474722debe1ef7e65,background,1.0
087c755ff8689e4c5d846f952e9b2ed17dfe99f9,eb9c4a07a336e8deefe7b399c550d3af0241238e,background,1.0
08af08f58f767a3ac6a967167185230b927b92f0,d427db1ba2cc92b36d16a5e5114f1027c90fff68,background,1.0
08e4c1166fbd2af490584f3bbef070f79a4e3427,86e9b0585c8b866665de18b2744d69aefff3e16d,background,1.0
091e9750202cb64fde47c58f9dab04caebe0550f,c867c372ed78e27c53feaf788e74aa7506302bbe,background,1.0
096dd701f7d5b456a95a13af517b9c983d3dc2d6,c858ba9bce833896b49878a6793dbb382ed83c9e,background,1.0
09c8e630e7fe872d637f9ca382f0a74251fe5167,703d49a335799262e474ed8fe6044cd641a9e00a,background,1.0
09d9cd1dd6e32005f37a7906a163d38f55124e85,d154d986c3a402c207c6c0e22093f2e1a878fe71,background,1.0
0a112f4105b3117de5617a01c31acd8f31dadfb3,6e08bd9b6ecb3e3978de66c5f8bd8636367413bc,background,1.0
0a15112fc1ee8eebd7e3a183e8b5cbbfec1f28a4,bcca5c7e9180c4890936343d79e812cb16cbefb6,background,1.0
0a4c387e78472bb69c3429319463571dae38dba5,459cf4e6476d5e19f1bc422c162bcded54ca7f95,background,1.0
0a574c06366dd66c510e69ddcb0cc6b7e6dc5754,703d49a335799262e474ed8fe6044cd641a9e00a,background,1.0
0abc053c2504c338c73ce53573bb8e81d7820cdc,f295128bb1846e441a5195d5bbf4902f49186e30,background,1.0
0b04a1a6b33afc0f7ed2b2dfc186055554ea9f5b,86e9b0585c8b866665de18b2744d69aefff3e16d,background,1.0
0b083953239d0617b534a0d76762fa8350db4e6f,93e6ba25e4c45c3f204a09b6a6b8b02bd3596091,background,1.0
0b26aab0be55696b664cb60d4f6591e34df080fe,d427db1ba2cc92b36d16a5e5114f1027c90fff68,background,1.0
0b26c6d1323d40445aaa2108ca773da4732f2861,0443c9a0fbb403d5e7d3593f5d286cb74ed0b490,background,1.0
0b5ec3959bdacaa93e4407750904ed2acd26a4f1,16a65dcd609d48f79a9a271377628fdae5315a62,background,1.0
0b91fb978fdd5110e39501dd51fe1ce9c8a4f836,c858ba9bce833896b49878a6793dbb382ed83c9e,background,1.0
0c3b9eda74ae9d9f31ad30effa9b672916704968,e8505f6175585713aa7b785285b3abc4113b57ef,background,1.0
0d44a7de3eeddfe94b894476004c5bacc7288f95,514e4e91e0fbddaa85857760d4f206a18228d614,background,1.0
0dc17bf8d734f246f8e590d0021b29980775b195,02808823641975868e3212fd7ae859514fdbdf32,background,1.0
0dc17bf8d734f246f8e590d0021b29980775b195,2d95c27d4ed8cfb8379164888cd79c6b239250b4,background,1.0
0dc17bf8d734f246f8e590d0021b29980775b195,659d8b24e53e8adfbcb1f16b26ada2cb8afa2c85,background,1.0
0dcf0c2ebb1c2e5d36e106875256626a85c91986,033275ccc2c7c5c38592ae893da0b5923cf90717,background,1.0
0dd2b81253fe5e3f03af90f051c38cd2b2c5180a,1cbbe1a129c0d1f53d8e16ca74238334372507dc,background,1.0
0dd2b81253fe5e3f03af90f051c38cd2b2c5180a,d852660e15e82ae150dcde105639ba2c7d90f01f,background,1.0
0dd4c4328faca862589d85b66c12578f81be717e,86e9b0585c8b866665de18b2744d69aefff3e16d,background,1.0
0dd4c4328faca862589d85b66c12578f81be717e,b8e30590ac81875a7fc4f7cfd425bd5148a72f5c,background,1.0
0dfadc820baac4b44b8d3afeea3d89e11339ca1f,689c7a86d973895a14feb984b8faa3d5581038ef,background,1.0
0dfadc820baac4b44b8d3afeea3d89e11339ca1f,a20e707395132f750fa958ebc0ea629b23b57bfe,background,1.0
0e2900d81b432f4d25a1264112c05d9f8cff0efe,bcca5c7e9180c4890936343d79e812cb16cbefb6,background,1.0
0e2900d81b432f4d25a1264112c05d9f8cff0efe,c867c372ed78e27c53feaf788e74aa7506302bbe,background,1.0
0e43c715169a4cb43bcc1da8c34316f7ae69f5c2,459cf4e6476d5e19f1bc422c162bcded54ca7f95,background,1.0
0e91b2e8a59e7c34e0c5cd58c99dd202b28109e8,16a65dcd609d48f79a9a271377628fdae5315a62,background,1.0
0e91b2e8a59e7c34e0c5cd58c99dd202b28109e8,459cf4e6476d5e19f1bc422c162bcded54ca7f95,background,1.0
0e91b2e8a59e7c34e0c5cd58c99dd202b28109e8,a20e707395132f750fa958ebc0ea629b23b57bfe,background,1.0
0e91b2e8a59e7c34e0c5cd58c99dd202b28109e8,bcca5c7e9180c4890936343d79e812cb16cbefb6,background,1.0
0ea68e613393b930c97175c516459dbec5dfd238,86e9b0585c8b866665de18b2744d69aefff3e16d,background,1.0
0f15980152dc3ab33d72b47838462267ea9c81d3,85b681e08c9db87dc19a5d5d8664e0027a8e8ad9,background,1.0
0f1ac0f065fd8625e4d9376961832528e7d2c0d9,17a6213e30895fb7e5d0b368236ea8beeb94ee86,background,1.0
0f5cfb4afaf7dbc95f8a11c1edfa18881bd16e6e,1d0d84a1f4e8de75151d88bd152816f18109d032,background,1.0
0fd8364b7e6c45beec36cba20edd0bfeaf18e09e,93e6ba25e4c45c3f204a09b6a6b8b02bd3596091,background,1.0
1034a13db4ce393c00484194e968faae7f410aea,86e9b0585c8b866665de18b2744d69aefff3e16d,background,1.0
104b95d349948e196b49eba101ea8bf14c8a73dc,c867c372ed78e27c53feaf788e74aa7506302bbe,background,1.0
10d6e500c37313a00a4eda236138ecaadd6dd876,2d95c27d4ed8cfb8379164888cd79c6b239250b4,background,1.0
115b93272e0311e5e7f2ca2108b0cdf7ea4fa6cd,087c755ff8689e4c5d846f952e9b2ed17dfe99f9,background,1.0
11613de2ea5f94635383e7a4e4742758caf2d243,7549a6e03afdd42ae94c19235db076319eeb34f8,background,1.0
1164e5389bd8d355d379c3e07c0f956b55e7a5eb,27d0ae215acfaa5914fc13cea20626c9470848c2,background,1.0
1166d9647cff004cadd677bcb5a580e86c593826,6e08bd9b6ecb3e3978de66c5f8bd8636367413bc,background,1.0
116d789c5240de651b4d455ed71d68c5eb4cecb5,86e9b0585c8b866665de18b2744d69aefff3e16d,background,1.0
11794cd5ca0fee8b26a9c6ab5430a53cc37cd9cc,7549a6e03afdd42ae94c19235db076319eeb34f8,background,1.0
11c74e1fb11d80740f3ddf71c54496e441fd4a16,16a65dcd609d48f79a9a271377628fdae5315a62,background,1.0
122a535ae02d4e0fa2512f9c3be77eae6a007266,02808823641975868e3212fd7ae859514fdbdf32,background,1.0
122a535ae02d4e0fa2512f9c3be77eae6a007266,d154d986c3a402c207c6c0e22093f2e1a878fe71,background,1.0
1270bcf3eadb6072a821e61a2fefb1935ee15dc6,c867c372ed78e27c53feaf788e74aa7506302bbe,background,1.0
12b4edea5208e9019d7dc4105d31bcb66f2336e2,a20e707395132f750fa958ebc0ea629b23b57bfe,background,1.0
131b6e4f803cf5fb3df947132cf8c731065881d5,c858ba9bce833896b49878a6793dbb382ed83c9e,background,1.0
131b6e4f803cf5fb3df947132cf8c731065881d5,d852660e15e82ae150dcde105639ba2c7d90f01f,background,1.0
131db6726827fea1b0012f9a6419f56798bdd49e,93e6ba25e4c45c3f204a09b6a6b8b02bd3596091,background,1.0
133f659fac4d5b60098ede4e3efe789425898674,1d0d84a1f4e8de75151d88bd152816f18109d032,background,1.0
1345b2d16f5542556144856620b0f9efe519a168,c867c372ed78e27c53feaf788e74aa7506302bbe,background,1.0
1350477cc06ff620b47cc509e0a7bb986dfb0c8a,6ea38aacc779506909d425aa19114b92bb1854f8,background,1.0
1362dd2314e893e367f67b5d0d1df73b00a6f8c5,b8e30590ac81875a7fc4f7cfd425bd5148a72f5c,background,1.0
139287fd5444fe2e5128fef913afbd17d63b0e51,02808823641975868e3212fd7ae859514fdbdf32,background,1.0
139e371a1e2bf83e5662d6340dd2932556654f55,b8e30590ac81875a7fc4f7cfd425bd5148a72f5c,background,1.0
13e8abc908f8f6b6bd95528b401491b1367b9fda,703d49a335799262e474ed8fe6044cd641a9e00a,background,1.0
1468207a8fc827d17d76434477016c48c85861ce,06424dcd3be195738b653d2ee4358d9974f4cb30,background,1.0
14f60d91bcd33b090cc39ee2d2f6d870f61627b2,86e9b0585c8b866665de18b2744d69aefff3e16d,background,1.0
1511641044e0531488675eb7514ad517c282cca7,1d0d84a1f4e8de75151d88bd152816f18109d032,background,1.0
152e16b8eb622b3b9ec36a806eafca1d0d965708,16a65dcd609d48f79a9a271377628fdae5315a62,background,1.0
152e16b8eb622b3b9ec36a806eafca1d0d965708,a20e707395132f750fa958ebc0ea629b23b57bfe,background,1.0
1534872453944130329d5d6b4cf3ced007bfb31e,033275ccc2c7c5c38592ae893da0b5923cf90717,background,1.0
160209b98c0fb3c7d3c3d80e6f8e37b89d3e7110,703d49a335799262e474ed8fe6044cd641a9e00a,background,1.0
1637c6b1db09a18c5a96b0da8be599e66bec6ace,3ca49899da83e160280c709288973e9caed30fa2,background,1.0
165b71f5d143b6d07da11c80a4eec568608a7a12,6ea38aacc779506909d425aa19114b92bb1854f8,background,1.0
16a65dcd609d48f79a9a271377628fdae5315a62,00100ea34eaaab7b50c0de2bf143469bb854af16,background,1.0
16a65dcd609d48f79a9a271377628fdae5315a62,050395689a713c0f1c6cc2483e10fc2b8bfec4e2,background,1.0
16a65dcd609d48f79a9a271377628fdae5315a62,06934d6a2220d58eac1603f8b58ded2081b018fa,background,1.0
16a65dcd609d48f79a9a271377628fdae5315a62,0b528466d3090194a002b2267506a869f0cce3c0,background,1.0
16a65dcd609d48f79a9a271377628fdae5315a62,0e768d0299ac74e5f89a5f80955c091eaf2823d1,background,1.0
16a65dcd609d48f79a9a271377628fdae5315a62,1d43a1eb91b1ffc1a34cafbbdc263e7816d6d7df,background,1.0
16a65dcd609d48f79a9a271377628fdae5315a62,258a350c54890659e1fafc2d3e4f98e34b812f56,background,1.0
16a65dcd609d48f79a9a271377628fdae5315a62,3962ddcab496d4a2a7196dcef370c87f58a3133d,background,1.0
16a65dcd609d48f79a9a271377628fdae5315a62,401a46fbf579ba6f3a51ec20df63dbb45409ccfc,background,1.0
16a65dcd609d48f79a9a271377628fdae5315a62,430fd08176f58140b6a0b239902cb6575bcfc565,background,1.0
16a65dcd609d48f79a9a271377628fdae5315a62,4a2a43580d63331f6dfe666c7133f8a38a822a44,background,1.0
16a65dcd609d48f79a9a271377628fdae5315a62,4d094b2949c8f863d3be83d86e498588ed6032de,background,1.0
16a65dcd609d48f79a9a271377628fdae5315a62,54c31f9d122271ada312ee35eef9771b2a075e1f,background,1.0
16a65dcd609d48f79a9a271377628fdae5315a62,559752b06736e8cac94079b82e222d6be6576e55,background,1.0
16a65dcd609d48f79a9a271377628fdae5315a62,55e5ee34800f50e06320798bbdfcc1231684f415,background,1.0
16a65dcd609d48f79a9a271377628fdae5315a62,59dfdb38f27835e4aa4da5da40301c7e0b9a7f0d,background,1.0
16a65dcd609d48f79a9a271377628fdae5315a62,6084ffa1c52e5bc4b7265e3bf692e07bcf4b39b3,background,1.0
16a65dcd609d48f79a9a271377628fdae5315a62,69bbc118f14aad3a51209235ced268494779f2ef,background,1.0
16a65dcd609d48f79a9a271377628fdae5315a62,6a3226a627e8f4dcdf75379355f997eec2abc1b3,background,1.0
16a65dcd609d48f79a9a271377628fdae5315a62,6cc4b0919f14bdcba4d3f1d97b04bd134bfb45c4,background,1.0
16a65dcd609d48f79a9a271377628fdae5315a62,6ebd11a7e9168bcb18457eedc8d062afc006a489,background,1.0
16a65dcd609d48f79a9a271377628fdae5315a62,78d86b0277e281ad561fcc25bb6099a612944c14,background,1.0
16a65dcd609d48f79a9a271377628fdae5315a62,7c76cd257781830f83af31b6460a81cef32c25aa,background,1.0
16a65dcd609d48f79a9a271377628fdae5315a62,7efd35eb509190bf1d006d4a28b1bf89b812241a,background,1.0
16a65dcd609d48f79a9a271377628fdae5315a62,80f51d272ba050c2419c919e312ecb3922c4c1b3,background,1.0
16a65dcd609d48f79a9a271377628fdae5315a62,82181d5c33590a81ab3b773c3948141eb22d89fb,background,1.0
16a65dcd609d48f79a9a271377628fdae5315a62,8b8dd707258cfa01ee816c87c9ae34e0ec7eaccf,background,1.0
16a65dcd609d48f79a9a271377628fdae5315a62,a0b789d1f3afe9cf6fadfaa8f120479181f0c4e5,background,1.0
16a65dcd609d48f79a9a271377628fdae5315a62,a2b209a27e4306d0eae280576685acf9b591c352,background,1.0
16a65dcd609d48f79a9a271377628fdae5315a62,ade55349859c3d8a313f2aeb93fc993b0405dba3,background,1.0
16a65dcd609d48f79a9a271377628fdae5315a62,beb37468be7c9848fd5a8d450d3fece201dc999d,background,1.0
16a65dcd609d48f79a9a271377628fdae5315a62,c20692ae9385be5ca721039ae3c2f18c20f72b5f,background,1.0
16a65dcd609d48f79a9a271377628fdae5315a62,c42e70aeca20d43d3846e1cf61ae1ca5a84515a7,background,1.0
16a65dcd609d48f79a9a271377628fdae5315a62,c61de4f87155fe7212efaf03819129773a6f2a10,background,1.0
16a65dcd609d48f79a9a271377628fdae5315a62,cac8ccce578e1a70a6eac1b4f716a3ea4bec7517,background,1.0
16a65dcd609d48f79a9a271377628fdae5315a62,cc9344f7ef22f27ec864fdc492e781cdfc81b407,background,1.0
16a65dcd609d48f79a9a271377628fdae5315a62,ce05a808109c6307485aeda93945cd3b0e536623,background,1.0
16a65dcd609d48f79a9a271377628fdae5315a62,cfb4301100b2ba29e4209cfa4c874f08ebe10c1f,background,1.0
16a65dcd609d48f79a9a271377628fdae5315a62,d10eae4603b236e595bf4c11e0e7d350c7256be2,background,1.0
16a65dcd609d48f79a9a271377628fdae5315a62,d852660e15e82ae150dcde105639ba2c7d90f01f,background,1.0
16a65dcd609d48f79a9a271377628fdae5315a62,d8bd861b292233072aa40ab6bc029ac94d7f30af,background,1.0
16a65dcd609d48f79a9a271377628fdae5315a62,da6de739df33c5faca669bdc3a564cdbdefe1e58,background,1.0
16a65dcd609d48f79a9a271377628fdae5315a62,dcbf7a3b38abed5105d8447a985a6ba23ba4e09c,background,1.0
16a65dcd609d48f79a9a271377628fdae5315a62,dec1a0ac741bba51ee128599c92419aebf685194,background,1.0
16a65dcd609d48f79a9a271377628fdae5315a62,e0fb2512d8b88860b4cd1a28c18024b76c1b97d1,background,1.0
16a65dcd609d48f79a9a271377628fdae5315a62,e4b52a1a00e9db941326fc857b95245cbfb60bce,background,1.0
16a65dcd609d48f79a9a271377628fdae5315a62,e8fda24e92b4c088d0fa5361ec2a6eb44fdf5ce9,background,1.0
16a65dcd609d48f79a9a271377628fdae5315a62,f148264f42c5119182ac9152f9225bdfbccfbc34,background,1.0
16a65dcd609d48f79a9a271377628fdae5315a62,f4f3a22332f59e3bfe737ffc99098d8af4994e03,background,1.0
16b08639e68100b9a0643012cf5109a3fe97554c,85b681e08c9db87dc19a5d5d8664e0027a8e8ad9,background,1.0
16b752277249ab5420b14d81222f600fcd6ad22a,59078a26c42e8609244f1c3e01f05af74a3773bf,background,1.0
171a0b55884afd8bf9fb3f25ab280adb25275361,d852660e15e82ae150dcde105639ba2c7d90f01f,background,1.0
1730e39bdb3c8829f201ad9a23b707c13a089ca7,16a65dcd609d48f79a9a271377628fdae5315a62,background,1.0
174352818a3fd986e1885a79770e262ab7310a1f,c867c372ed78e27c53feaf788e74aa7506302bbe,background,1.0
17a56eb8309500f686f3d9ad67cbc8bc039f8187,f295128bb1846e441a5195d5bbf4902f49186e30,background,1.0
17a6213e30895fb7e5d0b368236ea8beeb94ee86,009560d2710138a446e6e254d8ddcb65eaa0e687,background,1.0
17a6213e30895fb7e5d0b368236ea8beeb94ee86,02882aa74675b324808096609037a2dffb24c713,background,1.0
17a6213e30895fb7e5d0b368236ea8beeb94ee86,0ca7d8c3250d43d14fdde46bf6fc299654d861ef,background,1.0
17a6213e30895fb7e5d0b368236ea8beeb94ee86,0ec2a62edef364f4bef1e1b265d3d7869bb4444a,background,1.0
17a6213e30895fb7e5d0b368236ea8beeb94ee86,1057c047156594c8494b7e5f1f747d9f15dd1162,background,1.0
17a6213e30895fb7e5d0b368236ea8beeb94ee86,13497bd108d4412d02050e646235f456568cf822,background,1.0
17a6213e30895fb7e5d0b368236ea8beeb94ee86,150f95f9c73820e0a0fa1546140e9f2bdfd25954,background,1.0
17a6213e30895fb7e5d0b368236ea8beeb94ee86,1b04936c2599e59b120f743fbb30df2eed3fd782,background,1.0
17a6213e30895fb7e5d0b368236ea8beeb94ee86,204e3073870fae3d05bcbc2f6a8e263d9b72e776,background,1.0
17a6213e30895fb7e5d0b368236ea8beeb94ee86,24741d280869ad9c60321f5ab6e5f01b7852507d,background,1.0
17a6213e30895fb7e5d0b368236ea8beeb94ee86,2582ab7c70c9e7fcb84545944eba8f3a7f253248,background,1.0
17a6213e30895fb7e5d0b368236ea8beeb94ee86,26bc9195c6343e4d7f434dd65b4ad67efe2be27a,background,1.0
17a6213e30895fb7e5d0b368236ea8beeb94ee86,271b31b41782d11c5176a260f0ecdf2611b21e77,background,1.0
17a6213e30895fb7e5d0b368236ea8beeb94ee86,2a3f862199883ceff5e3c74126f0c80770653e05,background,1.0
17a6213e30895fb7e5d0b368236ea8beeb94ee86,2c03df8b48bf3fa39054345bafabfeff15bfd11d,background,1.0
17a6213e30895fb7e5d0b368236ea8beeb94ee86,30321b036607a7936221235ea8ec7cf7c1627100,background,1.0
17a6213e30895fb7e5d0b368236ea8beeb94ee86,40b49547451b840f959a3100a3faacfa5cb2ff55,background,1.0
17a6213e30895fb7e5d0b368236ea8beeb94ee86,481bd9ed53700ca2a1f1361fc18abc108639d78b,background,1.0
17a6213e30895fb7e5d0b368236ea8beeb94ee86,4e11ebdc3e4f30d774458fab9e4b45ff0d0aa971,background,1.0
17a6213e30895fb7e5d0b368236ea8beeb94ee86,5107784c74f7f3a733e337a5190247cd04869cd6,background,1.0
17a6213e30895fb7e5d0b368236ea8beeb94ee86,5fa06d856ba6ae9cd1366888f8134d7fd0db75b9,background,1.0
17a6213e30895fb7e5d0b368236ea8beeb94ee86,611dac316bf03112c778cf7365d08e4a9d171876,background,1.0
17a6213e30895fb7e5d0b368236ea8beeb94ee86,63a513832f56addb67be81a2fa399b233f3030fc,background,1.0
17a6213e30895fb7e5d0b368236ea8beeb94ee86,6b6ef3a4aef961bfe440f2e5386f0ecc1efe775f,background,1.0
17a6213e30895fb7e5d0b368236ea8beeb94ee86,6b7d6e6416343b2a122f8416e69059ce919026ef,background,1.0
17a6213e30895fb7e5d0b368236ea8beeb94ee86,6d801505d744dff6bb787b284ded9c2ef901ebbc,background,1.0
17a6213e30895fb7e5d0b368236ea8beeb94ee86,74982b942f4c64a0a692d70eef8df6971edafc6c,background,1.0
17a6213e30895fb7e5d0b368236ea8beeb94ee86,79aa748e48e8a1d1de3f9eb7cbb81ca50ecad87f,background,1.0
17a6213e30895fb7e5d0b368236ea8beeb94ee86,7e3c3fee11758b15b56d719cca819303eca9b54b,background,1.0
17a6213e30895fb7e5d0b368236ea8beeb94ee86,90abbc2cf38462b954ae1b772fac9532e2ccd8b0,background,1.0
17a6213e30895fb7e5d0b368236ea8beeb94ee86,93d63ec754f29fa22572615320afe0521f7ec66d,background,1.0
17a6213e30895fb7e5d0b368236ea8beeb94ee86,95cd83603a0d2b6918a8e34a5637a8f382da96f5,background,1.0
17a6213e30895fb7e5d0b368236ea8beeb94ee86,9fe69cf5c104b2205cdb7908df8cdb389256b4b5,background,1.0
17a6213e30895fb7e5d0b368236ea8beeb94ee86,a2ec47b9bcc95d2456a8a42199233e5d9129ef18,background,1.0
17a6213e30895fb7e5d0b368236ea8beeb94ee86,bc9550cbc88816383a9c56f4e54b4d641bea924e,background,1.0
17a6213e30895fb7e5d0b368236ea8beeb94ee86,cd8a9914d50b0ac63315872530274d158d6aff09,background,1.0
17a6213e30895fb7e5d0b368236ea8beeb94ee86,d6b68954d6acddce319de327af65d164bdfc5543,background,1.0
17a6213e30895fb7e5d0b368236ea8beeb94ee86,df2b0e26d0599ce3e70df8a9da02e51594e0e992,background,1.0
17a6213e30895fb7e5d0b368236ea8beeb94ee86,e24cdf73b3e7e590c2fe5ecac9ae8aa983801367,background,1.0
17a6213e30895fb7e5d0b368236ea8beeb94ee86,e3d1175f5b522220c31f96c5c6753a0757aae471,background,1.0
17a6213e30895fb7e5d0b368236ea8beeb94ee86,e74f9b7f8eec6ba4704c206b93bc8079af3da4bd,background,1.0
17a6213e30895fb7e5d0b368236ea8beeb94ee86,ec137355ae1c6f7846ae9ce3099574812a9cfa47,background,1.0
17a6213e30895fb7e5d0b368236ea8beeb94ee86,fd27c08b7105da3412f3b285ea23b3a6dd92409b,background,1.0
17a68252af397448b71abebd5608acb348eee8ae,1a85628dd645ea86b7c146613651fdb30bb32c1d,background,1.0
18052859fd04f6f2ef016d4fca320674332c8c6b,17a6213e30895fb7e5d0b368236ea8beeb94ee86,background,1.0
181e941ace3ae16daa3d73fed86d0155971b768e,4f873d5a3ab80402e206a361eeffd3b69f014db0,background,1.0
18886c3a84c6896ce8f053d2431c30643a31e062,689c7a86d973895a14feb984b8faa3d5581038ef,background,1.0
188d1ad5acbbb8678560e5dc6ff7b0de25a9e53b,033275ccc2c7c5c38592ae893da0b5923cf90717,background,1.0
189ac23ee96900d1e07fd40f542dede58eff447c,0443c9a0fbb403d5e7d3593f5d286cb74ed0b490,background,1.0
18a5e0d6cfb2b5e7bebe6de6ac6a7b4a543b5c7b,06424dcd3be195738b653d2ee4358d9974f4cb30,background,1.0
18be2417562b05187db186de687a1c2fc120d18a,6e08bd9b6ecb3e3978de66c5f8bd8636367413bc,background,1.0
18befbd75221c3314208d8bd993eee541b9248f9,2d95c27d4ed8cfb8379164888cd79c6b239250b4,background,1.0
193595fc67baa9c32343cf16562f60ea938eb2f2,689c7a86d973895a14feb984b8faa3d5581038ef,background,1.0
194bd82622424193ab865ee2b4cfb9ac5a4c2073,44ec06d911eed44ee99be61bd9ce964a824a2ed7,background,1.0
19a72c545090b4e2476753e7ac78e02d84867089,85b681e08c9db87dc19a5d5d8664e0027a8e8ad9,background,1.0
1a227d36fbd14b1460c18c3c66f8af64ea4f2571,a20e707395132f750fa958ebc0ea629b23b57bfe,background,1.0
1a3950694ab2262f033eb6c3405abf1f0a6b6d2a,27d0ae215acfaa5914fc13cea20626c9470848c2,background,1.0
1a5c5437511d6dd0f4ae16ef38dc140fa2b4ef3e,459cf4e6476d5e19f1bc422c162bcded54ca7f95,background,1.0
1a5f8c8da08071848f400fafd00b6437c06a6ec7,514e4e91e0fbddaa85857760d4f206a18228d614,background,1.0
1a709e8e1f46126c2242e8020fcc4d5f3a52d614,4f873d5a3ab80402e206a361eeffd3b69f014db0,background,1.0
1a85628dd645ea86b7c146613651fdb30bb32c1d,093b6c06bde2cb42af710553171e59d56f250d03,background,1.0
1a85628dd645ea86b7c146613651fdb30bb32c1d,252e06d9d9f32e50c000bf93baffd1b2578f1bdf,background,1.0
1a85628dd645ea86b7c146613651fdb30bb32c1d,283ae048d4bd7603bbf7bdae059580079439e1b8,background,1.0
1a85628dd645ea86b7c146613651fdb30bb32c1d,2d867297dfe0d3ce2ed5b1d0f2dff88cac46ee94,background,1.0
1a85628dd645ea86b7c146613651fdb30bb32c1d,2eac2cd4dadd45129b9ea21a0a9c453731c7c7a4,background,1.0
1a85628dd645ea86b7c146613651fdb30bb32c1d,32c1e0f9ef6f1e337fe4aa2a4907314e5a3f4a5b,background,1.0
1a85628dd645ea86b7c146613651fdb30bb32c1d,3341204d1d443d1a8d35a23b651dace27e400c94,background,1.0
1a85628dd645ea86b7c146613651fdb30bb32c1d,3547d099f8336d32c9c8b43084acfb83ad07c083,background,1.0
1a85628dd645ea86b7c146613651fdb30bb32c1d,39ac2e0fc4ec63753306f99e71e0f38133e58ead,background,1.0
1a85628dd645ea86b7c146613651fdb30bb32c1d,3a1c2c8bd0e09893a65aca2af49fd60da58ed2f3,background,1.0
1a85628dd645ea86b7c146613651fdb30bb32c1d,3a64f4551ad5297ff6d89e9464c9cccb72b464bb,background,1.0
1a85628dd645ea86b7c146613651fdb30bb32c1d,472732617ad0603bb49e6e3a8dd6c5a7f779f91d,background,1.0
1a85628dd645ea86b7c146613651fdb30bb32c1d,4f00435f66a3dee7d5965fe8696c56f67021f1cc,background,1.0
1a85628dd645ea86b7c146613651fdb30bb32c1d,59f1df2f60280eea79d195b9c561d52a77fb24de,background,1.0
1a85628dd645ea86b7c146613651fdb30bb32c1d,5fdc69dbcdcc0ee038b86c849f09fb7b0809c92d,background,1.0
1a85628dd645ea86b7c146613651fdb30bb32c1d,68e2d9fc64898907dddb14a28485a2a0e87501bd,background,1.0
1a85628dd645ea86b7c146613651fdb30bb32c1d,7c70459d56214a7a3202732670f5ce726508eff6,background,1.0
1a85628dd645ea86b7c146613651fdb30bb32c1d,8edfd06027fd14ae5ae64f7c21c5e2d3a51801dd,background,1.0
1a85628dd645ea86b7c146613651fdb30bb32c1d,8f973517436e21e4e6f54b37837a9f6681d06265,background,1.0
1a85628dd645ea86b7c146613651fdb30bb32c1d,96ec0727355cc2f12d66d3e5efb39acea2555b49,background,1.0
1a85628dd645ea86b7c146613651fdb30bb32c1d,a2f6895606be2ff7193cf75307989fd43f30c856,background,1.0
1a85628dd645ea86b7c146613651fdb30bb32c1d,a8cc0c46f5b0c344701bce60586cc9bf319647ea,background,1.0
1a85628dd645ea86b7c146613651fdb30bb32c1d,ac5ff123f6635871897e50e278f826ceeae576e0,background,1.0
1a85628dd645ea86b7c146613651fdb30bb32c1d,acb7f2cea33f79a212b26eaa6e38dca5c7867786,background,1.0
1a85628dd645ea86b7c146613651fdb30bb32c1d,ce2a41d31657c32a4945d79d5902b1576fed3ad8,background,1.0
1a85628dd645ea86b7c146613651fdb30bb32c1d,d57ca29d73272e139c04f118d5c3107dfb964596,background,1.0
1a85628dd645ea86b7c146613651fdb30bb32c1d,da4e2841527a68abc9375457d5c8b87db35fa8e2,background,1.0
1a85628dd645ea86b7c146613651fdb30bb32c1d,e34bf36ea7ff9571bcdc975b73defdc792b58b2e,background,1.0
1a85628dd645ea86b7c146613651fdb30bb32c1d,ebfdbd5c3de63af2c86a026c12772966be3e2445,background,1.0
1a85628dd645ea86b7c146613651fdb30bb32c1d,f295157f37cfb43cd8d8d2690ea124edc5ea59c2,background,1.0
1b17f3233d31ee83408b692d79916592ba06fedc,459cf4e6476d5e19f1bc422c162bcded54ca7f95,background,1.0
1b3fe574e77cab0696809ba926dad0a71fc99234,1a85628dd645ea86b7c146613651fdb30bb32c1d,background,1.0
1b795d438bee38f3ed0e554328b6a6de9bb30c5f,5abf79226a8ffa2dcf33ca98bfc36c8bb01cc4fc,background,1.0
1b820283a7e79e4111ffbc7383cd8451c56e3578,86e9b0585c8b866665de18b2744d69aefff3e16d,background,1.0
1c0e9a60b4126bcba47d241c54b235cf58f2a43f,1f4bee77bb69b92dd16ce0c3ad0f477f4ecf1d30,background,1.0
1c1143c9cd43ab161cd1bb03392337f48af2dcfe,514e4e91e0fbddaa85857760d4f206a18228d614,background,1.0
1c3409f46342fdbbbfbb01dddca911f82c9fdf6c,85b681e08c9db87dc19a5d5d8664e0027a8e8ad9,background,1.0
1cbbe1a129c0d1f53d8e16ca74238334372507dc,07aa07cb6791f336cb32643d54201eab295b2757,background,1.0
1cbbe1a129c0d1f53d8e16ca74238334372507dc,0a69c8815536a657668e089e3281ff2e963d947a,background,1.0
1cbbe1a129c0d1f53d8e16ca74238334372507dc,0ca7d8c3250d43d14fdde46bf6fc299654d861ef,background,1.0
1cbbe1a129c0d1f53d8e16ca74238334372507dc,14014c024674991149f3ecf9314c93f7e029ef1a,background,1.0
1cbbe1a129c0d1f53d8e16ca74238334372507dc,16965c78c57f6ae3a1f9cf0bc66c4f13977a5f25,background,1.0
1cbbe1a129c0d1f53d8e16ca74238334372507dc,1a03e26592d46d1533e97ba3030ae900ec4d1669,background,1.0
1cbbe1a129c0d1f53d8e16ca74238334372507dc,248031105cc00737877ded134852d0edeb43b73c,background,1.0
1cbbe1a129c0d1f53d8e16ca74238334372507dc,286d371febea99ec19044e69e163e8bd53137a7f,background,1.0
1cbbe1a129c0d1f53d8e16ca74238334372507dc,3308eeac303fd042f8d7659d9c43faa35173c39b,background,1.0
1cbbe1a129c0d1f53d8e16ca74238334372507dc,3443efc855cebd17d1512d1a703b6e9ee2e4da8b,background,1.0
1cbbe1a129c0d1f53d8e16ca74238334372507dc,3947688522579f2c657dd8323f30466fa10f979d,background,1.0
1cbbe1a129c0d1f53d8e16ca74238334372507dc,441068ef17c3332d4f0af6c146e37bd8748bb90e,background,1.0
1cbbe1a129c0d1f53d8e16ca74238334372507dc,454304628bf10f02aba1c2cfc95891e94d09208e,background,1.0
1cbbe1a129c0d1f53d8e16ca74238334372507dc,45f4585f12ed7310c2dbc487a2aa1ba23c568071,background,1.0
1cbbe1a129c0d1f53d8e16ca74238334372507dc,4aaff01365a68968e7f17a820fe579177a90899b,background,1.0
1cbbe1a129c0d1f53d8e16ca74238334372507dc,5984a0b6957b0e9ed8b030c3784f3ec367fbfd8c,background,1.0
1cbbe1a129c0d1f53d8e16ca74238334372507dc,60d8db6839e860e6e787e47df55f672b8f1fa873,background,1.0
1cbbe1a129c0d1f53d8e16ca74238334372507dc,68f34ed64fdf07bb1325097c93576658e061231e,background,1.0
1cbbe1a129c0d1f53d8e16ca74238334372507dc,6957a14503962507e54ba81f6de389c1d4f3efc6,background,1.0
1cbbe1a129c0d1f53d8e16ca74238334372507dc,6dcf5882576153d3d80945d7013acd1b9ef140c7,background,1.0
1cbbe1a129c0d1f53d8e16ca74238334372507dc,6fb8b967dad742eb390a3090f094a12f2d909538,background,1.0
1cbbe1a129c0d1f53d8e16ca74238334372507dc,758294483c308d9d6028321f0741b6e4617c9ab9,background,1.0
1cbbe1a129c0d1f53d8e16ca74238334372507dc,7c78452937f1ba2d332c98bf4e8254188c0f1266,background,1.0
1cbbe1a129c0d1f53d8e16ca74238334372507dc,7ccbe9525f69449b2eaaa86a7b3947b1d965e9c2,background,1.0
1cbbe1a129c0d1f53d8e16ca74238334372507dc,7e3b8a70d72a0ba4c7f189991d912822a1f2959d,background,1.0
1cbbe1a129c0d1f53d8e16ca74238334372507dc,8018a561d2ed821cfb4be7ce04993cabf9932c2f,background,1.0
1cbbe1a129c0d1f53d8e16ca74238334372507dc,80ba6bcc8068556359c7193c22d941e3b0b29e6e,background,1.0
1cbbe1a129c0d1f53d8e16ca74238334372507dc,83e89d56d0d0e1dfd8b52213e6cc2e191aaaf34b,background,1.0
1cbbe1a129c0d1f53d8e16ca74238334372507dc,8401b22a88e826e758ffc136bfc411a51216e594,background,1.0
1cbbe1a129c0d1f53d8e16ca74238334372507dc,84b8ff51c8fe57426a56d0adca99495d4fce0f4c,background,1.0
1cbbe1a129c0d1f53d8e16ca74238334372507dc,8c879b8afef2184dc75f7ff9923fd78be8c0af30,background,1.0
1cbbe1a129c0d1f53d8e16ca74238334372507dc,9d5dbe7230161db2d3573c3d5e7868dda42a6d3e,background,1.0
1cbbe1a129c0d1f53d8e16ca74238334372507dc,9e20f6874feaaf7c9994f9875b1d9cab17a2fd59,background,1.0
1cbbe1a129c0d1f53d8e16ca74238334372507dc,a1124bbff30af32e9fe5bee6c4fa0cdcef5e7356,background,1.0
1cbbe1a129c0d1f53d8e16ca74238334372507dc,a11828bb8b2e5f1644360567f0e46d20de342ad6,background,1.0
1cbbe1a129c0d1f53d8e16ca74238334372507dc,bb44a2ab0bfd5027a206758d3a28e31f5829a2a3,background,1.0
1cbbe1a129c0d1f53d8e16ca74238334372507dc,c0cd4b4844c31a27a7900a754d0a91b160b00e55,background,1.0
1cbbe1a129c0d1f53d8e16ca74238334372507dc,c50e20fd223807a6a692103bcd5530f0388c15e7,background,1.0
1cbbe1a129c0d1f53d8e16ca74238334372507dc,c529f5b08675f787cdcc094ee495239592339f82,background,1.0
1cbbe1a129c0d1f53d8e16ca74238334372507dc,c7fd29fdd2e0b50a571db4f607eab138e9ecb644,background,1.0
1cbbe1a129c0d1f53d8e16ca74238334372507dc,cda969fd7362bdf21aa1f3398078982dcb350d76,background,1.0
1cbbe1a129c0d1f53d8e16ca74238334372507dc,cdf4f091c99127c779a3a24f6ec7fb55cc1b8c3f,background,1.0
1cbbe1a129c0d1f53d8e16ca74238334372507dc,d43acd18e8ddabba5c35e88788723ab8d18345da,background,1.0
1cbbe1a129c0d1f53d8e16ca74238334372507dc,db0b44855b14533a22dbbd09f24f62a08cedef80,background,1.0
1cbbe1a129c0d1f53d8e16ca74238334372507dc,dc32a984b651256a8ec282be52310e6bd33d9815,background,1.0
1cbbe1a129c0d1f53d8e16ca74238334372507dc,df02209677b32692b90e4831d4e5c1c14c13cff8,background,1.0
1cbbe1a129c0d1f53d8e16ca74238334372507dc,e30b7efdac918fbbefc683854d37042dd3a288f0,background,1.0
1cbbe1a129c0d1f53d8e16ca74238334372507dc,f043d2f6b8c9e631098d63f672fcf440adfab281,background,1.0
1cbbe1a129c0d1f53d8e16ca74238334372507dc,f3058ac35927720d2a229984b10524e36d87d7dc,background,1.0
1cbbe1a129c0d1f53d8e16ca74238334372507dc,fae835d155ab7a11361a56ce811a3f7620833e55,background,1.0
1d18c5f1908c70591c6d53159fe8a5c0a8f144a2,0443c9a0fbb403d5e7d3593f5d286cb74ed0b490,background,1.0
1d9c62ba94241da8e0f093e30df5d1eb733f653c,5abf79226a8ffa2dcf33ca98bfc36c8bb01cc4fc,background,1.0
1da2f65211707aaf2c70d605b05b665d9101b761,689c7a86d973895a14feb984b8faa3d5581038ef,background,1.0
1df20d47208a1469c4b33e59ed033e18b6059bd2,85b681e08c9db87dc19a5d5d8664e0027a8e8ad9,background,1.0
1df8b8cc125f667c6495b76e347da621109b0f73,7549a6e03afdd42ae94c19235db076319eeb34f8,background,1.0
1e0f95edf03c8749943f0c0ab1bdbd9ced95cba7,1a85628dd645ea86b7c146613651fdb30bb32c1d,background,1.0
1e316a65311c25101c0b04f1be8d90bc33e5b4b9,44ec06d911eed44ee99be61bd9ce964a824a2ed7,background,1.0
1e35a2b40236c9634bba3a06ac389a183f90a632,459cf4e6476d5e19f1bc422c162bcded54ca7f95,background,1.0
1e591670cf97f5c29c8469749d8f5111d1f129ab,b8e30590ac81875a7fc4f7cfd425bd5148a72f5c,background,1.0
1e651e638f86d3e6bb9e800e793ef64b4150ee24,1d0d84a1f4e8de75151d88bd152816f18109d032,background,1.0
1e6dc077ea425862d9b52ed7a1c0f240794194c7,6e08bd9b6ecb3e3978de66c5f8bd8636367413bc,background,1.0
1f06de91232f21cdf70fcea86d24027c17f32ad2,86e9b0585c8b866665de18b2744d69aefff3e16d,background,1.0
1f07a41978599c86c0bd7df35ab17b0c95f54ab8,1a85628dd645ea86b7c146613651fdb30bb32c1d,background,1.0
1f468d020bab1a717583ce5ee6ea6cabd3a788dc,2be77516f6233a9d3ebbf93b439c3658d955d2e5,background,1.0
1ff82acd7854dfca7f241d5429b5885b1d99db95,3ca49899da83e160280c709288973e9caed30fa2,background,1.0
202645bf69a5a6b2947bbcac86986d8a9762cf80,c858ba9bce833896b49878a6793dbb382ed83c9e,background,1.0
203de5cb6d25b5c5327c056d8578dc194c174b59,703d49a335799262e474ed8fe6044cd641a9e00a,background,1.0
2045baef449971d8d6c650dc039a05d7144271b7,703d49a335799262e474ed8fe6044cd641a9e00a,background,1.0
206fd3926ac1f0aca3ddb9e10b0ba34d0244deee,703d49a335799262e474ed8fe6044cd641a9e00a,background,1.0
20bdb4a2113972ce4f3cc809dafc52ac7c60e338,6e08bd9b6ecb3e3978de66c5f8bd8636367413bc,background,1.0
20bdb4a2113972ce4f3cc809dafc52ac7c60e338,a20e707395132f750fa958ebc0ea629b23b57bfe,background,1.0
20e6003099e17919fec82a891052be501fe88a7e,c858ba9bce833896b49878a6793dbb382ed83c9e,background,1.0
211599bc961320d04067c583601c4465a73dd584,1d0d84a1f4e8de75151d88bd152816f18109d032,background,1.0
214dddf3fd22b0ae7fb06bd472c9a8c4ee2a1b0d,85b681e08c9db87dc19a5d5d8664e0027a8e8ad9,background,1.0
215ecd1ff41819463e7633a7193473def65eddc9,703d49a335799262e474ed8fe6044cd641a9e00a,background,1.0
21793579999d3e954aa3d1e69566cf44551e5229,703d49a335799262e474ed8fe6044cd641a9e00a,background,1.0
2195c57402a5f9b76920d614a200f3f1670b983e,1a85628dd645ea86b7c146613651fdb30bb32c1d,background,1.0
219fa47b9688d5233fe5ccd169ee6f559de99f2b,a20e707395132f750fa958ebc0ea629b23b57bfe,background,1.0
21d9e375a419da5c445231d3a4ad6d38ef2aed6d,514e4e91e0fbddaa85857760d4f206a18228d614,background,1.0
2228d0cb5eba5a09eb4505039841dedeb508a766,27d0ae215acfaa5914fc13cea20626c9470848c2,background,1.0
222d47b610e65e11b92e4a95814ffba67b91ed23,59078a26c42e8609244f1c3e01f05af74a3773bf,background,1.0
222f0c1c03974b663337e902876f152665404ab5,1d0d84a1f4e8de75151d88bd152816f18109d032,background,1.0
223f69ae654313fd56cca2b0f0eddb01d9313bf4,17a6213e30895fb7e5d0b368236ea8beeb94ee86,background,1.0
226eaffc965e92c0899d408fe6f6f96dc64e51a3,c858ba9bce833896b49878a6793dbb382ed83c9e,background,1.0
22886d863b91c9495b8ca58f55a4e323474fecde,c858ba9bce833896b49878a6793dbb382ed83c9e,background,1.0
22c222527214c426bd03e7337f7b7951ebf4ea1e,459cf4e6476d5e19f1bc422c162bcded54ca7f95,background,1.0
2303f51c9e7222f6c17b250c164efdbdd7c43469,86e9b0585c8b866665de18b2744d69aefff3e16d,background,1.0
230591115bdffa2177cd187bd8b70823fe962282,2d95c27d4ed8cfb8379164888cd79c6b239250b4,background,1.0
2316e3d840a6ceb3045e66139629222b543e2504,033275ccc2c7c5c38592ae893da0b5923cf90717,background,1.0
231916d51c3b86f4289d5bd675b9ec679c000798,703d49a335799262e474ed8fe6044cd641a9e00a,background,1.0
232ff1f1beccf448f49d2a0078a9e5e905a5a7f2,85b681e08c9db87dc19a5d5d8664e0027a8e8ad9,background,1.0
2335a086c67594baa10e9fbb23e60af332a06305,c867c372ed78e27c53feaf788e74aa7506302bbe,background,1.0
23a5984c058d585743a114991d9f59d192c74fed,6ea38aacc779506909d425aa19114b92bb1854f8,background,1.0
23e90fdd4f52a274ec27fd17e6fdafd02c8693a8,a20e707395132f750fa958ebc0ea629b23b57bfe,background,1.0
23f765ed77e34f8bea093f6f5bed402a61b1dfee,85b681e08c9db87dc19a5d5d8664e0027a8e8ad9,background,1.0
2413b9af71c8caf4131b46a85deeb639327ad3f0,689c7a86d973895a14feb984b8faa3d5581038ef,background,1.0
241ff8de5dbf2471f6bbd491032b6e5ed764b2b0,7549a6e03afdd42ae94c19235db076319eeb34f8,background,1.0
243b45b406f73dbf6777fe9adf14264efd04c501,c858ba9bce833896b49878a6793dbb382ed83c9e,background,1.0
24424030aed886d7b6affcc41f618424a541c92b,06424dcd3be195738b653d2ee4358d9974f4cb30,background,1.0
24449dbc9b54df58841cf163fe61237a8a2c1e8a,4340043a5a43f1863e080e3fc717f863ad21b51d,background,1.0
244a2368494d2c7e1101760c63cf9a7889313210,6ea38aacc779506909d425aa19114b92bb1854f8,background,1.0
249e69e092050aa93202c324146a9ad4ac3fb35d,1a85628dd645ea86b7c146613651fdb30bb32c1d,background,1.0
24fb6845be71b9f4d37b574670b15b64ef638ff6,7549a6e03afdd42ae94c19235db076319eeb34f8,background,1.0
254f765da6cde1dee0681e0fd2558857a8cdb870,27d0ae215acfaa5914fc13cea20626c9470848c2,background,1.0
254f765da6cde1dee0681e0fd2558857a8cdb870,3ca49899da83e160280c709288973e9caed30fa2,background,1.0
254f765da6cde1dee0681e0fd2558857a8cdb870,b8e30590ac81875a7fc4f7cfd425bd5148a72f5c,background,1.0
25a5a548516dcf55c9823aca94c488864823e3ac,459cf4e6476d5e19f1bc422c162bcded54ca7f95,background,1.0
25a5a548516dcf55c9823aca94c488864823e3ac,b8e30590ac81875a7fc4f7cfd425bd5148a72f5c,background,1.0
25be5af5035ae0445dedf096095e3513f05aaa8a,2be77516f6233a9d3ebbf93b439c3658d955d2e5,background,1.0
2623dcfc6587dd1152eadf9c1892f8ebd7ccdba4,16a65dcd609d48f79a9a271377628fdae5315a62,background,1.0
267b245abc80534b94f79d5b8593708af7b58ca5,d852660e15e82ae150dcde105639ba2c7d90f01f,background,1.0
26fb43e79317698bd037c7d8728017d38a0d0a57,689c7a86d973895a14feb984b8faa3d5581038ef,background,1.0
26fc5af2162a4779a46e3253f13ba86faa5aaa59,bcca5c7e9180c4890936343d79e812cb16cbefb6,background,1.0
271ca944e3e720e1816dbd2a3b2ed1bf96e3f8b9,3ca49899da83e160280c709288973e9caed30fa2,background,1.0
271d688a5a6c571c35ed2bc5e09ee6fe2712a546,033275ccc2c7c5c38592ae893da0b5923cf90717,background,1.0
274123c52e82a3155ace2a4d8768851a8744e708,bcca5c7e9180c4890936343d79e812cb16cbefb6,background,1.0
27786503f7d91b45a3805fd5a12a00caf83a2f98,6e08bd9b6ecb3e3978de66c5f8bd8636367413bc,background,1.0
277953431405e9151e9f268fdc3da8e9950eb23c,27d0ae215acfaa5914fc13cea20626c9470848c2,background,1.0
277ab3df562651b0057a1ca639dfbdf041e4c9de,59078a26c42e8609244f1c3e01f05af74a3773bf,background,1.0
27828300c0db61f57d265f35ae7364359475b342,39af4070dca3221d275898c55884167bc03fe73d,background,1.0
278e8f3d58259bee60767241b44938b7fbfb2156,c867c372ed78e27c53feaf788e74aa7506302bbe,background,1.0
2791aa9d4e90606f99da42c7794e3fd076d4b691,459cf4e6476d5e19f1bc422c162bcded54ca7f95,background,1.0
2797d70bcc255d7ab7c942a571d2d7826f5dde3d,02808823641975868e3212fd7ae859514fdbdf32,background,1.0
27a9d6e5a646cc39f2c303e8db76871c7e54e50c,703d49a335799262e474ed8fe6044cd641a9e00a,background,1.0
27d0ae215acfaa5914fc13cea20626c9470848c2,03098ea35df243c6bc5f91fb9d7f8e1c1494315e,background,1.0
27d0ae215acfaa5914fc13cea20626c9470848c2,0a22b5df6c1c25b776d1015e9490974ed704c044,background,1.0
27d0ae215acfaa5914fc13cea20626c9470848c2,0af0012ece7d55fa5db704894e95b93753f084cc,background,1.0
27d0ae215acfaa5914fc13cea20626c9470848c2,0ee5a26a6dc64d3089c8f872bd550bf1eab7051d,background,1.0
27d0ae215acfaa5914fc13cea20626c9470848c2,186e57ffadbe45a30de067b0259357cded8db968,background,1.0
27d0ae215acfaa5914fc13cea20626c9470848c2,20b726c3c2544dad980647f6c5d67edf460b59d4,background,1.0
27d0ae215acfaa5914fc13cea20626c9470848c2,2e7e165eafce276a6278daa5e17b5239279f3582,background,1.0
27d0ae215acfaa5914fc13cea20626c9470848c2,4f00435f66a3dee7d5965fe8696c56f67021f1cc,background,1.0
27d0ae215acfaa5914fc13cea20626c9470848c2,59f1df2f60280eea79d195b9c561d52a77fb24de,background,1.0
27d0ae215acfaa5914fc13cea20626c9470848c2,5ea3ff5390ec5c36db5ecc8d7a04fa2d88559005,background,1.0
27d0ae215acfaa5914fc13cea20626c9470848c2,643d91c63b3dbaaadb57f5b4fcf2ca33a84c3759,background,1.0
27d0ae215acfaa5914fc13cea20626c9470848c2,653c2a7c0e9fd27e00c2d1e909334f4482b08cdf,background,1.0
27d0ae215acfaa5914fc13cea20626c9470848c2,6f0aa57820d5f1700461b317faabad9b98d0f70d,background,1.0
27d0ae215acfaa5914fc13cea20626c9470848c2,7c70459d56214a7a3202732670f5ce726508eff6,background,1.0
27d0ae215acfaa5914fc13cea20626c9470848c2,7dd1b5be5152ba845d5d7a5281f3e18b032af562,background,1.0
27d0ae215acfaa5914fc13cea20626c9470848c2,8166932fda4f14904baadb54c792ec40bc7e32b3,background,1.0
27d0ae215acfaa5914fc13cea20626c9470848c2,845b4941d8c016aa5f8967da2f86d38ef6c18fa3,background,1.0
27d0ae215acfaa5914fc13cea20626c9470848c2,8520e03f77dc068bef97c2c23c96a55dc6420095,background,1.0
27d0ae215acfaa5914fc13cea20626c9470848c2,94ce1d5924e05e8d75e43ce70044293ddcef850a,background,1.0
27d0ae215acfaa5914fc13cea20626c9470848c2,9619cde5c79d91ca5c432186668618312175f8dd,background,1.0
27d0ae215acfaa5914fc13cea20626c9470848c2,9ab64201d0436433cc4fb37670567360a69d2eb9,background,1.0
27d0ae215acfaa5914fc13cea20626c9470848c2,b207d9c44e95d00104a722b43c531a900dbf23fe,background,1.0
27d0ae215acfaa5914fc13cea20626c9470848c2,c1ffa773f29e567e13b00495767f8c42e2bb44b2,background,1.0
27d0ae215acfaa5914fc13cea20626c9470848c2,d53e70d834243d3d8d4b621c0c52dfec26081155,background,1.0
27d0ae215acfaa5914fc13cea20626c9470848c2,d57ca29d73272e139c04f118d5c3107dfb964596,background,1.0
27d0ae215acfaa5914fc13cea20626c9470848c2,d93ffe572b15a163e2ec1336a4e507b0b7a766f0,background,1.0
27d0ae215acfaa5914fc13cea20626c9470848c2,dcc4e0571f8993a01ac9b4a42f711a41994d4fc9,background,1.0
27d0ae215acfaa5914fc13cea20626c9470848c2,ffdbd7f0b03b85747b001b4734d5ee31b5229aa4,background,1.0
27f490e3de1109aae68686a73e3eab0f6eaae2cf,44ec06d911eed44ee99be61bd9ce964a824a2ed7,background,1.0
281639a375c16019fd295ba0691085b012d370b7,d852660e15e82ae150dcde105639ba2c7d90f01f,background,1.0
282ecd6c9774c5bc8192943724b3d941a757b642,b8e30590ac81875a7fc4f7cfd425bd5148a72f5c,background,1.0
28503773db1bc4ac3595717c651522457cf24d0f,3ca49899da83e160280c709288973e9caed30fa2,background,1.0
285c1b4fce03dbd76ed8c2deded3a33cf1d9496d,c867c372ed78e27c53feaf788e74aa7506302bbe,background,1.0
28e9c8223f2c7708414d01c06314cdf21375be5f,3c78b9d672e5bb2e065bcac54b52aa08b94b7321,background,1.0
28e9c8223f2c7708414d01c06314cdf21375be5f,a20e707395132f750fa958ebc0ea629b23b57bfe,background,1.0
294ea3519e73599d101308c4842c512c31d8d4a9,2d95c27d4ed8cfb8379164888cd79c6b239250b4,background,1.0
29bbcd6b34276e71cea47e69814cf990ad8bbf15,1d0d84a1f4e8de75151d88bd152816f18109d032,background,1.0
2a3f02d39d1d3b874359f961bda7cc0cd84be017,17a6213e30895fb7e5d0b368236ea8beeb94ee86,background,1.0
2a5f2a9b39f3f161dbc22ef4d629407a166d156a,326cecd1e73da6790cc30fafc298489882e20c7f,background,1.0
2a97532441051f5c123e04fd6260be3baad759b7,44ec06d911eed44ee99be61bd9ce964a824a2ed7,background,1.0
2acb8b32134f3e3ac7c849f8d8d3a156d004dac6,689c7a86d973895a14feb984b8faa3d5581038ef,background,1.0
2acb8b32134f3e3ac7c849f8d8d3a156d004dac6,bcca5c7e9180c4890936343d79e812cb16cbefb6,background,1.0
2adb45e4ddc77b5fd90498acd954cd21c32a4334,6e4e15ab0d55232b93e76ddecb6c969a0d18f853,background,1.0
2b169b44a02edb379fd4e71fc10be310df3cb5a3,033275ccc2c7c5c38592ae893da0b5923cf90717,background,1.0
2b575c64c610adbe5e8af38595d98936db699618,b8e30590ac81875a7fc4f7cfd425bd5148a72f5c,background,1.0
2b9cd6b0a8f2cc3f59201d7ac0c361e5dfd209f2,1d0d84a1f4e8de75151d88bd152816f18109d032,background,1.0
2bcc571166635ed3edb6f4b871c08c4c9ca7da89,13bd0e08713f0b340396634892d2c9e3c5bee548,background,1.0
2c3537e064cbe0ef5d9b5dc19e2a2fdb3a4662fd,703d49a335799262e474ed8fe6044cd641a9e00a,background,1.0
2c5a4d510768632fa1011f744ffe643275cea691,0443c9a0fbb403d5e7d3593f5d286cb74ed0b490,background,1.0
2c6ca5575afcd528d44f551a9a7d2d09f79efce3,1d0d84a1f4e8de75151d88bd152816f18109d032,background,1.0
2caabee00799e2ea0b6ba4ef8cf734d2163d2953,6e08bd9b6ecb3e3978de66c5f8bd8636367413bc,background,1.0
2cca1761562251b64422e7af4d0e94babe92036d,17a6213e30895fb7e5d0b368236ea8beeb94ee86,background,1.0
2cee4ad94dc90bd0380fc2eda7a51f674d10303d,c867c372ed78e27c53feaf788e74aa7506302bbe,background,1.0
2cf43e00207bb94d4907d28ed18e353c3ffc822b,85b681e08c9db87dc19a5d5d8664e0027a8e8ad9,background,1.0
2cf47cd2c848e5cde78e6c52cbfc726230512a62,033275ccc2c7c5c38592ae893da0b5923cf90717,background,1.0
2cffa1f192c5312c714387cf080da5b9082ff516,1d0d84a1f4e8de75151d88bd152816f18109d032,background,1.0
2d0ae1a904dff4849e5d455b90a4522e9f0988f7,93e6ba25e4c45c3f204a09b6a6b8b02bd3596091,background,1.0
2d4caf25fd89e955a667ce52476654f5a1285a25,6e08bd9b6ecb3e3978de66c5f8bd8636367413bc,background,1.0
2d535ea388b1c5a2da07f740dab8c95174b82294,689c7a86d973895a14feb984b8faa3d5581038ef,background,1.0
2d569e92218ff1cd0a7c7ef41389d765d7589bab,06424dcd3be195738b653d2ee4358d9974f4cb30,background,1.0
2d569e92218ff1cd0a7c7ef41389d765d7589bab,e1edea57a10c66ca3287c4b85547b37945413a3c,background,1.0
2d95bee4213c45ccbce434ac7bc2595b59822ee0,0443c9a0fbb403d5e7d3593f5d286cb74ed0b490,background,1.0
2d95bee4213c45ccbce434ac7bc2595b59822ee0,1d0d84a1f4e8de75151d88bd152816f18109d032,background,1.0
2d95c27d4ed8cfb8379164888cd79c6b239250b4,02808823641975868e3212fd7ae859514fdbdf32,background,1.0
2d95c27d4ed8cfb8379164888cd79c6b239250b4,0b3d688ebcba7d382da67935665ac7963bc196a8,background,1.0
2d95c27d4ed8cfb8379164888cd79c6b239250b4,122a535ae02d4e0fa2512f9c3be77eae6a007266,background,1.0
2d95c27d4ed8cfb8379164888cd79c6b239250b4,1858073b92df5a796123d2e592670219d840c625,background,1.0
2d95c27d4ed8cfb8379164888cd79c6b239250b4,1cd497e82bdc46a9d3d28b2316ea7cbe9aee5467,background,1.0
2d95c27d4ed8cfb8379164888cd79c6b239250b4,2f28cefb8a15ff58161ea335519ada91bbfb6c03,background,1.0
2d95c27d4ed8cfb8379164888cd79c6b239250b4,30ba169e80a0790d549b91879a28362b3c48d5a5,background,1.0
2d95c27d4ed8cfb8379164888cd79c6b239250b4,39af4070dca3221d275898c55884167bc03fe73d,background,1.0
2d95c27d4ed8cfb8379164888cd79c6b239250b4,406e70654a699c42d7f3f45bf318edf51018d89e,background,1.0
2d95c27d4ed8cfb8379164888cd79c6b239250b4,4740d555a17f0d200074d158e62019aa44cdc72e,background,1.0
2d95c27d4ed8cfb8379164888cd79c6b239250b4,5416178ca74c5dbb960ef0e3c8f8b26324935d90,background,1.0
2d95c27d4ed8cfb8379164888cd79c6b239250b4,54a9245d91ebeb75d6c4f9b063b664e876f2cf26,background,1.0
2d95c27d4ed8cfb8379164888cd79c6b239250b4,647d0e540627c5a903299a90d20530f8e48c18d9,background,1.0
2d95c27d4ed8cfb8379164888cd79c6b239250b4,672af1a4525ff97f2b35368ea003976023152e3f,background,1.0
2d95c27d4ed8cfb8379164888cd79c6b239250b4,676ab66a60e2dc418d1a20db832450c85a9bb663,background,1.0
2d95c27d4ed8cfb8379164888cd79c6b239250b4,6998e4ae3f1e037128bc57a56dd5d7707098e6bf,background,1.0
2d95c27d4ed8cfb8379164888cd79c6b239250b4,739c5b416643cf1c4fa25e8059f54311ef24419d,background,1.0
2d95c27d4ed8cfb8379164888cd79c6b239250b4,7b2f1e97c8c1d951d8d0b173e8564b806688b62e,background,1.0
2d95c27d4ed8cfb8379164888cd79c6b239250b4,7f26b3e2fa06a193fcbf9243c1f9afcd5cbb9019,background,1.0
2d95c27d4ed8cfb8379164888cd79c6b239250b4,82181d5c33590a81ab3b773c3948141eb22d89fb,background,1.0
2d95c27d4ed8cfb8379164888cd79c6b239250b4,8f40803966ee2e35dd8d4501db95dfd1b60b58a3,background,1.0
2d95c27d4ed8cfb8379164888cd79c6b239250b4,9b7127d640a8019579b6ecf3fc791d495b07cfd9,background,1.0
2d95c27d4ed8cfb8379164888cd79c6b239250b4,a12f117264ac1d2f93bb4e55e49cc4c48bc4ac35,background,1.0
2d95c27d4ed8cfb8379164888cd79c6b239250b4,a1d08ff2895fddbb4c1c1edf6dced8a3f46feef9,background,1.0
2d95c27d4ed8cfb8379164888cd79c6b239250b4,a51badd5461c1650b2bfba7d0a5a89949186fb67,background,1.0
2d95c27d4ed8cfb8379164888cd79c6b239250b4,a7d139d3d0587f942bbf9e6532027cbbeb9538db,background,1.0
2d95c27d4ed8cfb8379164888cd79c6b239250b4,a85ff102275ccdea66b1ec5ef17d3b475d8b79f6,background,1.0
2d95c27d4ed8cfb8379164888cd79c6b239250b4,ae90445e349f23848ed370990e2c7d9ceda9a9c9,background,1.0
2d95c27d4ed8cfb8379164888cd79c6b239250b4,b7bbb2210e80ec2094f59c8e187773bd68892b87,background,1.0
2d95c27d4ed8cfb8379164888cd79c6b239250b4,bd6c40d2d82b44778844b92a8f86a66126d80697,background,1.0
2d95c27d4ed8cfb8379164888cd79c6b239250b4,be88a24e9b6e26f10d4d84183c8f05ba33eb60c0,background,1.0
2d95c27d4ed8cfb8379164888cd79c6b239250b4,be949df6177b5c94e06e2f0e73141de76cec917e,background,1.0
2d95c27d4ed8cfb8379164888cd79c6b239250b4,c0b263b2dfc2a304a5b73c0612f3fd9975e24522,background,1.0
2d95c27d4ed8cfb8379164888cd79c6b239250b4,c8df841db2bfe68fc7624f004217c0255f385063,background,1.0
2d95c27d4ed8cfb8379164888cd79c6b239250b4,d154d986c3a402c207c6c0e22093f2e1a878fe71,background,1.0
2d95c27d4ed8cfb8379164888cd79c6b239250b4,d7339590354827cfe5b4416437a647b4d10a18dd,background,1.0
2d95c27d4ed8cfb8379164888cd79c6b239250b4,db29a69a7f8de9072d3c73a5c9a0a99498bfc8de,background,1.0
2d95c27d4ed8cfb8379164888cd79c6b239250b4,e6456a0956675fae923c7b8636dc40f63d5daee3,background,1.0
2d95c27d4ed8cfb8379164888cd79c6b239250b4,e89c22555d5e20a14669522838029c6f49893c57,background,1.0
2d95c27d4ed8cfb8379164888cd79c6b239250b4,f0b98c4fc3a542a83349666f4073359ed56d1a17,background,1.0
2d9c5645a5e0b698827dac1fdd585b7a8fe19ded,6e08bd9b6ecb3e3978de66c5f8bd8636367413bc,background,1.0
2df26ea53e76f1618b427ce1aa2ac6135e82b71a,514e4e91e0fbddaa85857760d4f206a18228d614,background,1.0
2e08362c91e533ae3b183dc57d8a11dade02cc15,17a6213e30895fb7e5d0b368236ea8beeb94ee86,background,1.0
2e3dc7796b648870b04b3caabcda697f4db0528e,1a85628dd645ea86b7c146613651fdb30bb32c1d,background,1.0
2e3dc7796b648870b04b3caabcda697f4db0528e,5abf79226a8ffa2dcf33ca98bfc36c8bb01cc4fc,background,1.0
2e3dc7796b648870b04b3caabcda697f4db0528e,703d49a335799262e474ed8fe6044cd641a9e00a,background,1.0
2e53aaaa815e714e863a7dc6ac67dc86bf430a00,689c7a86d973895a14feb984b8faa3d5581038ef,background,1.0
2e93c2ce77bf80c15a0875b5ede34a7f69535f85,689c7a86d973895a14feb984b8faa3d5581038ef,background,1.0
2eaf515dde8f4d4030177ac747f1d855ed0ba4d1,17a6213e30895fb7e5d0b368236ea8beeb94ee86,background,1.0
2ecbdeaf46e9c006c546e024464769fa479643b6,2d95c27d4ed8cfb8379164888cd79c6b239250b4,background,1.0
2efda5c4c94a0ee871d4209629d1f857db9db500,6ea38aacc779506909d425aa19114b92bb1854f8,background,1.0
2f7397f9d959790a3f25baa0ba88768c3feefca4,0443c9a0fbb403d5e7d3593f5d286cb74ed0b490,background,1.0
2f827f4f75a1e328f649a93ede140d1647ae20d6,f295128bb1846e441a5195d5bbf4902f49186e30,background,1.0
2fb65e5d03ae72554b363d55e6a041c3b6de565b,3ca49899da83e160280c709288973e9caed30fa2,background,1.0
2fea5593f24b571a61e1b6511811c8614c4673be,bcca5c7e9180c4890936343d79e812cb16cbefb6,background,1.0
305bdb3f6529dc1688de6e8042edae50e1b51862,86e9b0585c8b866665de18b2744d69aefff3e16d,background,1.0
30acd43e62dbbdbe823bcc321ca1a1660ec7a622,d154d986c3a402c207c6c0e22093f2e1a878fe71,background,1.0
30cb7e838bc3fe5119fe075dd165237c7ecfacf9,13bd0e08713f0b340396634892d2c9e3c5bee548,background,1.0
30dca090796a36e7b7ccc4dfad069b9df7a6bbbf,02808823641975868e3212fd7ae859514fdbdf32,background,1.0
30dca090796a36e7b7ccc4dfad069b9df7a6bbbf,6e4e15ab0d55232b93e76ddecb6c969a0d18f853,background,1.0
30f8c2e86e90aee77b6ef0ed153e8e7d9841d9c0,86e9b0585c8b866665de18b2744d69aefff3e16d,background,1.0
311fd64f9db22390e778b7f4eccc5c420921e6b6,d427db1ba2cc92b36d16a5e5114f1027c90fff68,background,1.0
3197dc8fd388d92dbe6975ba042c01c39e31a180,16a65dcd609d48f79a9a271377628fdae5315a62,background,1.0
31a427f535d7402629f621087e62fea36ca72443,2be77516f6233a9d3ebbf93b439c3658d955d2e5,background,1.0
31a89d3f2c592789954d12d659e9f689ddf77762,0443c9a0fbb403d5e7d3593f5d286cb74ed0b490,background,1.0
31bc7d46a6b57d42eb2ae5efefa10e1b08488aa2,d154d986c3a402c207c6c0e22093f2e1a878fe71,background,1.0
31c890fb0a553e354cbc8a2879ee66ebe7d03806,514e4e91e0fbddaa85857760d4f206a18228d614,background,1.0
31e00622219867f253cfc2b28fa351b15023126a,86e9b0585c8b866665de18b2744d69aefff3e16d,background,1.0
31f0d4ce37068f73d1ad89a7ac54f4aa4db852c9,2d95c27d4ed8cfb8379164888cd79c6b239250b4,background,1.0
325db4f3890f846cfa550dae8634bc4f3433d2f2,86e9b0585c8b866665de18b2744d69aefff3e16d,background,1.0
326cecd1e73da6790cc30fafc298489882e20c7f,033275ccc2c7c5c38592ae893da0b5923cf90717,background,1.0
326cecd1e73da6790cc30fafc298489882e20c7f,0369ed9d64273a0aa89ec35be44c2a95235898ef,background,1.0
326cecd1e73da6790cc30fafc298489882e20c7f,07a001b5745354c94d0db0b7ffd7bca7285cac86,background,1.0
326cecd1e73da6790cc30fafc298489882e20c7f,0dcf0c2ebb1c2e5d36e106875256626a85c91986,background,1.0
326cecd1e73da6790cc30fafc298489882e20c7f,0e0eaa200bfe4cdaf15a18e9faccf4dd1d1c0f4c,background,1.0
326cecd1e73da6790cc30fafc298489882e20c7f,1a85628dd645ea86b7c146613651fdb30bb32c1d,background,1.0
326cecd1e73da6790cc30fafc298489882e20c7f,1cbbe1a129c0d1f53d8e16ca74238334372507dc,background,1.0
326cecd1e73da6790cc30fafc298489882e20c7f,1d631a3b3168ef45a1006f081650ce775fee2800,background,1.0
326cecd1e73da6790cc30fafc298489882e20c7f,1f07a41978599c86c0bd7df35ab17b0c95f54ab8,background,1.0
326cecd1e73da6790cc30fafc298489882e20c7f,2173448e26d8bec6edd4e2456b39944f0109868b,background,1.0
326cecd1e73da6790cc30fafc298489882e20c7f,32c9b457e0b79df270e4e96205ed52b260e5948d,background,1.0
326cecd1e73da6790cc30fafc298489882e20c7f,3341204d1d443d1a8d35a23b651dace27e400c94,background,1.0
326cecd1e73da6790cc30fafc298489882e20c7f,3edcbc6d94721d50a08a5065811d322dc0850f10,background,1.0
326cecd1e73da6790cc30fafc298489882e20c7f,409ad283f89756b6c2abee4e04d3e720ebd5dff1,background,1.0
326cecd1e73da6790cc30fafc298489882e20c7f,441dbad0518b0786508f02fed66a1c0be1588682,background,1.0
326cecd1e73da6790cc30fafc298489882e20c7f,45967a64fdc7a3e20f47b24297844b93b9f3e3d9,background,1.0
326cecd1e73da6790cc30fafc298489882e20c7f,4ed15152856128759c8f5ab2bc578ce46b051431,background,1.0
326cecd1e73da6790cc30fafc298489882e20c7f,5b5ee67d270929bc93502fb23067080759107a5e,background,1.0
326cecd1e73da6790cc30fafc298489882e20c7f,5ccc962347e31f21482ba534cb1772e6e1e3ae02,background,1.0
326cecd1e73da6790cc30fafc298489882e20c7f,5f9195769eb8ea3ac9ae3d513b4c3123551842ea,background,1.0
326cecd1e73da6790cc30fafc298489882e20c7f,609940f096f147ef2ae7219f87ae29bef6089e91,background,1.0
326cecd1e73da6790cc30fafc298489882e20c7f,66f7823be7a0adcd8ed3ecebf00e53daf45bc6bc,background,1.0
326cecd1e73da6790cc30fafc298489882e20c7f,7083fd33bdfe380e2649dee969b3c44516d98675,background,1.0
326cecd1e73da6790cc30fafc298489882e20c7f,7226e0479d16203abd18c5c5c1c3f1980ef112c1,background,1.0
326cecd1e73da6790cc30fafc298489882e20c7f,7c5e77461f796ab460ae5daa97c1323d2e25c893,background,1.0
326cecd1e73da6790cc30fafc298489882e20c7f,834fb308ca1a0177d303691d6003e3b0fded021e,background,1.0
326cecd1e73da6790cc30fafc298489882e20c7f,8810f35b2687050e6ea60328084f0f81b8e43cd0,background,1.0
326cecd1e73da6790cc30fafc298489882e20c7f,899f86566b04e7a79d15cd2df62fbb2e66ec8b75,background,1.0
326cecd1e73da6790cc30fafc298489882e20c7f,8af74a770ba20a1e06d79f456f09d8a8ef3c9266,background,1.0
326cecd1e73da6790cc30fafc298489882e20c7f,8d89d38fedfa4a5374c726eb7926510016671441,background,1.0
326cecd1e73da6790cc30fafc298489882e20c7f,9726c31a32aa5cbdba057dfe4ff6dcea5299a903,background,1.0
326cecd1e73da6790cc30fafc298489882e20c7f,a28a1e3caf78bdfb04469532b0896b5fa96237f6,background,1.0
326cecd1e73da6790cc30fafc298489882e20c7f,ac40415570e7d51efb237c5e4b4dbe4e93919409,background,1.0
326cecd1e73da6790cc30fafc298489882e20c7f,af1ec939e26e2467fb4c51f4ca3c85f12579c5a1,background,1.0
326cecd1e73da6790cc30fafc298489882e20c7f,b02acb3d159b06b2319a164378e1e61c3983676f,background,1.0
326cecd1e73da6790cc30fafc298489882e20c7f,b16727f2afad0a7008d15d940b1273d04cfb8443,background,1.0
326cecd1e73da6790cc30fafc298489882e20c7f,b45ea6ddc9d964116addaf1dafd0641d78a6228e,background,1.0
326cecd1e73da6790cc30fafc298489882e20c7f,ba61c59abb560ff47a8dd780c8ccffb0af5e14c2,background,1.0
326cecd1e73da6790cc30fafc298489882e20c7f,ca9596e4c6a2222687dd45e42873558cebbda2f5,background,1.0
326cecd1e73da6790cc30fafc298489882e20c7f,cbc573028f5eef2fffe37b69fb9b510b7c373184,background,1.0
326cecd1e73da6790cc30fafc298489882e20c7f,ce36e559dd6e2a65fc9b56d2b4ce359f7f316756,background,1.0
326cecd1e73da6790cc30fafc298489882e20c7f,cefc2ba177feb6f0d193b6026e5a29220fe7dbf5,background,1.0
326cecd1e73da6790cc30fafc298489882e20c7f,cff582c6d7a28c48e0d37ac3c10ea9a8c3fc4e78,background,1.0
326cecd1e73da6790cc30fafc298489882e20c7f,d1ae4ab5047489c2b010c7ce72262982ad66ad60,background,1.0
326cecd1e73da6790cc30fafc298489882e20c7f,d94e7aeab88d07f0b50b7866ceb5baa3c29be859,background,1.0
326cecd1e73da6790cc30fafc298489882e20c7f,da9bbfb3d3c3ddd76251a9a1069def181ef3128f,background,1.0
326cecd1e73da6790cc30fafc298489882e20c7f,e5bb0b110dac70ac19fdb825f4b37b6ccf9eef80,background,1.0
326cecd1e73da6790cc30fafc298489882e20c7f,e6c561d02500b2596a230b341a8eb8b921ca5bf2,background,1.0
326cecd1e73da6790cc30fafc298489882e20c7f,e7139f6831f32bff95c1a9cfc9b10ec4f24ce36b,background,1.0
326cecd1e73da6790cc30fafc298489882e20c7f,fd075bcdf2d7e13d23f7c249a8eded343d5bbe3b,background,1.0
32839fd2163f6e3894c05b463c5367385d3c932f,c858ba9bce833896b49878a6793dbb382ed83c9e,background,1.0
328c900236f9ff048ce76538b88b85eeb9229ab2,27d0ae215acfaa5914fc13cea20626c9470848c2,background,1.0
32c3e7b6dfe4f7a0c265e56243ed71e67ec113f0,514e4e91e0fbddaa85857760d4f206a18228d614,background,1.0
32d91b471b9537b652a5817191d6da2e96c75a27,17a6213e30895fb7e5d0b368236ea8beeb94ee86,background,1.0
3308ec38088ddbd538bc8bbd2cd472436bc0937c,0443c9a0fbb403d5e7d3593f5d286cb74ed0b490,background,1.0
3308ec38088ddbd538bc8bbd2cd472436bc0937c,1d0d84a1f4e8de75151d88bd152816f18109d032,background,1.0
33be89312bb4bde8575b79a86eef734a7e675959,459cf4e6476d5e19f1bc422c162bcded54ca7f95,background,1.0
33c4cea9159564a7bc4239f183c7b0bf6ecc4fff,17a6213e30895fb7e5d0b368236ea8beeb94ee86,background,1.0
349d51a8240d324792603dccc57b0c34a9d388ee,703d49a335799262e474ed8fe6044cd641a9e00a,background,1.0
34a9d9182c479621dc580e4f5662ccec9d7acdd6,703d49a335799262e474ed8fe6044cd641a9e00a,background,1.0
34c9a78a959e735700df6b5b629e5e536a6a21a3,033275ccc2c7c5c38592ae893da0b5923cf90717,background,1.0
35085dd0c91b7c2dc27c9f1c8921d081e51986bf,c858ba9bce833896b49878a6793dbb382ed83c9e,background,1.0
3544067a3489b3ffe4968b1b048405ac6fe10d77,a20e707395132f750fa958ebc0ea629b23b57bfe,background,1.0
358ca777d9992bdc06fdcc1940e3b18a8da68878,16a65dcd609d48f79a9a271377628fdae5315a62,background,1.0
3597d20e64d2fa00402a3b87eab9a7b77a4722fc,514e4e91e0fbddaa85857760d4f206a18228d614,background,1.0
35c76d1b8d39894a99617f54932d1a586600ec75,514e4e91e0fbddaa85857760d4f206a18228d614,background,1.0
35cb89e6ac4545d15256e220b5db4a9d140edb38,7549a6e03afdd42ae94c19235db076319eeb34f8,background,1.0
35dd11f288635ad4a836289218d14f6572e3231e,16a65dcd609d48f79a9a271377628fdae5315a62,background,1.0
35dd11f288635ad4a836289218d14f6572e3231e,a20e707395132f750fa958ebc0ea629b23b57bfe,background,1.0
35fa83312715c3863bbc91c61487d6934a7e1b17,d852660e15e82ae150dcde105639ba2c7d90f01f,background,1.0
3641a57e7862ad61ac849be88951f3d3be001805,2be77516f6233a9d3ebbf93b439c3658d955d2e5,background,1.0
3684eef5007b6f205a660254d9b9fa318c9490fb,d427db1ba2cc92b36d16a5e5114f1027c90fff68,background,1.0
369ddb839e41bace66c4306597115a7847d79db5,703d49a335799262e474ed8fe6044cd641a9e00a,background,1.0
36a3b6c11ef5a670bd60ea0d08584b5cb5ed7deb,689c7a86d973895a14feb984b8faa3d5581038ef,background,1.0
3701ae9149174282207f23d279c03bcceff8e8f9,1d0d84a1f4e8de75151d88bd152816f18109d032,background,1.0
371689e4350bbdf65fe470780ed9df955b49eab5,087c755ff8689e4c5d846f952e9b2ed17dfe99f9,background,1.0
3729fa9a1df1d6bdcf6a5ae3bed901e9b0dba1b0,e8505f6175585713aa7b785285b3abc4113b57ef,background,1.0
373192777040fd9a4d8ffe9a512ab8727f7fd789,703d49a335799262e474ed8fe6044cd641a9e00a,background,1.0
37aa6ecd8a783b1c5de94d91a77b7742aa5aea23,1a85628dd645ea86b7c146613651fdb30bb32c1d,background,1.0
3829bd4f36daa8cdac7ed856e248828ba4f9fd04,703d49a335799262e474ed8fe6044cd641a9e00a,background,1.0
38487fe41ca645ea642c49c26f67505fcb9d6153,514e4e91e0fbddaa85857760d4f206a18228d614,background,1.0
3856ef476441e30bbaa23213ebb13273fb6cfab5,2d95c27d4ed8cfb8379164888cd79c6b239250b4,background,1.0
3856ef476441e30bbaa23213ebb13273fb6cfab5,39af4070dca3221d275898c55884167bc03fe73d,background,1.0
3856ef476441e30bbaa23213ebb13273fb6cfab5,5abf79226a8ffa2dcf33ca98bfc36c8bb01cc4fc,background,1.0
3856ef476441e30bbaa23213ebb13273fb6cfab5,d154d986c3a402c207c6c0e22093f2e1a878fe71,background,1.0
3875ed2a6a112a8d8874972ac5a15bd0b0ae07fc,d427db1ba2cc92b36d16a5e5114f1027c90fff68,background,1.0
388423474f9fd71de70c9328ca48caa26277b50f,44ec06d911eed44ee99be61bd9ce964a824a2ed7,background,1.0
388423474f9fd71de70c9328ca48caa26277b50f,59078a26c42e8609244f1c3e01f05af74a3773bf,background,1.0
3896e71e3d2c5c28af34c62b56e985cef443132e,d427db1ba2cc92b36d16a5e5114f1027c90fff68,background,1.0
389dcceddd5f98488d5e674e5e7eecd6c48c14a6,1d0d84a1f4e8de75151d88bd152816f18109d032,background,1.0
38a8c6cb4bfd188ddd6c88b38d821c86d04364a0,86e9b0585c8b866665de18b2744d69aefff3e16d,background,1.0
38be01cb747b70ae1c6b04de3d3e037ade5f811f,6ea38aacc779506909d425aa19114b92bb1854f8,background,1.0
38db3d69355cadaadb8b15b586316bc43c8faf5d,f295128bb1846e441a5195d5bbf4902f49186e30,background,1.0
38e80ecf905f74e734f8177f663310ac74072a99,44ec06d911eed44ee99be61bd9ce964a824a2ed7,background,1.0
38e80ecf905f74e734f8177f663310ac74072a99,59078a26c42e8609244f1c3e01f05af74a3773bf,background,1.0
38e80ecf905f74e734f8177f663310ac74072a99,d852660e15e82ae150dcde105639ba2c7d90f01f,background,1.0
38f2d11df822ec38c544d639c1e94c377678485f,c858ba9bce833896b49878a6793dbb382ed83c9e,background,1.0
39434be4d5c347bc60a30826bce45e7437b59f8e,2be77516f6233a9d3ebbf93b439c3658d955d2e5,background,1.0
394d07b35f238254469a8e8b403050367d39cee0,2be77516f6233a9d3ebbf93b439c3658d955d2e5,background,1.0
395248fbbeb66ca3fb42d4e7041f00142efd5164,59078a26c42e8609244f1c3e01f05af74a3773bf,background,1.0
397b17d8a4fb70b331f9445237be6103e9881212,033275ccc2c7c5c38592ae893da0b5923cf90717,background,1.0
39a4ac0eecdfd87292f3cd6c18fd4d86730d7983,59078a26c42e8609244f1c3e01f05af74a3773bf,background,1.0
39ad1126826b599c3827396fecdf9d6539c8beed,7549a6e03afdd42ae94c19235db076319eeb34f8,background,1.0
39af4070dca3221d275898c55884167bc03fe73d,d154d986c3a402c207c6c0e22093f2e1a878fe71,background,1.0
39e0f4a54e9e21069cc8dd05f319a578a68e90c7,b8e30590ac81875a7fc4f7cfd425bd5148a72f5c,background,1.0
39e225be6b7c5a74e8b4928f4e5fa4a26baf5e90,c858ba9bce833896b49878a6793dbb382ed83c9e,background,1.0
3a0529cc7fcebd152873918681ec4c88cbee5476,d852660e15e82ae150dcde105639ba2c7d90f01f,background,1.0
3a2d1a4f5d12d8a85cfd9f94531bb79b3815481a,3ca49899da83e160280c709288973e9caed30fa2,background,1.0
3a50b0b89cc7e30dd649dbfbe92bf6ca048624cc,1f4bee77bb69b92dd16ce0c3ad0f477f4ecf1d30,background,1.0
3a5a25f635cdd4c86d82eb80cfd44308f17995c9,85b681e08c9db87dc19a5d5d8664e0027a8e8ad9,background,1.0
3a7993cf9aac5a0473220e1720d0af996e25c5d9,6ea38aacc779506909d425aa19114b92bb1854f8,background,1.0
3a98ccef9bea3a956c29f159201b5cf230f38592,3ca49899da83e160280c709288973e9caed30fa2,background,1.0
3aa7fa271bbeff144757d7d5a1ddbe94b97fa407,033275ccc2c7c5c38592ae893da0b5923cf90717,background,1.0
3b452ea5511a9cee26cbce76eb5f2e646c1d1315,514e4e91e0fbddaa85857760d4f206a18228d614,background,1.0
3b4c26853c21954d77eba7cbb21a5defc045f817,6ea38aacc779506909d425aa19114b92bb1854f8,background,1.0
3b77f816b6a1de9df344241d4b11395dbbef51d5,1d0d84a1f4e8de75151d88bd152816f18109d032,background,1.0
3b7b6e09c07dddde0ae6d35df27590045f86962d,c858ba9bce833896b49878a6793dbb382ed83c9e,background,1.0
3be35095dd306a1f8464039f44ff532ed6800fd6,7549a6e03afdd42ae94c19235db076319eeb34f8,background,1.0
3c003212e559f7720a7b3cb66ea6a4f823b5f762,0443c9a0fbb403d5e7d3593f5d286cb74ed0b490,background,1.0
3c02c4abcc9f8d807d01d38aafb4cd9f01e05c58,bcca5c7e9180c4890936343d79e812cb16cbefb6,background,1.0
3c02c4abcc9f8d807d01d38aafb4cd9f01e05c58,c867c372ed78e27c53feaf788e74aa7506302bbe,background,1.0
3c02c4abcc9f8d807d01d38aafb4cd9f01e05c58,f3e765ca2b8c4191759b141d2e5c42215ed9090d,background,1.0
3c22ea27cac88f9dbb4ea08fbdf44a1d9777978c,c867c372ed78e27c53feaf788e74aa7506302bbe,background,1.0
3c25794262a0d046d8c06f44aa65362033d70578,c858ba9bce833896b49878a6793dbb382ed83c9e,background,1.0
3c78b9d672e5bb2e065bcac54b52aa08b94b7321,0059887a290aef7c77452861e17c9c71218fb4ed,background,1.0
3c78b9d672e5bb2e065bcac54b52aa08b94b7321,06516a7a2f03af32a819bdc5aeaf152536484095,background,1.0
3c78b9d672e5bb2e065bcac54b52aa08b94b7321,08257eb1faa19c29ddcc31d7d749c9bd262213c5,background,1.0
3c78b9d672e5bb2e065bcac54b52aa08b94b7321,1b0ff436f91e8d862ee005733e5dc445fda8ed5a,background,1.0
3c78b9d672e5bb2e065bcac54b52aa08b94b7321,2458bc95505bce3d3eca7c90b4f0bc0553249037,background,1.0
3c78b9d672e5bb2e065bcac54b52aa08b94b7321,24d21ecaeb2d2ecc20e26a5e3f5128247704ccfe,background,1.0
3c78b9d672e5bb2e065bcac54b52aa08b94b7321,265da04a678d6a857c43d30761027d093633e5f2,background,1.0
3c78b9d672e5bb2e065bcac54b52aa08b94b7321,2a9996a4df477bc338420cdd73c50dfe4b68202f,background,1.0
3c78b9d672e5bb2e065bcac54b52aa08b94b7321,322a90333cd2ca86d559641c37c8cd0eb1428560,background,1.0
3c78b9d672e5bb2e065bcac54b52aa08b94b7321,33780d6c82a0c060a9a35fd07effbd2fbb3e5b82,background,1.0
3c78b9d672e5bb2e065bcac54b52aa08b94b7321,33bd85006276671245f8ca4197eadf9f5dc6e6d5,background,1.0
3c78b9d672e5bb2e065bcac54b52aa08b94b7321,38760be511d0883154babd114b799a38d6fae47d,background,1.0
3c78b9d672e5bb2e065bcac54b52aa08b94b7321,3bad80e7e1c38945900c8089a443f91a92c7a93c,background,1.0
3c78b9d672e5bb2e065bcac54b52aa08b94b7321,3bfa808ce20b2736708c3fc0b9443635e3f133a7,background,1.0
3c78b9d672e5bb2e065bcac54b52aa08b94b7321,3c8a456509e6c0805354bd40a35e3f2dbf8069b1,background,1.0
3c78b9d672e5bb2e065bcac54b52aa08b94b7321,406ce1e4cd9841ad9ae6511bdf7d05650d0f7f8f,background,1.0
3c78b9d672e5bb2e065bcac54b52aa08b94b7321,45f4585f12ed7310c2dbc487a2aa1ba23c568071,background,1.0
3c78b9d672e5bb2e065bcac54b52aa08b94b7321,594e9f2a789cb5d2bb5f7495ae77b7734275a085,background,1.0
3c78b9d672e5bb2e065bcac54b52aa08b94b7321,5a1ff931913d7ce05452ea7ff6895242f278b292,background,1.0
3c78b9d672e5bb2e065bcac54b52aa08b94b7321,608b61dccc4db77e92ce183feee52e77b89932d2,background,1.0
3c78b9d672e5bb2e065bcac54b52aa08b94b7321,67efb88303dd21ca3729f526117f4c1ff9deacd5,background,1.0
3c78b9d672e5bb2e065bcac54b52aa08b94b7321,70727c82f1ab97b3f64ee3e81e6e209c40fa0a02,background,1.0
3c78b9d672e5bb2e065bcac54b52aa08b94b7321,73a1bf79e87774b109f04df41ee9f0b08945b0df,background,1.0
3c78b9d672e5bb2e065bcac54b52aa08b94b7321,77873e0843113d5465417f5309f5ae258af52a6f,background,1.0
3c78b9d672e5bb2e065bcac54b52aa08b94b7321,7d058d1addadb223f76eca16e0a93fd6182fb86f,background,1.0
3c78b9d672e5bb2e065bcac54b52aa08b94b7321,85b681e08c9db87dc19a5d5d8664e0027a8e8ad9,background,1.0
3c78b9d672e5bb2e065bcac54b52aa08b94b7321,96f8e0fd55f456efe502c350ecc543522c795454,background,1.0
3c78b9d672e5bb2e065bcac54b52aa08b94b7321,9811afe1246d52f422545457b06c30bc4b63ae8d,background,1.0
3c78b9d672e5bb2e065bcac54b52aa08b94b7321,99ec4cad0f17f25f5b3c1f9be7de25868901943b,background,1.0
3c78b9d672e5bb2e065bcac54b52aa08b94b7321,9a5c9c4bafee0c1f4ccbae1aec15b820f12b6da3,background,1.0
3c78b9d672e5bb2e065bcac54b52aa08b94b7321,9b18fbe281496ad72bdd18e0a5883d235ebdfd87,background,1.0
3c78b9d672e5bb2e065bcac54b52aa08b94b7321,9d2b167ae11edffd944c22de4225a711111d1e2e,background,1.0
3c78b9d672e5bb2e065bcac54b52aa08b94b7321,a50f37cdd0614567ef52ffa63c70285d97630ce4,background,1.0
3c78b9d672e5bb2e065bcac54b52aa08b94b7321,a91c08128834b7add5c556f67d2939335d137762,background,1.0
3c78b9d672e5bb2e065bcac54b52aa08b94b7321,aa9635e531de729d47c9f166c388cd5ff0feeaaf,background,1.0
3c78b9d672e5bb2e065bcac54b52aa08b94b7321,abcd96397510b6ec178466b28ec74b3e316fd171,background,1.0
3c78b9d672e5bb2e065bcac54b52aa08b94b7321,b04e8f1bbbcd0a7bbdce146be3a2bae70f056f26,background,1.0
3c78b9d672e5bb2e065bcac54b52aa08b94b7321,b4fd73a95b4b102917589b36d4b9c73b9d120f86,background,1.0
3c78b9d672e5bb2e065bcac54b52aa08b94b7321,b9c4ec6e99dd57ff3b4f04d324a22e6c48dc2064,background,1.0
3c78b9d672e5bb2e065bcac54b52aa08b94b7321,c2a2bd4bdc0e3afde232c652b744cd305863e4e3,background,1.0
3c78b9d672e5bb2e065bcac54b52aa08b94b7321,c9b8684cca1fd90b84ca95f350a0b31dca207465,background,1.0
3c78b9d672e5bb2e065bcac54b52aa08b94b7321,ceab9c17a9ee03d5b4d017022b4f611970cebf64,background,1.0
3c78b9d672e5bb2e065bcac54b52aa08b94b7321,d17d53c2720146564c36cc392e1673309fb01566,background,1.0
3c78b9d672e5bb2e065bcac54b52aa08b94b7321,d23920ba73dc8c0e8ac749d5fc5d4d9896c0ed32,background,1.0
3c78b9d672e5bb2e065bcac54b52aa08b94b7321,d5199cd9a33b07339d214249759b042847e0b393,background,1.0
3c78b9d672e5bb2e065bcac54b52aa08b94b7321,e39a0dfe48da9a51defb80fb4b839418e2981b8d,background,1.0
3c78b9d672e5bb2e065bcac54b52aa08b94b7321,e5c4602c4d0e8880240616618596ef72bde773a9,background,1.0
3c78b9d672e5bb2e065bcac54b52aa08b94b7321,ea5ac60d4491dbc8db6cc55a694a2b0c421c852a,background,1.0
3c78b9d672e5bb2e065bcac54b52aa08b94b7321,ec61bc70c26436eeac63637b75ce4ab0127561aa,background,1.0
3c78b9d672e5bb2e065bcac54b52aa08b94b7321,ef6602c5a4d0dc1d7108cd5b676ab988afd4e482,background,1.0
3c78b9d672e5bb2e065bcac54b52aa08b94b7321,f111cafd18fe5ce4460ab1b47c513c1dfd53c5e6,background,1.0
3c955e1d93357d86cca54cc04b7d5604e9851345,17a6213e30895fb7e5d0b368236ea8beeb94ee86,background,1.0
3ca49899da83e160280c709288973e9caed30fa2,0585e7f28f634fcb646ece9bd2b7aa33789efc0a,background,1.0
3ca49899da83e160280c709288973e9caed30fa2,18d0346724e63594f5eb8d4147b85f244bd353f4,background,1.0
3ca49899da83e160280c709288973e9caed30fa2,227b5f8206b64858edeef6723b96af14133077e3,background,1.0
3ca49899da83e160280c709288973e9caed30fa2,2a3f1348aae8a741307223c9bd01b0259a072b93,background,1.0
3ca49899da83e160280c709288973e9caed30fa2,2b967d82b25088566980aaaf5a7062d90b2fb14f,background,1.0
3ca49899da83e160280c709288973e9caed30fa2,3265df2c0bdf3a0d68e498fcb38fad6199399b6a,background,1.0
3ca49899da83e160280c709288973e9caed30fa2,371a343457a4fbff00000bf4faa29b2b2f85744c,background,1.0
3ca49899da83e160280c709288973e9caed30fa2,51a38ccd398555d8659e64d1ac0c1658ae05ef28,background,1.0
3ca49899da83e160280c709288973e9caed30fa2,59fe7cb560651281cfc5db6b8940da0e3ba9dea6,background,1.0
3ca49899da83e160280c709288973e9caed30fa2,61b47eb4fea7d0a48cc69758dc6b11411b8fd175,background,1.0
3ca49899da83e160280c709288973e9caed30fa2,6d51f4b220cb2c8321dc5f9755b7d66f10f1cad6,background,1.0
3ca49899da83e160280c709288973e9caed30fa2,7d539db059514f6e7f1a08239031cdd517a106c6,background,1.0
3ca49899da83e160280c709288973e9caed30fa2,8574267b51536bc6f92d9fdc6bb3bc81a97572b8,background,1.0
3ca49899da83e160280c709288973e9caed30fa2,8a4fc5f00cd4aca61e148e46a2125c3a406719f1,background,1.0
3ca49899da83e160280c709288973e9caed30fa2,8e773b1840b894603c06b677a0f15ebcf0f26378,background,1.0
3ca49899da83e160280c709288973e9caed30fa2,8f831f341e959955a495730d81996e62c57cc0bd,background,1.0
3ca49899da83e160280c709288973e9caed30fa2,95280565aa3d120c6d7e8d87ea3423f16977f19a,background,1.0
3ca49899da83e160280c709288973e9caed30fa2,acbdbf49f9bc3f151b93d9ca9a06009f4f6eb269,background,1.0
3ca49899da83e160280c709288973e9caed30fa2,b41e95c8c97846d5ca4c11ef79d7814499cc9663,background,1.0
3ca49899da83e160280c709288973e9caed30fa2,d766bffc357127e0dc86dd69561d5aeb520d6f4c,background,1.0
3ca49899da83e160280c709288973e9caed30fa2,dcbaf58b16ac7ef947879ea37c021466357b291a,background,1.0
3ca49899da83e160280c709288973e9caed30fa2,dce7daf3d485e83ae503cfa60e7a0ccce994a764,background,1.0
3ca49899da83e160280c709288973e9caed30fa2,de4ca1836923fecd9e8b8ece30b2619f22b2e542,background,1.0
3ca49899da83e160280c709288973e9caed30fa2,f7fc3b7126299e89cb36d3e478d05e8c332a9afa,background,1.0
3ca49899da83e160280c709288973e9caed30fa2,fa5b139b08ef9ce0529d68c929f786412edc2898,background,1.0
3cc9c49e2680eb8396d32e1390e2d384560f2dd4,d852660e15e82ae150dcde105639ba2c7d90f01f,background,1.0
3cd87923da5d74ce726019f8201792090e376351,1d0d84a1f4e8de75151d88bd152816f18109d032,background,1.0
3cdb54253b530c13ddb924b02271124bca937318,85b681e08c9db87dc19a5d5d8664e0027a8e8ad9,background,1.0
3d0472c20b77d2b2cd9ae065fe3fb1715ba06d48,02808823641975868e3212fd7ae859514fdbdf32,background,1.0
3d63070e41fe95d79431bb997d1ba4d2d328ec45,06424dcd3be195738b653d2ee4358d9974f4cb30,background,1.0
3d6e407f6c9f5d9dd938fbbf22d0f36ce8cb610f,85b681e08c9db87dc19a5d5d8664e0027a8e8ad9,background,1.0
3d94bf986cc4987fe9fb421a7e7bb66a9364f998,86e9b0585c8b866665de18b2744d69aefff3e16d,background,1.0
3e24f692a0e252bbc96f88d015af91e7b8bc74ca,d154d986c3a402c207c6c0e22093f2e1a878fe71,background,1.0
3e53babdc4d5c3aabe36a8f86f8aa246b6140909,1d0d84a1f4e8de75151d88bd152816f18109d032,background,1.0
3e545f47a1c25f2d7f7e092f3a2ee7a28d11f810,6ea38aacc779506909d425aa19114b92bb1854f8,background,1.0
3ed0669c433b85f156f9f0e7041b52a6b6cf1855,a20e707395132f750fa958ebc0ea629b23b57bfe,background,1.0
3f17b89affd48eba719ad0a6a4a7406a72c8f813,59078a26c42e8609244f1c3e01f05af74a3773bf,background,1.0
3f3f9b25f19cff4e74adfba9a6a64860422797e3,703d49a335799262e474ed8fe6044cd641a9e00a,background,1.0
3f80d9fbb676be51e64dab8cbecddeb4935f269e,033275ccc2c7c5c38592ae893da0b5923cf90717,background,1.0
3f8b25f82a4ebf3d2194cba063c040e070ad0fe5,087c755ff8689e4c5d846f952e9b2ed17dfe99f9,background,1.0
3ff1a16dda5644f9fb675ae1d5f7728fe7255a17,a20e707395132f750fa958ebc0ea629b23b57bfe,background,1.0
401686020700094a15c19a9bf5d866813d522689,689c7a86d973895a14feb984b8faa3d5581038ef,background,1.0
4099367a662ebf34771e6b75f1057cc5a7d24e5e,1d0d84a1f4e8de75151d88bd152816f18109d032,background,1.0
40a26011012877e857565cb218639766b4724b37,06424dcd3be195738b653d2ee4358d9974f4cb30,background,1.0
40b7a181cbd906ef0358141d4fa4f284e74cde59,033275ccc2c7c5c38592ae893da0b5923cf90717,background,1.0
40c2d385cf38c34bf503f062216eed38f38eddb6,6ea38aacc779506909d425aa19114b92bb1854f8,background,1.0
40dc4e2abed06095d1055daa1a96f485251a86df,3ca49899da83e160280c709288973e9caed30fa2,background,1.0
41093e42f9f35501b73eb3ed90c6d956a8c71631,02808823641975868e3212fd7ae859514fdbdf32,background,1.0
41093e42f9f35501b73eb3ed90c6d956a8c71631,f295128bb1846e441a5195d5bbf4902f49186e30,background,1.0
417b1f42fd8307f7caa4114eb24604845c043f67,1f4bee77bb69b92dd16ce0c3ad0f477f4ecf1d30,background,1.0
420f8b01e0ddd3c3f4c5620acbd71e26275786b5,b8e30590ac81875a7fc4f7cfd425bd5148a72f5c,background,1.0
421acbcbf7bf050d758651def7f8db717f855093,689c7a86d973895a14feb984b8faa3d5581038ef,background,1.0
42268c869211e346e37ef02e609f3caca7e35a95,27d0ae215acfaa5914fc13cea20626c9470848c2,background,1.0
42a5558d00f141ed1b5e87579abd0e8c26deb19d,6e08bd9b6ecb3e3978de66c5f8bd8636367413bc,background,1.0
42c0d4deb00d91b49cb78c02ece260feaedf6c8b,5abf79226a8ffa2dcf33ca98bfc36c8bb01cc4fc,background,1.0
42d905cda8be905000cc04568ce1c50acd1c5937,1d0d84a1f4e8de75151d88bd152816f18109d032,background,1.0
42e276625f7cda295b8a605085bf7e586e16c3d7,703d49a335799262e474ed8fe6044cd641a9e00a,background,1.0
42e3fadd91a0cda455c45f747587f40bc9fb880d,1d0d84a1f4e8de75151d88bd152816f18109d032,background,1.0
42ed2516e0895da4c4863dcbf47fd1496380730c,514e4e91e0fbddaa85857760d4f206a18228d614,background,1.0
4338a99404a70c681f988bad4866b11dd5a6b4cf,59078a26c42e8609244f1c3e01f05af74a3773bf,background,1.0
43af0e5d55940c424997fb57530b5c0db43f1657,c867c372ed78e27c53feaf788e74aa7506302bbe,background,1.0
43b380b5181e51d76ce70bc19af630f9371ef16b,85b681e08c9db87dc19a5d5d8664e0027a8e8ad9,background,1.0
43dbe26346668537ffcce14acef0913e38bf9492,44ec06d911eed44ee99be61bd9ce964a824a2ed7,background,1.0
44463652fadfce7085ef12356b0d613c6b0c7396,514e4e91e0fbddaa85857760d4f206a18228d614,background,1.0
44505537629187d23abca13323b3525310e8e140,39af4070dca3221d275898c55884167bc03fe73d,background,1.0
44b2aeec1b9395720743de28b51c9c9bad46819b,d154d986c3a402c207c6c0e22093f2e1a878fe71,background,1.0
44b3f52d707edbcc92d78863085c6c8660250d95,16a65dcd609d48f79a9a271377628fdae5315a62,background,1.0
44c07cccf8190b21597168643774db7e972f1967,d852660e15e82ae150dcde105639ba2c7d90f01f,background,1.0
44cc2c2a725b1b3a7202c3a757f144f86f161dbb,44ec06d911eed44ee99be61bd9ce964a824a2ed7,background,1.0
44cc2c2a725b1b3a7202c3a757f144f86f161dbb,f295128bb1846e441a5195d5bbf4902f49186e30,background,1.0
44ec06d911eed44ee99be61bd9ce964a824a2ed7,01322d3f7039eaed09ce4fa77dc4efb122e400a2,background,1.0
44ec06d911eed44ee99be61bd9ce964a824a2ed7,03c7ec9dbac0c1c46f52b81359112d91f49bbccc,background,1.0
44ec06d911eed44ee99be61bd9ce964a824a2ed7,0711279d98e1304591140cf009dd60a3303c50c8,background,1.0
44ec06d911eed44ee99be61bd9ce964a824a2ed7,0ea3bca1222c33163c165779c01213b7cd1c22b9,background,1.0
44ec06d911eed44ee99be61bd9ce964a824a2ed7,23735679155695f5a2a8ad42950f3d43e914beca,background,1.0
44ec06d911eed44ee99be61bd9ce964a824a2ed7,23a5984c058d585743a114991d9f59d192c74fed,background,1.0
44ec06d911eed44ee99be61bd9ce964a824a2ed7,26a6833a3f68e71c09ec153d721ef4bea766c460,background,1.0
44ec06d911eed44ee99be61bd9ce964a824a2ed7,27f490e3de1109aae68686a73e3eab0f6eaae2cf,background,1.0
44ec06d911eed44ee99be61bd9ce964a824a2ed7,32391a99a252771d90453562b1c51017849672c5,background,1.0
44ec06d911eed44ee99be61bd9ce964a824a2ed7,369eaf4a726903901635ee9edcce91bc20d38f52,background,1.0
44ec06d911eed44ee99be61bd9ce964a824a2ed7,457adf3ae342774151437a18447bddcdbec4e848,background,1.0
44ec06d911eed44ee99be61bd9ce964a824a2ed7,487b3a22ba9901d1bc55b00077483de10fa8dc3e,background,1.0
44ec06d911eed44ee99be61bd9ce964a824a2ed7,58ecb65217934a1a2952b8a236f7d182e79c01e5,background,1.0
44ec06d911eed44ee99be61bd9ce964a824a2ed7,59c64113d5b075f62f16f31d01682fd47e61970c,background,1.0
44ec06d911eed44ee99be61bd9ce964a824a2ed7,59e13a8505ea8385a613a249581628b09e61c10f,background,1.0
44ec06d911eed44ee99be61bd9ce964a824a2ed7,59f1df2f60280eea79d195b9c561d52a77fb24de,background,1.0
44ec06d911eed44ee99be61bd9ce964a824a2ed7,72da61d95c758596c27367db35a5cdc6d7115239,background,1.0
44ec06d911eed44ee99be61bd9ce964a824a2ed7,7c70459d56214a7a3202732670f5ce726508eff6,background,1.0
44ec06d911eed44ee99be61bd9ce964a824a2ed7,7dd9204a4817747b11b4f6a1352992951313dfe0,background,1.0
44ec06d911eed44ee99be61bd9ce964a824a2ed7,7f203b774b388e30dccb498a25dcc7ee4c3f7411,background,1.0
44ec06d911eed44ee99be61bd9ce964a824a2ed7,82e78f337a57c5e679fd1edca585ce7585be2e12,background,1.0
44ec06d911eed44ee99be61bd9ce964a824a2ed7,87875a394b46ac31e6530725b9d3a66ba003477e,background,1.0
44ec06d911eed44ee99be61bd9ce964a824a2ed7,8c2a3d046a68694f7db526b3aacfa43a31789974,background,1.0
44ec06d911eed44ee99be61bd9ce964a824a2ed7,8fa24ddcbc0255c62146c312f2de0d02f4d6240d,background,1.0
44ec06d911eed44ee99be61bd9ce964a824a2ed7,8fdc0db9a61442b3aca3e2ed71ad897e33de0553,background,1.0
44ec06d911eed44ee99be61bd9ce964a824a2ed7,a4f967c20e45f466bd447230a89687384805a97b,background,1.0
44ec06d911eed44ee99be61bd9ce964a824a2ed7,b046d4869415f96996ac19a807c52965de5169d8,background,1.0
44ec06d911eed44ee99be61bd9ce964a824a2ed7,b22e882910df060c4dc71ffda0b7057d84f9760b,background,1.0
44ec06d911eed44ee99be61bd9ce964a824a2ed7,b6ce0e749d267916b884ff49842510ea4451a6a1,background,1.0
44ec06d911eed44ee99be61bd9ce964a824a2ed7,b8a630aa9eb4f8dc5ab29892aa33b319711d3161,background,1.0
44ec06d911eed44ee99be61bd9ce964a824a2ed7,c031f9fde3758ee888d8cf4250f2c9a84ed0d59e,background,1.0
44ec06d911eed44ee99be61bd9ce964a824a2ed7,ce2a41d31657c32a4945d79d5902b1576fed3ad8,background,1.0
44ec06d911eed44ee99be61bd9ce964a824a2ed7,d3201df6342ca3f3c3903535d68dd4576067ee57,background,1.0
44ec06d911eed44ee99be61bd9ce964a824a2ed7,d57ca29d73272e139c04f118d5c3107dfb964596,background,1.0
44ec06d911eed44ee99be61bd9ce964a824a2ed7,e0ed46a9e6621c4113d81370bde9ebf5c22e8237,background,1.0
44ec06d911eed44ee99be61bd9ce964a824a2ed7,f15e4dd875ef65ef2494df04795e2acc7fbe2c81,background,1.0
44ec06d911eed44ee99be61bd9ce964a824a2ed7,fab53cb4ac0a110fe650fc11eb352251db51d82e,background,1.0
459cf4e6476d5e19f1bc422c162bcded54ca7f95,17dc39b7af3ca5d2563502c4b7e5f72e0002afeb,background,1.0
459cf4e6476d5e19f1bc422c162bcded54ca7f95,35bcb89ea25012f0440116f1290576ed4347b5dd,background,1.0
459cf4e6476d5e19f1bc422c162bcded54ca7f95,44493e316c6f680d5f69b994f1b827a0f12eb565,background,1.0
459cf4e6476d5e19f1bc422c162bcded54ca7f95,85487a0b532786fa399a5a8014443bfd70ed3592,background,1.0
459cf4e6476d5e19f1bc422c162bcded54ca7f95,92abcaed88e73a619cab2a8d07a8ff2da4209485,background,1.0
459cf4e6476d5e19f1bc422c162bcded54ca7f95,a20e707395132f750fa958ebc0ea629b23b57bfe,background,1.0
459cf4e6476d5e19f1bc422c162bcded54ca7f95,bcca5c7e9180c4890936343d79e812cb16cbefb6,background,1.0
459cf4e6476d5e19f1bc422c162bcded54ca7f95,c867c372ed78e27c53feaf788e74aa7506302bbe,background,1.0
459cf4e6476d5e19f1bc422c162bcded54ca7f95,f295157f37cfb43cd8d8d2690ea124edc5ea59c2,background,1.0
459cf4e6476d5e19f1bc422c162bcded54ca7f95,f3e765ca2b8c4191759b141d2e5c42215ed9090d,background,1.0
464d890df72b3726e3b2cd0582517fa823936411,44ec06d911eed44ee99be61bd9ce964a824a2ed7,background,1.0
464d890df72b3726e3b2cd0582517fa823936411,59078a26c42e8609244f1c3e01f05af74a3773bf,background,1.0
465a72e89e1971793e8e99453e6f12d96d5ce2d2,2d95c27d4ed8cfb8379164888cd79c6b239250b4,background,1.0
465a72e89e1971793e8e99453e6f12d96d5ce2d2,b8e30590ac81875a7fc4f7cfd425bd5148a72f5c,background,1.0
4679155608756ad99153f8eb45f1fd4cf0d3699b,514e4e91e0fbddaa85857760d4f206a18228d614,background,1.0
47115cd03544ad62b200782a4282bfcfbdfde67c,bcca5c7e9180c4890936343d79e812cb16cbefb6,background,1.0
47115cd03544ad62b200782a4282bfcfbdfde67c,c867c372ed78e27c53feaf788e74aa7506302bbe,background,1.0
4719603880be81f3400ff5b976b8b2598232e8a8,514e4e91e0fbddaa85857760d4f206a18228d614,background,1.0
4740d555a17f0d200074d158e62019aa44cdc72e,6ea38aacc779506909d425aa19114b92bb1854f8,background,1.0
4740d555a17f0d200074d158e62019aa44cdc72e,c858ba9bce833896b49878a6793dbb382ed83c9e,background,1.0
47413e222e21bcf9720d13ec9e76fcf04c0b03f4,16a65dcd609d48f79a9a271377628fdae5315a62,background,1.0
4773398fd2fdf1feddb194aa3e90da270fd3db11,087c755ff8689e4c5d846f952e9b2ed17dfe99f9,background,1.0
4788ecd92eeefe3b9ce23d8c27a4ec78e04c809c,6ea38aacc779506909d425aa19114b92bb1854f8,background,1.0
47b085d86c7b2fdb7b325b578e5b5bd032cce9b2,689c7a86d973895a14feb984b8faa3d5581038ef,background,1.0
47bca586abefde3b796b65c986269f082fcb59c5,d154d986c3a402c207c6c0e22093f2e1a878fe71,background,1.0
47d819f79d44d9cb5145b92e438f7b2a773451e8,85b681e08c9db87dc19a5d5d8664e0027a8e8ad9,background,1.0
47ddb174817548d80ceeb1f8d7ea8885f960f379,44ec06d911eed44ee99be61bd9ce964a824a2ed7,background,1.0
47e739acbf1c1d590670a902827e26e792c54039,1f4bee77bb69b92dd16ce0c3ad0f477f4ecf1d30,background,1.0
480e3e5a5098073ff90ceeaa96b18d8173ebd9b7,2d95c27d4ed8cfb8379164888cd79c6b239250b4,background,1.0
48e16a4fc8741bb1beb9c63b38c98627018d298c,bcca5c7e9180c4890936343d79e812cb16cbefb6,background,1.0
48e16a4fc8741bb1beb9c63b38c98627018d298c,c867c372ed78e27c53feaf788e74aa7506302bbe,background,1.0
48f1234b0f58bd2c836676ec16ea3f987c918696,d427db1ba2cc92b36d16a5e5114f1027c90fff68,background,1.0
49249b2d789ba08e43848016b8d73ea427a02032,02808823641975868e3212fd7ae859514fdbdf32,background,1.0
49249b2d789ba08e43848016b8d73ea427a02032,2d95c27d4ed8cfb8379164888cd79c6b239250b4,background,1.0
49249b2d789ba08e43848016b8d73ea427a02032,39af4070dca3221d275898c55884167bc03fe73d,background,1.0
49249b2d789ba08e43848016b8d73ea427a02032,659d8b24e53e8adfbcb1f16b26ada2cb8afa2c85,background,1.0
49f556c23183c9e30132b8fdc30bcc62e6a084cf,6ea38aacc779506909d425aa19114b92bb1854f8,background,1.0
49fb7d86884ff42d1b6fbf6c2eb704399f8a4f65,17a6213e30895fb7e5d0b368236ea8beeb94ee86,background,1.0
49fedda299badd6703447c0ca0712f58d0cc973a,02808823641975868e3212fd7ae859514fdbdf32,background,1.0
4a12b7f523ccf9c7487daa23c559e4059e416d53,c858ba9bce833896b49878a6793dbb382ed83c9e,background,1.0
4a16126fe6886fd20ea5f945804811d384e82701,16a65dcd609d48f79a9a271377628fdae5315a62,background,1.0
4a34c8396d1a28df0189020b28d77a6ef89d1d7d,16a65dcd609d48f79a9a271377628fdae5315a62,background,1.0
4a91a970fe2bd3e55f6ee7bfb84c7609adaaa20f,0443c9a0fbb403d5e7d3593f5d286cb74ed0b490,background,1.0
4a91a970fe2bd3e55f6ee7bfb84c7609adaaa20f,1d0d84a1f4e8de75151d88bd152816f18109d032,background,1.0
4aa260a562bbf5f272e418d72d44e250313e7d98,6ea38aacc779506909d425aa19114b92bb1854f8,background,1.0
4aa260a562bbf5f272e418d72d44e250313e7d98,c858ba9bce833896b49878a6793dbb382ed83c9e,background,1.0
4aa6c10cb65e66ab6b92d198a10e19f1d57f6b0a,2d95c27d4ed8cfb8379164888cd79c6b239250b4,background,1.0
4aa6c10cb65e66ab6b92d198a10e19f1d57f6b0a,39af4070dca3221d275898c55884167bc03fe73d,background,1.0
4b1fae896aa4e3907d78213f565ca67794846f4a,1d0d84a1f4e8de75151d88bd152816f18109d032,background,1.0
4b3ab3a7e392e2912db22e4e285a22d7ffc96522,703d49a335799262e474ed8fe6044cd641a9e00a,background,1.0
4b859edb3769841663e9e4a852b21e553164cf01,d427db1ba2cc92b36d16a5e5114f1027c90fff68,background,1.0
4c0af99487df25fc219966774d40d594be93bd78,3ca49899da83e160280c709288973e9caed30fa2,background,1.0
4c80480365334f7a33d64ae2f8a6eb08d6082cc9,85b681e08c9db87dc19a5d5d8664e0027a8e8ad9,background,1.0
4cdeb10f9ad072e16dded55ef35b0b6329f6a0a8,1a85628dd645ea86b7c146613651fdb30bb32c1d,background,1.0
4cdeb10f9ad072e16dded55ef35b0b6329f6a0a8,689c7a86d973895a14feb984b8faa3d5581038ef,background,1.0
4cf2e7fb126f77a55e00d78d7caad9992fe75aa6,459cf4e6476d5e19f1bc422c162bcded54ca7f95,background,1.0
4d4c17636c9bc377db4693b0ecac628879a33a57,6ea38aacc779506909d425aa19114b92bb1854f8,background,1.0
4d9ae6014afea07fd3fd9948eaec672e8ec9c151,033275ccc2c7c5c38592ae893da0b5923cf90717,background,1.0
4dc81f378c7b49d957e419a8a532be06c05242c3,d852660e15e82ae150dcde105639ba2c7d90f01f,background,1.0
4de1de462ac96244cf88cb7652fd28b0d60a8bb0,39af4070dca3221d275898c55884167bc03fe73d,background,1.0
4de1de462ac96244cf88cb7652fd28b0d60a8bb0,d154d986c3a402c207c6c0e22093f2e1a878fe71,background,1.0
4deee1a31aedda5854dd24f2f894c70b560dfe65,85b681e08c9db87dc19a5d5d8664e0027a8e8ad9,background,1.0
4e011582ccfd225f326b7f0777d07a8da74d7869,c858ba9bce833896b49878a6793dbb382ed83c9e,background,1.0
4e4ee9c79bfd9b499f4ad08e99c4093b9bd02735,86e9b0585c8b866665de18b2744d69aefff3e16d,background,1.0
4e63744a40f53b2ad32547d6fac0da2f14736bf1,689c7a86d973895a14feb984b8faa3d5581038ef,background,1.0
4e63744a40f53b2ad32547d6fac0da2f14736bf1,93e6ba25e4c45c3f204a09b6a6b8b02bd3596091,background,1.0
4e89ed0569af79fa95930ab5d4a9b09c63daabae,d852660e15e82ae150dcde105639ba2c7d90f01f,background,1.0
4e91f09e1e2c69745ba237c6b71bc638c09c90e9,514e4e91e0fbddaa85857760d4f206a18228d614,background,1.0
4eb76a46144750079e9a56dce2ff1be04bafc257,659d8b24e53e8adfbcb1f16b26ada2cb8afa2c85,background,1.0
4f0f8655741f7d19d65b8f6e62d1b38c4a2a30ef,459cf4e6476d5e19f1bc422c162bcded54ca7f95,background,1.0
4f2a455676baf96cf9f373eb4175cee5ada0ab97,a20e707395132f750fa958ebc0ea629b23b57bfe,background,1.0
4f34f9e542b1956f4727dd2680421aed91d18cd3,033275ccc2c7c5c38592ae893da0b5923cf90717,background,1.0
4f34f9e542b1956f4727dd2680421aed91d18cd3,326cecd1e73da6790cc30fafc298489882e20c7f,background,1.0
4fdb3f37579aa76be0e75ac8d7991d20cf60d128,6ea38aacc779506909d425aa19114b92bb1854f8,background,1.0
506ac894aa94a8d43e85da8ea6861681086e7df7,0443c9a0fbb403d5e7d3593f5d286cb74ed0b490,background,1.0
506d4695803033444bb9eeff974792296db9a179,bcca5c7e9180c4890936343d79e812cb16cbefb6,background,1.0
506d4695803033444bb9eeff974792296db9a179,d852660e15e82ae150dcde105639ba2c7d90f01f,background,1.0
5076689b8955e090173a8d37ecd80077c5db5092,c858ba9bce833896b49878a6793dbb382ed83c9e,background,1.0
50971874b707d381662ee89ed25ef7d751dfa4fe,2d95c27d4ed8cfb8379164888cd79c6b239250b4,background,1.0
50be4198b20dff5d0f5e261a410cee7bb5ebe3c7,44ec06d911eed44ee99be61bd9ce964a824a2ed7,background,1.0
50be4198b20dff5d0f5e261a410cee7bb5ebe3c7,59078a26c42e8609244f1c3e01f05af74a3773bf,background,1.0
5100faaa20b6eccc1aca5e6d20ed7917eb5ddd60,5abf79226a8ffa2dcf33ca98bfc36c8bb01cc4fc,background,1.0
5100faaa20b6eccc1aca5e6d20ed7917eb5ddd60,d154d986c3a402c207c6c0e22093f2e1a878fe71,background,1.0
513cd3699a0518ba2119f36691d23ccd6de67c0f,a20e707395132f750fa958ebc0ea629b23b57bfe,background,1.0
514e4e91e0fbddaa85857760d4f206a18228d614,0133db4b6b673ad3b99ca1288bbf94fac42ad721,background,1.0
514e4e91e0fbddaa85857760d4f206a18228d614,0e10ac486567f1fe2b0d5f5511e3fb517ead784d,background,1.0
514e4e91e0fbddaa85857760d4f206a18228d614,1733eb7792f7a43dd21f51f4d1017a1bffd217b5,background,1.0
514e4e91e0fbddaa85857760d4f206a18228d614,19b825e139a54b543e7d8380ab0a1f9a7a29eaa2,background,1.0
514e4e91e0fbddaa85857760d4f206a18228d614,1c3c531fc0fbe79f97f367ed3648de8467caeeaa,background,1.0
514e4e91e0fbddaa85857760d4f206a18228d614,2797cbda8c845504119b62ee25deb1500ec2dfaf,background,1.0
514e4e91e0fbddaa85857760d4f206a18228d614,2bbb16eb8e85c64608af9712724951f070e01910,background,1.0
514e4e91e0fbddaa85857760d4f206a18228d614,3793a5f435fef59a901f5ba0d8ef43df88d97161,background,1.0
514e4e91e0fbddaa85857760d4f206a18228d614,38c90416352d35cbbffa4ba7486cabd04f21e951,background,1.0
514e4e91e0fbddaa85857760d4f206a18228d614,3aaf6a2cbad5850ad81ab5c163599cb3d523436f,background,1.0
514e4e91e0fbddaa85857760d4f206a18228d614,3fe9822c82f1b826e2c6545b2745849e6ee38610,background,1.0
514e4e91e0fbddaa85857760d4f206a18228d614,427573f8811f5e32440529fa0ee13a23248df503,background,1.0
514e4e91e0fbddaa85857760d4f206a18228d614,4747e72c5bc706c50e76953188f0144df18992d0,background,1.0
514e4e91e0fbddaa85857760d4f206a18228d614,47ced790a563344efae66588b5fb7fe6cca29ed3,background,1.0
514e4e91e0fbddaa85857760d4f206a18228d614,4b27f18bff43d605805c92696a979714ced0b805,background,1.0
514e4e91e0fbddaa85857760d4f206a18228d614,659bf9ce7175e1ec266ff54359e2bd76e0b7ff31,background,1.0
514e4e91e0fbddaa85857760d4f206a18228d614,6daf40337548f4f766c7c36351a151e38f0c3bb0,background,1.0
514e4e91e0fbddaa85857760d4f206a18228d614,703035b483c181953de1b55b5fd59cd4cd4cf211,background,1.0
514e4e91e0fbddaa85857760d4f206a18228d614,78fbb6e7a1c568a04e8c935aa9909d0c942ea5f6,background,1.0
514e4e91e0fbddaa85857760d4f206a18228d614,793bbb3c70d4bac3908bd8f2ecc309f1bfdf5f52,background,1.0
514e4e91e0fbddaa85857760d4f206a18228d614,81a953de95f4932b6342fa55b2040926b2590e9c,background,1.0
514e4e91e0fbddaa85857760d4f206a18228d614,84fb0925816876fbab967f06ecf2f2157aec9ff4,background,1.0
514e4e91e0fbddaa85857760d4f206a18228d614,8f070e301979732e0dd73f6aa6170309cf73aa7d,background,1.0
514e4e91e0fbddaa85857760d4f206a18228d614,91e2eb23fd65a294467c8dba1931fe01a4ecc05b,background,1.0
514e4e91e0fbddaa85857760d4f206a18228d614,94a5f96308729e31c1ffbc0f0618db87795092fe,background,1.0
514e4e91e0fbddaa85857760d4f206a18228d614,99832586d55f540f603637e458a292406a0ed75d,background,1.0
514e4e91e0fbddaa85857760d4f206a18228d614,a2a7033a5a859e3a6e6f0a83018326400b4c5faa,background,1.0
514e4e91e0fbddaa85857760d4f206a18228d614,a38e0f993e4805ba8a9beae4c275c91ffcec01df,background,1.0
514e4e91e0fbddaa85857760d4f206a18228d614,a41d4a3b005c8ec4f821e6ee96672d930ca9596c,background,1.0
514e4e91e0fbddaa85857760d4f206a18228d614,acb66323a032d1244de4b621bc944c2b039f5ac3,background,1.0
514e4e91e0fbddaa85857760d4f206a18228d614,acbdbf49f9bc3f151b93d9ca9a06009f4f6eb269,background,1.0
514e4e91e0fbddaa85857760d4f206a18228d614,ae50c8e255ba55bdbbb05ea470aa63437534438e,background,1.0
514e4e91e0fbddaa85857760d4f206a18228d614,af1c871282ec122869d03f5420ef5d9143358a91,background,1.0
514e4e91e0fbddaa85857760d4f206a18228d614,af5c7848417882012203ac21399977ebda695a2b,background,1.0
514e4e91e0fbddaa85857760d4f206a18228d614,be27ef5a9068d9e2be1ab97b7c3de7168c472972,background,1.0
514e4e91e0fbddaa85857760d4f206a18228d614,c0b6149a7ff72817d5cdb008566dc4f0ca9b9379,background,1.0
514e4e91e0fbddaa85857760d4f206a18228d614,c1799bf28d1ae93e1631be5b59196ee1e568f538,background,1.0
514e4e91e0fbddaa85857760d4f206a18228d614,c7ba780449ad4b377d032a9a304ecc9dd35d8626,background,1.0
514e4e91e0fbddaa85857760d4f206a18228d614,c8b18682965ff9dccc0130dab3d679f78cefa617,background,1.0
514e4e91e0fbddaa85857760d4f206a18228d614,d7fc8fc5510f31469ba263253ec54edd7821cf8d,background,1.0
514e4e91e0fbddaa85857760d4f206a18228d614,dae177115f306b7005dde10acbef047b9f20d821,background,1.0
514e4e91e0fbddaa85857760d4f206a18228d614,e03f41877da45c04a38aa37af99cfdec9a0379dd,background,1.0
514e4e91e0fbddaa85857760d4f206a18228d614,e2f1f04f648a8863d11439aa4c80ee65d6caccda,background,1.0
514e4e91e0fbddaa85857760d4f206a18228d614,f1b6c8bc0f5675c6398d56fdb86d574d48b3f91d,background,1.0
514e4e91e0fbddaa85857760d4f206a18228d614,f1bd7ea3a63b78a60b5d90d91fdb4a1d7ac0de8e,background,1.0
514e4e91e0fbddaa85857760d4f206a18228d614,f3c339ab479cbd4782807bf47254961bc60bf293,background,1.0
514e4e91e0fbddaa85857760d4f206a18228d614,f727986a460a33b9e62ac23f7d8901748e5c10c9,background,1.0
514e4e91e0fbddaa85857760d4f206a18228d614,f81a1b4510631d14b5b565c4701ee056f8d5c72f,background,1.0
514e4e91e0fbddaa85857760d4f206a18228d614,f97413a497d47c739d41d237917e6566154647b4,background,1.0
52645d4faff53b2a4e812f5289a9348e38898066,2d95c27d4ed8cfb8379164888cd79c6b239250b4,background,1.0
529a51793857fc95fb6e5cd2a42be33a4fbbc763,689c7a86d973895a14feb984b8faa3d5581038ef,background,1.0
52ae1198855be66f902e7a834a45174163e525c7,59078a26c42e8609244f1c3e01f05af74a3773bf,background,1.0
52d2478eedd27e35cef1731687de82448914a19f,1d0d84a1f4e8de75151d88bd152816f18109d032,background,1.0
53516c4ee7b757538973470e8cd9f266906bbb24,459cf4e6476d5e19f1bc422c162bcded54ca7f95,background,1.0
5394a5d5caef9c53ec8ce0e7e313fc10279a95f0,02808823641975868e3212fd7ae859514fdbdf32,background,1.0
5394a5d5caef9c53ec8ce0e7e313fc10279a95f0,1a85628dd645ea86b7c146613651fdb30bb32c1d,background,1.0
5394a5d5caef9c53ec8ce0e7e313fc10279a95f0,2d95c27d4ed8cfb8379164888cd79c6b239250b4,background,1.0
53988925a35ed34fd3f2d7c9a1b8aefc2d5f3ed9,f295128bb1846e441a5195d5bbf4902f49186e30,background,1.0
53a48d0a4dfce81bee5e4d1ee9a43f5fa32b3278,4f873d5a3ab80402e206a361eeffd3b69f014db0,background,1.0
53ed90178186c74240029c4fc1284fb4e05f45a6,06424dcd3be195738b653d2ee4358d9974f4cb30,background,1.0
54300e9b4e1518c10161430c89747cf83ba5d7d0,4f873d5a3ab80402e206a361eeffd3b69f014db0,background,1.0
546c65930179d632fac1078a62336370da142a29,3c78b9d672e5bb2e065bcac54b52aa08b94b7321,background,1.0
54aea761600684eea98b8d38c1ce972ba1f38888,c858ba9bce833896b49878a6793dbb382ed83c9e,background,1.0
54aedeace0bbbc277d514181fd46f52304856d5c,1d0d84a1f4e8de75151d88bd152816f18109d032,background,1.0
54eeb37775f3529b9f4f97f2383e9f34b8a2f6ab,033275ccc2c7c5c38592ae893da0b5923cf90717,background,1.0
5527c8aca3e9f30b2f6382ab66a83eec2757051e,1a85628dd645ea86b7c146613651fdb30bb32c1d,background,1.0
5527c8aca3e9f30b2f6382ab66a83eec2757051e,2d95c27d4ed8cfb8379164888cd79c6b239250b4,background,1.0
5527c8aca3e9f30b2f6382ab66a83eec2757051e,86e9b0585c8b866665de18b2744d69aefff3e16d,background,1.0
5532caace14f2077d94835447e041ada1dd54291,44ec06d911eed44ee99be61bd9ce964a824a2ed7,background,1.0
5534c3b8bfe03ec0ee3ea3aafd0a4471b07f8b7d,d852660e15e82ae150dcde105639ba2c7d90f01f,background,1.0
557060934349941160f6232d2e9cbd1b4471a25d,d852660e15e82ae150dcde105639ba2c7d90f01f,background,1.0
5614260f546e4c31eacecfc820c8541e6193ba05,27d0ae215acfaa5914fc13cea20626c9470848c2,background,1.0
5614260f546e4c31eacecfc820c8541e6193ba05,3ca49899da83e160280c709288973e9caed30fa2,background,1.0
5656356b2c4d680cf4e2b3ecf4c7e23cdd58b6f2,3ca49899da83e160280c709288973e9caed30fa2,background,1.0
56a61066270f0f986e685309a7a4b63bdd075130,93e6ba25e4c45c3f204a09b6a6b8b02bd3596091,background,1.0
56ab548520008ed8c972351eb6f67eacc72f1f33,033275ccc2c7c5c38592ae893da0b5923cf90717,background,1.0
56f227edfd9e8c15926c51ed1db3c116ce28d078,d852660e15e82ae150dcde105639ba2c7d90f01f,background,1.0
5710b588434a295d551b5440bc927d594a81437c,514e4e91e0fbddaa85857760d4f206a18228d614,background,1.0
57b55c43426adb1bbc66a92be6e651d984599a0d,2d95c27d4ed8cfb8379164888cd79c6b239250b4,background,1.0
586626fe8238dba40bc659a8074f6bcc9c260288,d427db1ba2cc92b36d16a5e5114f1027c90fff68,background,1.0
58675d4db5bc9a52de65b60d5810c2c8c369116e,85b681e08c9db87dc19a5d5d8664e0027a8e8ad9,background,1.0
5979332914897d4770de3f5760fb8c3a3329203f,27d0ae215acfaa5914fc13cea20626c9470848c2,background,1.0
599d7a507ea013a542e6cf51108756f6942d2f89,703d49a335799262e474ed8fe6044cd641a9e00a,background,1.0
5a1ebbb241fd6257b64cf569fe961f16a3c24b94,e8505f6175585713aa7b785285b3abc4113b57ef,background,1.0
5a308772dbed5de122612142ee8e14c01a4702e6,bcca5c7e9180c4890936343d79e812cb16cbefb6,background,1.0
5a763660af5ac809ace462dd28f7fac800216633,c867c372ed78e27c53feaf788e74aa7506302bbe,background,1.0
5aa4dc0f24343745175411ca47c8207b41618707,17a6213e30895fb7e5d0b368236ea8beeb94ee86,background,1.0
5aa84359f8ebcbd299a2db5d53e4236fefb70993,1a85628dd645ea86b7c146613651fdb30bb32c1d,background,1.0
5abf79226a8ffa2dcf33ca98bfc36c8bb01cc4fc,2d95c27d4ed8cfb8379164888cd79c6b239250b4,background,1.0
5abf79226a8ffa2dcf33ca98bfc36c8bb01cc4fc,c858ba9bce833896b49878a6793dbb382ed83c9e,background,1.0
5acfc6741fed799481d7d93191768bf9f92c04bc,659d8b24e53e8adfbcb1f16b26ada2cb8afa2c85,background,1.0
5acfc6741fed799481d7d93191768bf9f92c04bc,d852660e15e82ae150dcde105639ba2c7d90f01f,background,1.0
5adc534dd3b9ecd24038d1cf9e047fbc7a223bc5,0443c9a0fbb403d5e7d3593f5d286cb74ed0b490,background,1.0
5ae66bf114a1048c3750a4931ae0c415e144f625,1d0d84a1f4e8de75151d88bd152816f18109d032,background,1.0
5b021d5aea741d1da0101b7aae04855ef0e90ea5,d427db1ba2cc92b36d16a5e5114f1027c90fff68,background,1.0
5b7464f0bcc902bf86053ccd3471ae5cced276f2,f295128bb1846e441a5195d5bbf4902f49186e30,background,1.0
5b8c3caff016c85548da1825d16cd8a509c6d23c,85b681e08c9db87dc19a5d5d8664e0027a8e8ad9,background,1.0
5ba758b7b4a62ff88b8d4ecb6867b7d72bddcd22,86e9b0585c8b866665de18b2744d69aefff3e16d,background,1.0
5c47e23ec4d2d8c6641ce7671b2054a5fff1911f,7549a6e03afdd42ae94c19235db076319eeb34f8,background,1.0
5c47e23ec4d2d8c6641ce7671b2054a5fff1911f,93e6ba25e4c45c3f204a09b6a6b8b02bd3596091,background,1.0
5c5ac84bbc5099041227684da8e27cb927ecd329,703d49a335799262e474ed8fe6044cd641a9e00a,background,1.0
5ce5e1ca4310b92086f5b89983140479552644b3,c858ba9bce833896b49878a6793dbb382ed83c9e,background,1.0
5cf681da875c3abab643510be6bc7f2cd4add6f6,c858ba9bce833896b49878a6793dbb382ed83c9e,background,1.0
5d3abcccb59579c4e108d9c393f6fcdf080ec859,703d49a335799262e474ed8fe6044cd641a9e00a,background,1.0
5d7955ec539326b6b26621d5808c9470b6b079ff,659d8b24e53e8adfbcb1f16b26ada2cb8afa2c85,background,1.0
5d7955ec539326b6b26621d5808c9470b6b079ff,e8505f6175585713aa7b785285b3abc4113b57ef,background,1.0
5da96998830bf29d7910fb9b09b2179addb4f1a7,0443c9a0fbb403d5e7d3593f5d286cb74ed0b490,background,1.0
5de3151c7d45752246d3851b4474b9de7ebc6cc1,a20e707395132f750fa958ebc0ea629b23b57bfe,background,1.0
5dfe1c2c76cb8f27d5b25aad473107deb8b1e8eb,659d8b24e53e8adfbcb1f16b26ada2cb8afa2c85,background,1.0
5e0f95c06970fe7c9208de78ee3b87ce70788b12,bcca5c7e9180c4890936343d79e812cb16cbefb6,background,1.0
5e33c5b1025b5aa2fc98198245483c1fd46bf530,d852660e15e82ae150dcde105639ba2c7d90f01f,background,1.0
5e398363e3d34de8278011003f724e0f36c35acf,033275ccc2c7c5c38592ae893da0b5923cf90717,background,1.0
5eae43af181ac61d973a25f3731100a6ad431b65,459cf4e6476d5e19f1bc422c162bcded54ca7f95,background,1.0
5eb855933f340d1653e3c68e4488d82ed1c32d9e,a20e707395132f750fa958ebc0ea629b23b57bfe,background,1.0
5f0d24b94af0c04c4b9cef925728c833317fb34d,5abf79226a8ffa2dcf33ca98bfc36c8bb01cc4fc,background,1.0
5f5f8cb1a646a0612738784f6774fa179adcdf65,93e6ba25e4c45c3f204a09b6a6b8b02bd3596091,background,1.0
5fa148e8bfcd5fa3df05311c0ec8abb13caf1c05,c858ba9bce833896b49878a6793dbb382ed83c9e,background,1.0
5fe82f5e3b45e0f9d18f706cee5f9e8af741e4d5,16a65dcd609d48f79a9a271377628fdae5315a62,background,1.0
5fe86f05d8f723ed957a5b3c46d8e4831eacda25,1a85628dd645ea86b7c146613651fdb30bb32c1d,background,1.0
607d8583486428a911a8628c83b8616f2b939db2,689c7a86d973895a14feb984b8faa3d5581038ef,background,1.0
6081a05db064cb0844c5aa3656df8e3e72812c19,703d49a335799262e474ed8fe6044cd641a9e00a,background,1.0
60e21b8b340159f6c07fb31092d14739ae1cd0eb,2d95c27d4ed8cfb8379164888cd79c6b239250b4,background,1.0
61043c8e55a651eca4d42cd53e976bc981933337,6ea38aacc779506909d425aa19114b92bb1854f8,background,1.0
610b34651050164a46d9c43fa02b083c405b3845,85b681e08c9db87dc19a5d5d8664e0027a8e8ad9,background,1.0
615e546cea8517cfcb1333dbb7af71ae3d3f761f,16a65dcd609d48f79a9a271377628fdae5315a62,background,1.0
617ee6de431ad6dc7294de85cf4d527c80e13964,6ea38aacc779506909d425aa19114b92bb1854f8,background,1.0
61b47eb4fea7d0a48cc69758dc6b11411b8fd175,d154d986c3a402c207c6c0e22093f2e1a878fe71,background,1.0
61c931d50f3e32f70abf1bccddf2479212dd2fde,5abf79226a8ffa2dcf33ca98bfc36c8bb01cc4fc,background,1.0
626395845872fcad93bb9ce503fcf9d34226d73e,1f4bee77bb69b92dd16ce0c3ad0f477f4ecf1d30,background,1.0
6295f0f065ab9034c6703cff51e451506bcd42c2,1d0d84a1f4e8de75151d88bd152816f18109d032,background,1.0
62cc7294101aadb79acb8996af4e1261bcb81924,86e9b0585c8b866665de18b2744d69aefff3e16d,background,1.0
62d1a146c13246f5e0e387154f725aed9614e644,bcca5c7e9180c4890936343d79e812cb16cbefb6,background,1.0
62d217cb84ab2dc71dba7dc11b04b89186f23e84,326cecd1e73da6790cc30fafc298489882e20c7f,background,1.0
62e2f65b3e31d11fcdd3aefbf9bd7b6d153bd12e,85b681e08c9db87dc19a5d5d8664e0027a8e8ad9,background,1.0
631f14242345a55212037334f9a21127f8ee3e8a,d852660e15e82ae150dcde105639ba2c7d90f01f,background,1.0
633ae59b9f863fd6b7357efa39454eaf8269dc8f,85b681e08c9db87dc19a5d5d8664e0027a8e8ad9,background,1.0
6348ccc79756ebdbc650358bea4d2184d03c4ea5,c867c372ed78e27c53feaf788e74aa7506302bbe,background,1.0
6351590cf37eef826b89383fd8ccf8f1ab276559,2d95c27d4ed8cfb8379164888cd79c6b239250b4,background,1.0
6376d79602eb8053d8a389110df970923f0a99fd,3c78b9d672e5bb2e065bcac54b52aa08b94b7321,background,1.0
637e2cd52b46fc9221c8493c3cf6bf300707f6c6,3ca49899da83e160280c709288973e9caed30fa2,background,1.0
63be90b7995116b2bb7897ed41967a2fb5643ae2,a20e707395132f750fa958ebc0ea629b23b57bfe,background,1.0
63fb49b44e28e9b9e5a0ea49950d553cf5052dbc,514e4e91e0fbddaa85857760d4f206a18228d614,background,1.0
645c61bf401aca80ceec764158ee6a641f82e7f2,703d49a335799262e474ed8fe6044cd641a9e00a,background,1.0
64660a1b2affa1d86d2e4e1973021a115aff6c28,514e4e91e0fbddaa85857760d4f206a18228d614,background,1.0
6492da4ac426417f1f74e8569ce7498657e31f1c,1cbbe1a129c0d1f53d8e16ca74238334372507dc,background,1.0
6492da4ac426417f1f74e8569ce7498657e31f1c,689c7a86d973895a14feb984b8faa3d5581038ef,background,1.0
64b4dd511baa0ed2bae1c2624e5019c40d7017a8,a20e707395132f750fa958ebc0ea629b23b57bfe,background,1.0
64dba88597c73fc3457856ca0dfe6b09c8527a39,a20e707395132f750fa958ebc0ea629b23b57bfe,background,1.0
64f311df0fc933b44c03032c18ee06cd0f3ba4a1,689c7a86d973895a14feb984b8faa3d5581038ef,background,1.0
64f311df0fc933b44c03032c18ee06cd0f3ba4a1,a20e707395132f750fa958ebc0ea629b23b57bfe,background,1.0
64f311df0fc933b44c03032c18ee06cd0f3ba4a1,d852660e15e82ae150dcde105639ba2c7d90f01f,background,1.0
653fa1315c71a789b406aba728a2b7affd4e527f,17a6213e30895fb7e5d0b368236ea8beeb94ee86,background,1.0
658edbffe91dd080b923cfb3663a4cc848c0d7b0,bcca5c7e9180c4890936343d79e812cb16cbefb6,background,1.0
659d8b24e53e8adfbcb1f16b26ada2cb8afa2c85,d427db1ba2cc92b36d16a5e5114f1027c90fff68,background,1.0
659fe890e963c574c083f1b60754a071d945b5b2,17a6213e30895fb7e5d0b368236ea8beeb94ee86,background,1.0
65ec2d5bc422d520a297c46f31316fd756bb0976,86e9b0585c8b866665de18b2744d69aefff3e16d,background,1.0
65eccb6d41024968bdc52efcae49c70b5d022140,17a6213e30895fb7e5d0b368236ea8beeb94ee86,background,1.0
65f89c5392dd5dc243fbce67a9753f4cbde0aa78,16a65dcd609d48f79a9a271377628fdae5315a62,background,1.0
65f89c5392dd5dc243fbce67a9753f4cbde0aa78,a20e707395132f750fa958ebc0ea629b23b57bfe,background,1.0
65faa06c893ef481b4200da6bba3592f89b28353,2d95c27d4ed8cfb8379164888cd79c6b239250b4,background,1.0
66484b672863ad4152f2f3876df1b949de37b8da,3ca49899da83e160280c709288973e9caed30fa2,background,1.0
6675d0e8c812a2f87c4dd320facb89f619eddfc4,bcca5c7e9180c4890936343d79e812cb16cbefb6,background,1.0
669cdc8e7704469ad65cf634ef20b0642f7b5149,16a65dcd609d48f79a9a271377628fdae5315a62,background,1.0
66a941202042bc808f05504616b5c0bfc7f60603,02808823641975868e3212fd7ae859514fdbdf32,background,1.0
66b629a847cf4b862782c16d5fa2ddcf0306165b,d154d986c3a402c207c6c0e22093f2e1a878fe71,background,1.0
66b77f195218c5c47950c33a35db08af373b1b7f,2d95c27d4ed8cfb8379164888cd79c6b239250b4,background,1.0
671dc43ad30b12816b5bcb15ba4f7cdadcacdca0,5abf79226a8ffa2dcf33ca98bfc36c8bb01cc4fc,background,1.0
672685e5bd855110b0ffe1097f2c163ba21bb944,86e9b0585c8b866665de18b2744d69aefff3e16d,background,1.0
677e1cc9100d7f03c2c34a230cc36d5e269c62a0,17a6213e30895fb7e5d0b368236ea8beeb94ee86,background,1.0
6795809353c7b765c0403c6c182ed60c2768f26e,689c7a86d973895a14feb984b8faa3d5581038ef,background,1.0
67a247273c759afe4e0c0a38abfd5b6250d11f6e,033275ccc2c7c5c38592ae893da0b5923cf90717,background,1.0
67af326f5a4c91ba0622c93cccf10941dff9bda1,7549a6e03afdd42ae94c19235db076319eeb34f8,background,1.0
67cd8276120e24048e56c0cce1a3ed85a27eef4b,2d95c27d4ed8cfb8379164888cd79c6b239250b4,background,1.0
67cd8276120e24048e56c0cce1a3ed85a27eef4b,5abf79226a8ffa2dcf33ca98bfc36c8bb01cc4fc,background,1.0
67e87e041cdae15d62e2446410dc8ad1eeb1000e,459cf4e6476d5e19f1bc422c162bcded54ca7f95,background,1.0
67e87e041cdae15d62e2446410dc8ad1eeb1000e,b8e30590ac81875a7fc4f7cfd425bd5148a72f5c,background,1.0
689c7a86d973895a14feb984b8faa3d5581038ef,098bc042ffaa8e9d4386e01c160846bfd00a759e,background,1.0
689c7a86d973895a14feb984b8faa3d5581038ef,0b9078c176ded3a7d46dd56f242a74ab3e92a241,background,1.0
689c7a86d973895a14feb984b8faa3d5581038ef,12d8c11f3006b09130fdd5007e30f10b09687fbe,background,1.0
689c7a86d973895a14feb984b8faa3d5581038ef,1d7e36762ba7cda0231ff6f64d33f3c324f5d48b,background,1.0
689c7a86d973895a14feb984b8faa3d5581038ef,23a5984c058d585743a114991d9f59d192c74fed,background,1.0
689c7a86d973895a14feb984b8faa3d5581038ef,2ae90e850d721ff452156662968327eeb2c02ba6,background,1.0
689c7a86d973895a14feb984b8faa3d5581038ef,2e3dc7796b648870b04b3caabcda697f4db0528e,background,1.0
689c7a86d973895a14feb984b8faa3d5581038ef,3be35095dd306a1f8464039f44ff532ed6800fd6,background,1.0
689c7a86d973895a14feb984b8faa3d5581038ef,40416ac3bf78583eea37661b1b446e9939245b3e,background,1.0
689c7a86d973895a14feb984b8faa3d5581038ef,40b551e16a75449b8f59c455c9c995ba4da6ab66,background,1.0
689c7a86d973895a14feb984b8faa3d5581038ef,4222245cf0fc76ca8b120c24c7cd84d0afb40765,background,1.0
689c7a86d973895a14feb984b8faa3d5581038ef,4740d555a17f0d200074d158e62019aa44cdc72e,background,1.0
689c7a86d973895a14feb984b8faa3d5581038ef,518dfad05f1a549104c6bb5b661975a33fa03a88,background,1.0
689c7a86d973895a14feb984b8faa3d5581038ef,586ce92d69d0807e2594fdb6fb05cbeb69a8d247,background,1.0
689c7a86d973895a14feb984b8faa3d5581038ef,5a9b2691e49471ba39260a252596c9103069cde9,background,1.0
689c7a86d973895a14feb984b8faa3d5581038ef,5abf79226a8ffa2dcf33ca98bfc36c8bb01cc4fc,background,1.0
689c7a86d973895a14feb984b8faa3d5581038ef,5c7c0a42d711a016d83f4ce3ef6bfd461198b49b,background,1.0
689c7a86d973895a14feb984b8faa3d5581038ef,5f37f55023545885991c3e25624b7368fc8a0433,background,1.0
689c7a86d973895a14feb984b8faa3d5581038ef,663475b0ea12e123afff6d7ccd75488cc19ea79c,background,1.0
689c7a86d973895a14feb984b8faa3d5581038ef,663b54378713807aa11f34bcaeb12e0bae4da505,background,1.0
689c7a86d973895a14feb984b8faa3d5581038ef,67fa15ba58b51286f8fc2f319b55b8c1bd498b23,background,1.0
689c7a86d973895a14feb984b8faa3d5581038ef,6957a14503962507e54ba81f6de389c1d4f3efc6,background,1.0
689c7a86d973895a14feb984b8faa3d5581038ef,6dcf5882576153d3d80945d7013acd1b9ef140c7,background,1.0
689c7a86d973895a14feb984b8faa3d5581038ef,6ed647b67c93901f302fa016a5355db8eebc7888,background,1.0
689c7a86d973895a14feb984b8faa3d5581038ef,7549a6e03afdd42ae94c19235db076319eeb34f8,background,1.0
689c7a86d973895a14feb984b8faa3d5581038ef,7c70459d56214a7a3202732670f5ce726508eff6,background,1.0
689c7a86d973895a14feb984b8faa3d5581038ef,7cf3b3861daa851e2d7f8c7a80ff43928345d55d,background,1.0
689c7a86d973895a14feb984b8faa3d5581038ef,85548d0b0b199feb2c79a3d0ef7ff12c5852dd30,background,1.0
689c7a86d973895a14feb984b8faa3d5581038ef,8c879b8afef2184dc75f7ff9923fd78be8c0af30,background,1.0
689c7a86d973895a14feb984b8faa3d5581038ef,939afb90c0777d59c2b0cda0eeba0c81de37f966,background,1.0
689c7a86d973895a14feb984b8faa3d5581038ef,9db6be4865c09d406e7fe0f5fe1a0ad21c4f184f,background,1.0
689c7a86d973895a14feb984b8faa3d5581038ef,a0c1ba2343217bfd138ff149a963ba7294a5d10a,background,1.0
689c7a86d973895a14feb984b8faa3d5581038ef,a1124bbff30af32e9fe5bee6c4fa0cdcef5e7356,background,1.0
689c7a86d973895a14feb984b8faa3d5581038ef,aa48e43352949b1351eb4d926f1bf8d21c7c4458,background,1.0
689c7a86d973895a14feb984b8faa3d5581038ef,accc90ddbf59121344578c432184bfa7af28ab02,background,1.0
689c7a86d973895a14feb984b8faa3d5581038ef,b2f816b1d1831925f74826b8affc7aa82ebabb64,background,1.0
689c7a86d973895a14feb984b8faa3d5581038ef,b5bc3a0df3656ceb8c87554c9a3533aaabea3021,background,1.0
689c7a86d973895a14feb984b8faa3d5581038ef,b8e30590ac81875a7fc4f7cfd425bd5148a72f5c,background,1.0
689c7a86d973895a14feb984b8faa3d5581038ef,c40d558d504273034200abbaa22eb30c7dd1ddf5,background,1.0
689c7a86d973895a14feb984b8faa3d5581038ef,ce2a41d31657c32a4945d79d5902b1576fed3ad8,background,1.0
689c7a86d973895a14feb984b8faa3d5581038ef,cf1ac803fcd5339063003a7847556055d25983d7,background,1.0
689c7a86d973895a14feb984b8faa3d5581038ef,d43a3080b707f630178c5eec11da753d5e8b5ac5,background,1.0
689c7a86d973895a14feb984b8faa3d5581038ef,d5f3c75ca69d1522cff0cff45fc363f49e66b6f3,background,1.0
689c7a86d973895a14feb984b8faa3d5581038ef,d7c4bc28d76c2b004b3a97bd3c6c3907a3107365,background,1.0
689c7a86d973895a14feb984b8faa3d5581038ef,db0b44855b14533a22dbbd09f24f62a08cedef80,background,1.0
689c7a86d973895a14feb984b8faa3d5581038ef,e7468364fea4e5bf51c562e48197a1e01893a62c,background,1.0
689c7a86d973895a14feb984b8faa3d5581038ef,e809307f1a7fa9ffcacc0621166f95c116f0f4c9,background,1.0
689c7a86d973895a14feb984b8faa3d5581038ef,e9ffcc7445a76506b8483e7df5f406086a6a676e,background,1.0
689c7a86d973895a14feb984b8faa3d5581038ef,f033fb9906a9d1b246041d2c233a4d3a84909a36,background,1.0
689c7a86d973895a14feb984b8faa3d5581038ef,f295157f37cfb43cd8d8d2690ea124edc5ea59c2,background,1.0
689c7a86d973895a14feb984b8faa3d5581038ef,fae835d155ab7a11361a56ce811a3f7620833e55,background,1.0
68af92b3bf1e8a4c795e3debf6394ac88fad4c7d,e8505f6175585713aa7b785285b3abc4113b57ef,background,1.0
68fdf29f71d25ce41a1d0fdae29534d87681a518,85b681e08c9db87dc19a5d5d8664e0027a8e8ad9,background,1.0
6953e63fd15a98ed5f9b20ab8d551aec57184cba,689c7a86d973895a14feb984b8faa3d5581038ef,background,1.0
696f659c5bc0e81bdb7a162bb960f1d70c64b23a,02808823641975868e3212fd7ae859514fdbdf32,background,1.0
699da1789451e16f06a2d02b0a71e7687ad770d3,7549a6e03afdd42ae94c19235db076319eeb34f8,background,1.0
69a44de3fdff01bc92cd74fc5f1c8df4e92e564b,44ec06d911eed44ee99be61bd9ce964a824a2ed7,background,1.0
69affe0c047de69efaf450695b9facfcd861529e,033275ccc2c7c5c38592ae893da0b5923cf90717,background,1.0
69d2997d5c14c51b64ef8a93b4caaa5e0a3ecb20,0443c9a0fbb403d5e7d3593f5d286cb74ed0b490,background,1.0
6a1a14125bab21c646d650861925840e194512cf,17a6213e30895fb7e5d0b368236ea8beeb94ee86,background,1.0
6a57c4bf832bd326be282d0b1619101b650a7556,bcca5c7e9180c4890936343d79e812cb16cbefb6,background,1.0
6a599453bebaae024763f76e37866ec5d02b21a9,459cf4e6476d5e19f1bc422c162bcded54ca7f95,background,1.0
6aa4ba753248a7398ebc5a529f33d74eaea3b4ec,17a6213e30895fb7e5d0b368236ea8beeb94ee86,background,1.0
6affa0eee4f8ef60c303d295da69430c1cdd3fba,6ea38aacc779506909d425aa19114b92bb1854f8,background,1.0
6b9316d03712d1a8cc6ca8a9db5360a74625fd01,85b681e08c9db87dc19a5d5d8664e0027a8e8ad9,background,1.0
6c00a148c6fd1e226500751bebfeb08abe856f73,06424dcd3be195738b653d2ee4358d9974f4cb30,background,1.0
6c00a148c6fd1e226500751bebfeb08abe856f73,e1edea57a10c66ca3287c4b85547b37945413a3c,background,1.0
6c2d1c3b06c6490c98f2e836dcec80bf7d1a0915,659d8b24e53e8adfbcb1f16b26ada2cb8afa2c85,background,1.0
6caf1a74b04725359f376a9d6bd8477e18348f63,1a85628dd645ea86b7c146613651fdb30bb32c1d,background,1.0
6cccf40b39ed07aa3cc575bb8e24d67316e7ea36,2d95c27d4ed8cfb8379164888cd79c6b239250b4,background,1.0
6cd21b494ffe6523dbc7f5925a4a05b854588115,93e6ba25e4c45c3f204a09b6a6b8b02bd3596091,background,1.0
6d208157c05bb8b4030c6da53120e6400a7ae1bc,bcca5c7e9180c4890936343d79e812cb16cbefb6,background,1.0
6d4fa245e37044a04ecefa69b3446d7977abb219,44ec06d911eed44ee99be61bd9ce964a824a2ed7,background,1.0
6d969c8d714a783fde109b10679ad07b47c17c59,1a85628dd645ea86b7c146613651fdb30bb32c1d,background,1.0
6de9b383748e32ddba5239862dec901c37c5e408,d852660e15e82ae150dcde105639ba2c7d90f01f,background,1.0
6dfaf616f18ac15e3f075ad2ba64f122b905991c,86e9b0585c8b866665de18b2744d69aefff3e16d,background,1.0
6dfaf616f18ac15e3f075ad2ba64f122b905991c,bcca5c7e9180c4890936343d79e812cb16cbefb6,background,1.0
6dfbd8d840d6dce37b3b89349c34e751054fb3ae,85b681e08c9db87dc19a5d5d8664e0027a8e8ad9,background,1.0
6e021200c7c8ec3ce3efee2d10eca3ebf05155b0,c858ba9bce833896b49878a6793dbb382ed83c9e,background,1.0
6e08bd9b6ecb3e3978de66c5f8bd8636367413bc,017324b274bb0e0338484723e4fdde85e7b5c0f1,background,1.0
6e08bd9b6ecb3e3978de66c5f8bd8636367413bc,02033e83ff310f35e4623bd339982c52d926f2d5,background,1.0
6e08bd9b6ecb3e3978de66c5f8bd8636367413bc,171eea6741f15c64b605d1d080a7336925b7bd5c,background,1.0
6e08bd9b6ecb3e3978de66c5f8bd8636367413bc,19d6eb8e60055418a8faefdb2d49ac879570ea40,background,1.0
6e08bd9b6ecb3e3978de66c5f8bd8636367413bc,1a355da1d3f5149bd7bb4adcb7d8d397828f3ee7,background,1.0
6e08bd9b6ecb3e3978de66c5f8bd8636367413bc,1c4cd724c090e29187e82668ff4147b4c0115edf,background,1.0
6e08bd9b6ecb3e3978de66c5f8bd8636367413bc,1cb5c0940b04fcaaa03fbe3e7928a9602b202d05,background,1.0
6e08bd9b6ecb3e3978de66c5f8bd8636367413bc,205ee08051c83ae659b779e69f17a83329ed222c,background,1.0
6e08bd9b6ecb3e3978de66c5f8bd8636367413bc,22414648cdde723c20973ab72c2a81740452f9ee,background,1.0
6e08bd9b6ecb3e3978de66c5f8bd8636367413bc,2335a086c67594baa10e9fbb23e60af332a06305,background,1.0
6e08bd9b6ecb3e3978de66c5f8bd8636367413bc,2b992a76049e8a0166ee59e159d77cc7e91a7fab,background,1.0
6e08bd9b6ecb3e3978de66c5f8bd8636367413bc,2c0e0440882a42be752268d0b64243243d752a74,background,1.0
6e08bd9b6ecb3e3978de66c5f8bd8636367413bc,2d95c27d4ed8cfb8379164888cd79c6b239250b4,background,1.0
6e08bd9b6ecb3e3978de66c5f8bd8636367413bc,2fd2b6dfaafaaf2494cc9168b7310e071a4c654c,background,1.0
6e08bd9b6ecb3e3978de66c5f8bd8636367413bc,30a6f758dd1b2d69ef90263ec048d28bea22b4bd,background,1.0
6e08bd9b6ecb3e3978de66c5f8bd8636367413bc,3633f23a879c22698357acd0d183b85342b9d8a1,background,1.0
6e08bd9b6ecb3e3978de66c5f8bd8636367413bc,37a0280b5c50523644b7bf6294a928cf4ef341de,background,1.0
6e08bd9b6ecb3e3978de66c5f8bd8636367413bc,4d4f41fa429f37ce41de0422938affb7805cf9a8,background,1.0
6e08bd9b6ecb3e3978de66c5f8bd8636367413bc,4ee40843d9d8d25aa2d08c609a4b21dcc94b2d48,background,1.0
6e08bd9b6ecb3e3978de66c5f8bd8636367413bc,4fa31616b834c377c4995c346a2b17464f25692a,background,1.0
6e08bd9b6ecb3e3978de66c5f8bd8636367413bc,5534c3b8bfe03ec0ee3ea3aafd0a4471b07f8b7d,background,1.0
6e08bd9b6ecb3e3978de66c5f8bd8636367413bc,5b548806b70e30c6c343ede91a03b9cddd72a45d,background,1.0
6e08bd9b6ecb3e3978de66c5f8bd8636367413bc,5cfb081ba32c23b5731f44973e5cc365a42f9acb,background,1.0
6e08bd9b6ecb3e3978de66c5f8bd8636367413bc,62a32546e734215ac9a699b281b9e056d1b1f22d,background,1.0
6e08bd9b6ecb3e3978de66c5f8bd8636367413bc,689c7a86d973895a14feb984b8faa3d5581038ef,background,1.0
6e08bd9b6ecb3e3978de66c5f8bd8636367413bc,6e2c8dca283232f892c0cc756512f77798404ee7,background,1.0
6e08bd9b6ecb3e3978de66c5f8bd8636367413bc,79a70216035894b11489942be94ccbf6fa06f008,background,1.0
6e08bd9b6ecb3e3978de66c5f8bd8636367413bc,7a5339aec1b643924ffd60e7bc0e2660fcc1e538,background,1.0
6e08bd9b6ecb3e3978de66c5f8bd8636367413bc,81f6f86fa65264b49400fad3d4c418a337ffd58e,background,1.0
6e08bd9b6ecb3e3978de66c5f8bd8636367413bc,8d2e00512c93ac7728bfcdadefae7db2d41610e3,background,1.0
6e08bd9b6ecb3e3978de66c5f8bd8636367413bc,8ff2df3c31a5d41ad09896537477a2f618a121e0,background,1.0
6e08bd9b6ecb3e3978de66c5f8bd8636367413bc,905b7558b7b98d56fe5ddaccf328022fd76683d7,background,1.0
6e08bd9b6ecb3e3978de66c5f8bd8636367413bc,907478c317502f6adbf7b1179c95d20486e9f64e,background,1.0
6e08bd9b6ecb3e3978de66c5f8bd8636367413bc,911247dddb66d1f3ef3ba3235861bd707d15b9ad,background,1.0
6e08bd9b6ecb3e3978de66c5f8bd8636367413bc,a1fec6619d18bd7105ff2a8d6d63a4759f646727,background,1.0
6e08bd9b6ecb3e3978de66c5f8bd8636367413bc,a41ddeb4a2397965061700748ff2e32555208588,background,1.0
6e08bd9b6ecb3e3978de66c5f8bd8636367413bc,bba0ace4ac6be857f2285884a4087bf29b68a0c0,background,1.0
6e08bd9b6ecb3e3978de66c5f8bd8636367413bc,bd07c092ffae1bf4935a79da513208bf4dfa77dd,background,1.0
6e08bd9b6ecb3e3978de66c5f8bd8636367413bc,c0df3f7e79f934a4fa20e4ad17559aaf65b9f8be,background,1.0
6e08bd9b6ecb3e3978de66c5f8bd8636367413bc,c7c28d88785fbe3fcf8932741cd33078c54d01b0,background,1.0
6e08bd9b6ecb3e3978de66c5f8bd8636367413bc,d1d4b6d86ac89daf2be81cc1b4cef3d762e8cef6,background,1.0
6e08bd9b6ecb3e3978de66c5f8bd8636367413bc,d596ac251729fc3647b08b51c5208fdf5414c7c1,background,1.0
6e08bd9b6ecb3e3978de66c5f8bd8636367413bc,d6f907bd780b866cf5c836c2e18ddca61165fa2d,background,1.0
6e08bd9b6ecb3e3978de66c5f8bd8636367413bc,d8a65564f65e68968f08d209286a9e2d7c8838f3,background,1.0
6e08bd9b6ecb3e3978de66c5f8bd8636367413bc,ddcf3073e09b42f2fab83861180ed5841ae13cdf,background,1.0
6e08bd9b6ecb3e3978de66c5f8bd8636367413bc,e1764d640f75c19dd0e77aa34ff416704a373185,background,1.0
6e08bd9b6ecb3e3978de66c5f8bd8636367413bc,ee7d7a3732360144aa635058e5870db6028625cb,background,1.0
6e08bd9b6ecb3e3978de66c5f8bd8636367413bc,eee8c5a828fc952562eb9bb31f8b2cbd3aadc394,background,1.0
6e08bd9b6ecb3e3978de66c5f8bd8636367413bc,f3dc5118e705a2d783825ffb673d3d4812f1a53e,background,1.0
6e08bd9b6ecb3e3978de66c5f8bd8636367413bc,f5899c93c554dd37c737fb4ca2efdd09e4b6068e,background,1.0
6e08bd9b6ecb3e3978de66c5f8bd8636367413bc,f800291797b105ea74eff58649a2eb6a5bf4e1e9,background,1.0
6e08bd9b6ecb3e3978de66c5f8bd8636367413bc,fecd5bd7c6ffd7b1c9efca939113de8b7054af5d,background,1.0
6e2bd9a4f8c08e6749bd925ab85b3d0c2e541b64,6ea38aacc779506909d425aa19114b92bb1854f8,background,1.0
6e4e15ab0d55232b93e76ddecb6c969a0d18f853,d427db1ba2cc92b36d16a5e5114f1027c90fff68,background,1.0
6e4f07cb0fc8b2d0ca29483859b63e85772e5e20,3c78b9d672e5bb2e065bcac54b52aa08b94b7321,background,1.0
6e86f1f8055cbbbf558f7bf102599967965c235b,459cf4e6476d5e19f1bc422c162bcded54ca7f95,background,1.0
6ea38aacc779506909d425aa19114b92bb1854f8,04db2c5846ab188bca9898fb93a10b86d325cd27,background,1.0
6ea38aacc779506909d425aa19114b92bb1854f8,0b667c40ff41abbe9405016aa20371f1f0d54c18,background,1.0
6ea38aacc779506909d425aa19114b92bb1854f8,142076521067f39aa0f2b86a01150561257c4ec5,background,1.0
6ea38aacc779506909d425aa19114b92bb1854f8,1988d9524e1593251e0cb132c100ad12f9ef080e,background,1.0
6ea38aacc779506909d425aa19114b92bb1854f8,212853532f90885486b5201891ee3ed0abad0d82,background,1.0
6ea38aacc779506909d425aa19114b92bb1854f8,25a0f27ca4a6dd93d0b3c56246715400fd1bcc8a,background,1.0
6ea38aacc779506909d425aa19114b92bb1854f8,2a207b0e76dce32047a4ff8210e0f03cb23ef29f,background,1.0
6ea38aacc779506909d425aa19114b92bb1854f8,34cdf74da8e61c44c2bc664c351db30e6d202333,background,1.0
6ea38aacc779506909d425aa19114b92bb1854f8,38aaf8aff1b48fd34eba28771226ea48c41af071,background,1.0
6ea38aacc779506909d425aa19114b92bb1854f8,3d2218b17e7898a222e5fc2079a3f1531990708f,background,1.0
6ea38aacc779506909d425aa19114b92bb1854f8,4a96d7a5c82dd0096b8a8813bf2235f573d84057,background,1.0
6ea38aacc779506909d425aa19114b92bb1854f8,4e60a72a0b58f62b405ab5eb43b184f5fff77710,background,1.0
6ea38aacc779506909d425aa19114b92bb1854f8,521f9dc844043615843fe2f60e40cbd634530005,background,1.0
6ea38aacc779506909d425aa19114b92bb1854f8,5bf6f4069dfa85264b90b02bf3ebda2056381812,background,1.0
6ea38aacc779506909d425aa19114b92bb1854f8,5d5df06316ee3b06797f4d739177bb133923663c,background,1.0
6ea38aacc779506909d425aa19114b92bb1854f8,609aa465f4898a68be291bace19f83dd0883670d,background,1.0
6ea38aacc779506909d425aa19114b92bb1854f8,6660a1aa118e956de545865a4e860e891a6a10b7,background,1.0
6ea38aacc779506909d425aa19114b92bb1854f8,6ac988805c03d5ebd8481b295ac2562c700fa207,background,1.0
6ea38aacc779506909d425aa19114b92bb1854f8,6ade5598041addb78f8c3b2a043f8ad072dfa552,background,1.0
6ea38aacc779506909d425aa19114b92bb1854f8,70df913d8fd45fe36eda99d454c245c4d502fd7d,background,1.0
6ea38aacc779506909d425aa19114b92bb1854f8,73e71f8f5f679d53afcae8545f53c56ca2612a3f,background,1.0
6ea38aacc779506909d425aa19114b92bb1854f8,7c27070bb621f7fc2c28f1ab2ab90b69d0e774ba,background,1.0
6ea38aacc779506909d425aa19114b92bb1854f8,7f30efa55d7b1bdb92a8e58b37a56f2d28bc81ba,background,1.0
6ea38aacc779506909d425aa19114b92bb1854f8,846670cc06fd22e6b40748049b00a4479bd61446,background,1.0
6ea38aacc779506909d425aa19114b92bb1854f8,8c87c4112a12abf48330e45f3b24212b89cffc5e,background,1.0
6ea38aacc779506909d425aa19114b92bb1854f8,97bc030d971eecc380a0a9873c12f6d598cdcb5c,background,1.0
6ea38aacc779506909d425aa19114b92bb1854f8,a5d1702a90530f8342fd59f39d029060df054862,background,1.0
6ea38aacc779506909d425aa19114b92bb1854f8,a953c9e4c317a3efa611a16532535a094ae1814d,background,1.0
6ea38aacc779506909d425aa19114b92bb1854f8,a96809b4269c70bcbc207f3fa7458bb46d5fba21,background,1.0
6ea38aacc779506909d425aa19114b92bb1854f8,ab3cd81fb9437572001a17b59311d053cf39ef63,background,1.0
6ea38aacc779506909d425aa19114b92bb1854f8,ae095f5f6868489799368987037cbba33a278822,background,1.0
6ea38aacc779506909d425aa19114b92bb1854f8,aef798978516cf542ddc026eaedc8cd6ab94b23a,background,1.0
6ea38aacc779506909d425aa19114b92bb1854f8,b52cb5fb99b52a4aaeba8df099339f2291be0cc9,background,1.0
6ea38aacc779506909d425aa19114b92bb1854f8,bc6dff14a130c57a91d5a21339c23471faf1d46f,background,1.0
6ea38aacc779506909d425aa19114b92bb1854f8,c2a8f88f5521608c741a03cc57aa88a4797f7fe0,background,1.0
6ea38aacc779506909d425aa19114b92bb1854f8,c88d4368f3e888779dc9414025593ff6c842d4aa,background,1.0
6ea38aacc779506909d425aa19114b92bb1854f8,d3de2c950f4a625be32eecf54ae6a3db2b7b779f,background,1.0
6ea38aacc779506909d425aa19114b92bb1854f8,d5175e6db4c2ffae555b3d2a6d7da75266d7b855,background,1.0
6ea38aacc779506909d425aa19114b92bb1854f8,d57ca29d73272e139c04f118d5c3107dfb964596,background,1.0
6ea38aacc779506909d425aa19114b92bb1854f8,d9acae36f15e4b6fb4a9dc31777321f2526fd43b,background,1.0
6ea38aacc779506909d425aa19114b92bb1854f8,dcc1bf829b0b0f57c83899719bdcd4fe7171552f,background,1.0
6ea38aacc779506909d425aa19114b92bb1854f8,dd0d6d75b55024521592e32064ea952a3419fd79,background,1.0
6ea38aacc779506909d425aa19114b92bb1854f8,e07e1cb7c1f7dceffdb059d44e46d18c7a77e71b,background,1.0
6ea38aacc779506909d425aa19114b92bb1854f8,ead04453dc387f849472e1edf4f9ba5bed6571f7,background,1.0
6ea38aacc779506909d425aa19114b92bb1854f8,ed213f16095806d0eb1714cf897ef9eb4c22a4ef,background,1.0
6ea38aacc779506909d425aa19114b92bb1854f8,f029eab77b79c581be97aa6915f5fb3d33270349,background,1.0
6ea38aacc779506909d425aa19114b92bb1854f8,f8655a068ac24eb3a1a369a817077d6f1abf181f,background,1.0
6ea38aacc779506909d425aa19114b92bb1854f8,fac319a34a9a1b93cb772d4cdb42cdb8741f2edc,background,1.0
6ea38aacc779506909d425aa19114b92bb1854f8,ff0c9439d0883ad851ef13437f794c5a94c0312c,background,1.0
6ec66895dcd40e995309462df19d630226d3bf16,d154d986c3a402c207c6c0e22093f2e1a878fe71,background,1.0
6ee5712cc24dbff20528ed8f0de628dd91f8197c,7549a6e03afdd42ae94c19235db076319eeb34f8,background,1.0
6f4bf21e6f246e669e99c31ce3020c304f2f8628,514e4e91e0fbddaa85857760d4f206a18228d614,background,1.0
702aa71d0d34dcf8a79e1f879a937dfc35d41932,6e87f544017f73670c44d9d0856340a289ff9e38,background,1.0
703d49a335799262e474ed8fe6044cd641a9e00a,02de4dcaacba3b8b9ff69fe92b2197cbd9b03b7e,background,1.0
703d49a335799262e474ed8fe6044cd641a9e00a,14e0f844531a3aac207c55d0dcb59a921fde96b2,background,1.0
703d49a335799262e474ed8fe6044cd641a9e00a,1755d42f0dfa973048dd748479ab8648133dc94d,background,1.0
703d49a335799262e474ed8fe6044cd641a9e00a,17e8108ad1335ae221ca1c9276d514a53d7af021,background,1.0
703d49a335799262e474ed8fe6044cd641a9e00a,18766153d11044896226d19d84781fed7686d5a5,background,1.0
703d49a335799262e474ed8fe6044cd641a9e00a,18f16a1c724f9f9a4a11560a310c492b83d29b22,background,1.0
703d49a335799262e474ed8fe6044cd641a9e00a,1a168a602d1b456761868553348393ff528c2915,background,1.0
703d49a335799262e474ed8fe6044cd641a9e00a,23a5984c058d585743a114991d9f59d192c74fed,background,1.0
703d49a335799262e474ed8fe6044cd641a9e00a,2851819b367d5b1909ab1479e0902a5f0d02b8fd,background,1.0
703d49a335799262e474ed8fe6044cd641a9e00a,2e155133e3f1f1cd2594232ff41e06257c927156,background,1.0
703d49a335799262e474ed8fe6044cd641a9e00a,38e3efe94ce47a4ce44c98cf4316108c2c20eeb9,background,1.0
703d49a335799262e474ed8fe6044cd641a9e00a,4833beba751ff38995fcfffe319dbbe57c51ace7,background,1.0
703d49a335799262e474ed8fe6044cd641a9e00a,4ce65de80f2c1ea86c8788d2ba12dd114409d609,background,1.0
703d49a335799262e474ed8fe6044cd641a9e00a,4e011efa540c580e3a0d49bcba3ff2c503b3c34c,background,1.0
703d49a335799262e474ed8fe6044cd641a9e00a,542d6333ba02aac177556ee86d66483f33b668a1,background,1.0
703d49a335799262e474ed8fe6044cd641a9e00a,5694e5f46b608632d64a6052b84e6ff57d769ffd,background,1.0
703d49a335799262e474ed8fe6044cd641a9e00a,5db00cdd5ac582952af5ac4b344c9b13dfce45a2,background,1.0
703d49a335799262e474ed8fe6044cd641a9e00a,608d21702d10aabb0eb9fae08e2392d4f55bb7e0,background,1.0
703d49a335799262e474ed8fe6044cd641a9e00a,69226b6f524f14456ac0761a706a839e940ee114,background,1.0
703d49a335799262e474ed8fe6044cd641a9e00a,6948cec2c9973a126bb4ca5967905d97c139c9d9,background,1.0
703d49a335799262e474ed8fe6044cd641a9e00a,6c993f8b27ff655832715ed407c328899c28ec23,background,1.0
703d49a335799262e474ed8fe6044cd641a9e00a,7481c1f25d0059748c0ba2225b9b2d8153ce6a25,background,1.0
703d49a335799262e474ed8fe6044cd641a9e00a,77b88ea433273ae54f3ce4bbb3883dd78a554011,background,1.0
703d49a335799262e474ed8fe6044cd641a9e00a,7c70459d56214a7a3202732670f5ce726508eff6,background,1.0
703d49a335799262e474ed8fe6044cd641a9e00a,86df18bb1a8747ea76a5fca622eae2b44e1948b6,background,1.0
703d49a335799262e474ed8fe6044cd641a9e00a,872cf937ebadc95097068495e3bb5a7ae131b512,background,1.0
703d49a335799262e474ed8fe6044cd641a9e00a,8b50fef7d8c23a6b9f8a27c05a833c32060548f6,background,1.0
703d49a335799262e474ed8fe6044cd641a9e00a,98de905bd3094e8d064e76aa4b6fff429fc387dc,background,1.0
703d49a335799262e474ed8fe6044cd641a9e00a,9981b57f511b7222934b4a624b4b57b1e601313e,background,1.0
703d49a335799262e474ed8fe6044cd641a9e00a,9d162a1124c0264f18fadefb1f3fcf301e1ca01f,background,1.0
703d49a335799262e474ed8fe6044cd641a9e00a,9f79aa208d4956fd47ad6803691048d800947666,background,1.0
703d49a335799262e474ed8fe6044cd641a9e00a,a95be8c7acdd66f772a0a8db1fe138d4ebb037de,background,1.0
703d49a335799262e474ed8fe6044cd641a9e00a,ab0f556a209b2c33b3dabc8699759e14604cf3fa,background,1.0
703d49a335799262e474ed8fe6044cd641a9e00a,b5599266c3b2f29941383cc786921b7815562a97,background,1.0
703d49a335799262e474ed8fe6044cd641a9e00a,c1b8571e177189a9076c2c7186a535084af6fa1c,background,1.0
703d49a335799262e474ed8fe6044cd641a9e00a,c8053aa86aac5e04eea7922e9f207dd5f895d669,background,1.0
703d49a335799262e474ed8fe6044cd641a9e00a,ce2a41d31657c32a4945d79d5902b1576fed3ad8,background,1.0
703d49a335799262e474ed8fe6044cd641a9e00a,d55d3d019859114ffc4a9ce50aa23a5e08e0876a,background,1.0
703d49a335799262e474ed8fe6044cd641a9e00a,d6b7e17c2bf7d0ee826d791398d6ac9fc7c78aff,background,1.0
703d49a335799262e474ed8fe6044cd641a9e00a,d852660e15e82ae150dcde105639ba2c7d90f01f,background,1.0
703d49a335799262e474ed8fe6044cd641a9e00a,dcabb31822f026e294971f9051e856053cc11e22,background,1.0
703d49a335799262e474ed8fe6044cd641a9e00a,e349ad0c820e145e6146a3be2f05c67c1685827a,background,1.0
703d49a335799262e474ed8fe6044cd641a9e00a,ea484d102432581f1dc5a24ec772029e92d45a5c,background,1.0
703d49a335799262e474ed8fe6044cd641a9e00a,eb2230fd438b96defdb29bd9ca8a103747c1b2ea,background,1.0
703d49a335799262e474ed8fe6044cd641a9e00a,ed893e2f68ead808d62567f885b827716fb0d44e,background,1.0
703d49a335799262e474ed8fe6044cd641a9e00a,ef255fa3154e9fb7b172ce7b071f32b70dab2cbb,background,1.0
703d49a335799262e474ed8fe6044cd641a9e00a,f488b6e10347e4e5280eaac69758f9bac25c1b5a,background,1.0
70512e2a3e99f0295bfc7debd588cdc59500c10b,1f4bee77bb69b92dd16ce0c3ad0f477f4ecf1d30,background,1.0
70adbd047b7235b84d49ecd2ffe788ecd18222ef,4f873d5a3ab80402e206a361eeffd3b69f014db0,background,1.0
71047c1e8bb861e2120845bcd4dae578f12936c2,5abf79226a8ffa2dcf33ca98bfc36c8bb01cc4fc,background,1.0
71172130332d3a3d60e5073beb294bf14429fcdb,3c78b9d672e5bb2e065bcac54b52aa08b94b7321,background,1.0
71172130332d3a3d60e5073beb294bf14429fcdb,3ca49899da83e160280c709288973e9caed30fa2,background,1.0
715258338526f41003644b324af7c54f9c32b78b,3ca49899da83e160280c709288973e9caed30fa2,background,1.0
7188361343355283c6132cdb955c914603f922f8,13bd0e08713f0b340396634892d2c9e3c5bee548,background,1.0
7196672941f896f3cc866274991b5ae60540892b,44ec06d911eed44ee99be61bd9ce964a824a2ed7,background,1.0
71bde6a08ce0196b2b1fa048aa34aac8458a7241,13bd0e08713f0b340396634892d2c9e3c5bee548,background,1.0
71c942ac6a2d57742aa2fbe3c980df37d9b17427,1d0d84a1f4e8de75151d88bd152816f18109d032,background,1.0
71ea5962ce32a94de75ff2b87fc5a34943aa1231,4f873d5a3ab80402e206a361eeffd3b69f014db0,background,1.0
7217c02bdb3d703660a6cab599748b1396ee05d9,d427db1ba2cc92b36d16a5e5114f1027c90fff68,background,1.0
7246c96b649ef5a4feda6c1a0f432cd902b23d15,514e4e91e0fbddaa85857760d4f206a18228d614,background,1.0
72b100b72b6c8237f5362d01519a6748a1145efd,514e4e91e0fbddaa85857760d4f206a18228d614,background,1.0
72b27a17ba86c1aabcb67d997d0aa13f4224b7bd,17a6213e30895fb7e5d0b368236ea8beeb94ee86,background,1.0
72d2f71a5ccfafdb3f0530881e08b7b23f2def98,514e4e91e0fbddaa85857760d4f206a18228d614,background,1.0
72eb3a55785411cb9747cc3987c560007035247f,d427db1ba2cc92b36d16a5e5114f1027c90fff68,background,1.0
72f74e19de09508b5dda22d604713ce89c096943,d427db1ba2cc92b36d16a5e5114f1027c90fff68,background,1.0
730d8b1e289067af593cfbc36c52ec0275507514,02808823641975868e3212fd7ae859514fdbdf32,background,1.0
730d8b1e289067af593cfbc36c52ec0275507514,04a9e3df248a951194a5ce8d0a8ba93dd90edbe7,background,1.0
730d8b1e289067af593cfbc36c52ec0275507514,06f91d7f2c0bddfa5150150a9fe2da9b216acdd0,background,1.0
730d8b1e289067af593cfbc36c52ec0275507514,0cd7ba8905f4772afe58ec3dd698160678730f6c,background,1.0
730d8b1e289067af593cfbc36c52ec0275507514,0d82eac05b0ce90b16f66842e315a570b9273113,background,1.0
730d8b1e289067af593cfbc36c52ec0275507514,1a85628dd645ea86b7c146613651fdb30bb32c1d,background,1.0
730d8b1e289067af593cfbc36c52ec0275507514,1f1cfad0bf63153e66b2b7fbd455c92a03e9ec04,background,1.0
730d8b1e289067af593cfbc36c52ec0275507514,31c5325492b69e5f6071ed49aa51f522d7ae173e,background,1.0
730d8b1e289067af593cfbc36c52ec0275507514,32c1e0f9ef6f1e337fe4aa2a4907314e5a3f4a5b,background,1.0
730d8b1e289067af593cfbc36c52ec0275507514,3a67203ecea20cf3a67bca6ad777ac77e1d2c565,background,1.0
730d8b1e289067af593cfbc36c52ec0275507514,3c78b9d672e5bb2e065bcac54b52aa08b94b7321,background,1.0
730d8b1e289067af593cfbc36c52ec0275507514,40416ac3bf78583eea37661b1b446e9939245b3e,background,1.0
730d8b1e289067af593cfbc36c52ec0275507514,420f8b01e0ddd3c3f4c5620acbd71e26275786b5,background,1.0
730d8b1e289067af593cfbc36c52ec0275507514,459cf4e6476d5e19f1bc422c162bcded54ca7f95,background,1.0
730d8b1e289067af593cfbc36c52ec0275507514,4875aa46599dc2d7e8292fc563347cf78fa12c8d,background,1.0
730d8b1e289067af593cfbc36c52ec0275507514,4cee38d9d088cf021bc5f5b9fda6764feeb1806a,background,1.0
730d8b1e289067af593cfbc36c52ec0275507514,4f00435f66a3dee7d5965fe8696c56f67021f1cc,background,1.0
730d8b1e289067af593cfbc36c52ec0275507514,513cd3699a0518ba2119f36691d23ccd6de67c0f,background,1.0
730d8b1e289067af593cfbc36c52ec0275507514,518dfad05f1a549104c6bb5b661975a33fa03a88,background,1.0
730d8b1e289067af593cfbc36c52ec0275507514,52281d6445b9a1f119a49e39d68854206796d396,background,1.0
730d8b1e289067af593cfbc36c52ec0275507514,554e5212d2f3aea82b3834301cd1a8caa21e13d5,background,1.0
730d8b1e289067af593cfbc36c52ec0275507514,572112aaa0e53bc5d85b75dadcc21aaaee8e89be,background,1.0
730d8b1e289067af593cfbc36c52ec0275507514,59f1df2f60280eea79d195b9c561d52a77fb24de,background,1.0
730d8b1e289067af593cfbc36c52ec0275507514,635f20841b7f2f1a16734b5d54a7c37a72e322c3,background,1.0
730d8b1e289067af593cfbc36c52ec0275507514,689c7a86d973895a14feb984b8faa3d5581038ef,background,1.0
730d8b1e289067af593cfbc36c52ec0275507514,6e4e15ab0d55232b93e76ddecb6c969a0d18f853,background,1.0
730d8b1e289067af593cfbc36c52ec0275507514,7123830c1cd9ad1a79d6f06d4b11963b5cda76f8,background,1.0
730d8b1e289067af593cfbc36c52ec0275507514,72deef3b2556127f4e2a6f62f4c1f2a48caaa599,background,1.0
730d8b1e289067af593cfbc36c52ec0275507514,73e8c44c1281cf55ee3e7b5ed4d89e7108c1c6f2,background,1.0
730d8b1e289067af593cfbc36c52ec0275507514,77355764fa24d063f9526747a432c374110cdad2,background,1.0
730d8b1e289067af593cfbc36c52ec0275507514,7af56c6720fa1f554b419110f9b0cae0c7f7586d,background,1.0
730d8b1e289067af593cfbc36c52ec0275507514,7c70459d56214a7a3202732670f5ce726508eff6,background,1.0
730d8b1e289067af593cfbc36c52ec0275507514,839dc7a032719f1279376d6a00ef37b8950f656c,background,1.0
730d8b1e289067af593cfbc36c52ec0275507514,a954e721a6dc73e44dfb093adee169807639e36a,background,1.0
730d8b1e289067af593cfbc36c52ec0275507514,aa48e43352949b1351eb4d926f1bf8d21c7c4458,background,1.0
730d8b1e289067af593cfbc36c52ec0275507514,accc90ddbf59121344578c432184bfa7af28ab02,background,1.0
730d8b1e289067af593cfbc36c52ec0275507514,b5bc3a0df3656ceb8c87554c9a3533aaabea3021,background,1.0
730d8b1e289067af593cfbc36c52ec0275507514,bcad76ae5cea05bad85fd6b2b08aa30a801d9a3b,background,1.0
730d8b1e289067af593cfbc36c52ec0275507514,c0a5ce72b09942e6fd7426d729144be414b3df9d,background,1.0
730d8b1e289067af593cfbc36c52ec0275507514,cde39ce861e4c7514ee07fd91b6b8aac50cbf01b,background,1.0
730d8b1e289067af593cfbc36c52ec0275507514,ce2a41d31657c32a4945d79d5902b1576fed3ad8,background,1.0
730d8b1e289067af593cfbc36c52ec0275507514,cf1ac803fcd5339063003a7847556055d25983d7,background,1.0
730d8b1e289067af593cfbc36c52ec0275507514,d0ecffd78981d6bb85dec8b6ed27fc55a01179bf,background,1.0
730d8b1e289067af593cfbc36c52ec0275507514,d1ae4ab5047489c2b010c7ce72262982ad66ad60,background,1.0
730d8b1e289067af593cfbc36c52ec0275507514,d68d5fd09304f89b02ca83f558e53220c9fbac8d,background,1.0
730d8b1e289067af593cfbc36c52ec0275507514,da92e27190c3ab99fe0929339ddf178d64d6973e,background,1.0
730d8b1e289067af593cfbc36c52ec0275507514,da942e549ca2e94cab6b3e4f59483496974683e2,background,1.0
730d8b1e289067af593cfbc36c52ec0275507514,db6084fdb3baceddacdc726474722debe1ef7e65,background,1.0
730d8b1e289067af593cfbc36c52ec0275507514,dcfd0402e90a3321ad212cd8b325f450a344f129,background,1.0
730d8b1e289067af593cfbc36c52ec0275507514,f295157f37cfb43cd8d8d2690ea124edc5ea59c2,background,1.0
730d8b1e289067af593cfbc36c52ec0275507514,f800cec9e81adff0d30d8d589164962debe7d02d,background,1.0
7334f376ea14afd415a10966835c09ba82f8c815,6e87f544017f73670c44d9d0856340a289ff9e38,background,1.0
73630bd117a5912eba72f34657249ffd018209a2,39af4070dca3221d275898c55884167bc03fe73d,background,1.0
73630bd117a5912eba72f34657249ffd018209a2,5abf79226a8ffa2dcf33ca98bfc36c8bb01cc4fc,background,1.0
7368e2de2a6843f56d61528af95a093c1ded428c,2d95c27d4ed8cfb8379164888cd79c6b239250b4,background,1.0
73b3d2665f76ee0120738f31af4c780335376f16,17a6213e30895fb7e5d0b368236ea8beeb94ee86,background,1.0
7423a3235b1cea60de0419a4de3b35bd3f5de5e7,a20e707395132f750fa958ebc0ea629b23b57bfe,background,1.0
744f8b4bccce44ad6c5017ce535aee76d1af633c,459cf4e6476d5e19f1bc422c162bcded54ca7f95,background,1.0
746931898b3e576ddfc53892f61285256dbad170,6e87f544017f73670c44d9d0856340a289ff9e38,background,1.0
74c4774c8899840b3b0d87669c265de207a7df93,459cf4e6476d5e19f1bc422c162bcded54ca7f95,background,1.0
7509a2f23106fdbe534854543759e55ed5c4d71f,16a65dcd609d48f79a9a271377628fdae5315a62,background,1.0
751cb5ca591df5fd227ee6b0b0a4b89bee38a68b,2be77516f6233a9d3ebbf93b439c3658d955d2e5,background,1.0
753572de6f4283e0540d08df1c28ea594af12832,7549a6e03afdd42ae94c19235db076319eeb34f8,background,1.0
753572de6f4283e0540d08df1c28ea594af12832,93e6ba25e4c45c3f204a09b6a6b8b02bd3596091,background,1.0
7556f59b7be5d07ef5075e60406659aba7c92ca3,6e87f544017f73670c44d9d0856340a289ff9e38,background,1.0
75a5831ef17b7379d617ca039bb778c0cfe295ba,659d8b24e53e8adfbcb1f16b26ada2cb8afa2c85,background,1.0
75f06aa49259162df5e839c703b8d8039eab05e7,6e87f544017f73670c44d9d0856340a289ff9e38,background,1.0
763a47fb0b0b24b546455715bdc7a90c68d668cc,6ea38aacc779506909d425aa19114b92bb1854f8,background,1.0
7648f05de7646e24b7daf5ea583a599f118abe03,2be77516f6233a9d3ebbf93b439c3658d955d2e5,background,1.0
7659a9e23031671a51c702c337d94d7c70d0ed25,3ca49899da83e160280c709288973e9caed30fa2,background,1.0
7674cd63e502f35cea40ad5c9e65fe9f9cd4aaa7,44ec06d911eed44ee99be61bd9ce964a824a2ed7,background,1.0
76db8f8dbabf618bbc415b8c2eb06d3402f13ee4,44ec06d911eed44ee99be61bd9ce964a824a2ed7,background,1.0
7746a45c36566dbcaeaa99f638811c21fe0f5b01,1a85628dd645ea86b7c146613651fdb30bb32c1d,background,1.0
7780dd922e51ae62139ecd275ee6b65802068ae4,087c755ff8689e4c5d846f952e9b2ed17dfe99f9,background,1.0
7788ba883d1acea9a3546423fd886b7894e9f40f,85b681e08c9db87dc19a5d5d8664e0027a8e8ad9,background,1.0
77ce2b9954bab73652a5f96218aa5b81ea4ef6d4,326cecd1e73da6790cc30fafc298489882e20c7f,background,1.0
77e26e3ca7bbcf5bffbb8fbf1d55bda2eafc723f,85b681e08c9db87dc19a5d5d8664e0027a8e8ad9,background,1.0
77eb15cbd875f7c2e3dfb6534bf04617abd450f8,16a65dcd609d48f79a9a271377628fdae5315a62,background,1.0
77eb93b7644cef913c47d51a22994d251dcaa6df,703d49a335799262e474ed8fe6044cd641a9e00a,background,1.0
78057a1d15b14d1b3a8c82b7a55cab0b758aa06d,3ca49899da83e160280c709288973e9caed30fa2,background,1.0
780c0629ede0e173f3d885e76ac81f446b75c7da,4f873d5a3ab80402e206a361eeffd3b69f014db0,background,1.0
7818ae51442ba087a16814f35026f9e463a1c9c4,033275ccc2c7c5c38592ae893da0b5923cf90717,background,1.0
78b84c0c8c670c49c1e19260d2e64ad206ae2ae5,d427db1ba2cc92b36d16a5e5114f1027c90fff68,background,1.0
78e95db0182d8008dcf346bf52d357af51ca0ccc,033275ccc2c7c5c38592ae893da0b5923cf90717,background,1.0
78e95db0182d8008dcf346bf52d357af51ca0ccc,087c755ff8689e4c5d846f952e9b2ed17dfe99f9,background,1.0
78e95db0182d8008dcf346bf52d357af51ca0ccc,1a85628dd645ea86b7c146613651fdb30bb32c1d,background,1.0
7902574c3c9ed258433095bdbd8795a8435a0503,86e9b0585c8b866665de18b2744d69aefff3e16d,background,1.0
79032a33dca9098c9d3d6079949dafc02776a486,659d8b24e53e8adfbcb1f16b26ada2cb8afa2c85,background,1.0
791e318c1a6ebd43f70edb66822b51eadfe3e00f,033275ccc2c7c5c38592ae893da0b5923cf90717,background,1.0
792976b8a294fb36a02e21ba3ae0e42b46dbdccf,02808823641975868e3212fd7ae859514fdbdf32,background,1.0
79329ec3bd574d1c031a576505f6633007be7dd7,d852660e15e82ae150dcde105639ba2c7d90f01f,background,1.0
794ba9d947d32dab03ffe5cb45bd00fdd87e1cab,b8e30590ac81875a7fc4f7cfd425bd5148a72f5c,background,1.0
796e06e5034b097f322a9514c81bb98d27f7e461,659d8b24e53e8adfbcb1f16b26ada2cb8afa2c85,background,1.0
7a16c67325d789d0f20d8f4801a5560c70df7352,86e9b0585c8b866665de18b2744d69aefff3e16d,background,1.0
7a291532943fcaee69132a758209bc32205fe286,d427db1ba2cc92b36d16a5e5114f1027c90fff68,background,1.0
7a7dcfebfdffa22a550e612def32d167d82a0c3d,85b681e08c9db87dc19a5d5d8664e0027a8e8ad9,background,1.0
7a864d79640156d7292a234e995e6a2a1adc0730,c867c372ed78e27c53feaf788e74aa7506302bbe,background,1.0
7a88497beeedee4ad60360dd1d05887e0e658db1,13bd0e08713f0b340396634892d2c9e3c5bee548,background,1.0
7ad411948eedc3fa54ebe5af66b8d418e067a4b0,44ec06d911eed44ee99be61bd9ce964a824a2ed7,background,1.0
7ae13b8ff959331b9872acde519999c20195fc6b,d852660e15e82ae150dcde105639ba2c7d90f01f,background,1.0
7b148037129dd241fc9d1ce1f2ab0f0af282c061,3c78b9d672e5bb2e065bcac54b52aa08b94b7321,background,1.0
7b663c42dd72e2585eed4bf7fc41739e07ce9ff3,7549a6e03afdd42ae94c19235db076319eeb34f8,background,1.0
7b97835ec48ad8161c38974b576af9e2674c6d44,4f873d5a3ab80402e206a361eeffd3b69f014db0,background,1.0
7bd9c02ca54c6e963661d2c2ac8d059d7b5decd2,02808823641975868e3212fd7ae859514fdbdf32,background,1.0
7bd9c02ca54c6e963661d2c2ac8d059d7b5decd2,39af4070dca3221d275898c55884167bc03fe73d,background,1.0
7bd9c02ca54c6e963661d2c2ac8d059d7b5decd2,d154d986c3a402c207c6c0e22093f2e1a878fe71,background,1.0
7bea9fac0652a533bc926151d9f0bf54d34b4397,689c7a86d973895a14feb984b8faa3d5581038ef,background,1.0
7c518aaf47d003dd0e3d6181a89394667339db3e,2be77516f6233a9d3ebbf93b439c3658d955d2e5,background,1.0
7c920a5dc1204e3bd8766c31efb7750c4bfafa20,5abf79226a8ffa2dcf33ca98bfc36c8bb01cc4fc,background,1.0
7c920a5dc1204e3bd8766c31efb7750c4bfafa20,6ea38aacc779506909d425aa19114b92bb1854f8,background,1.0
7cb70d3e5d774866a50536965deb69f999fd7e65,44ec06d911eed44ee99be61bd9ce964a824a2ed7,background,1.0
7cf3064111f53d092cc97baa5e7ed7f94d9b6a74,033275ccc2c7c5c38592ae893da0b5923cf90717,background,1.0
7cfe892fef79c77845d19377566cdddad8761532,d427db1ba2cc92b36d16a5e5114f1027c90fff68,background,1.0
7d25d381bcd8ec4bc32f1b4270460203c1460abc,3ca49899da83e160280c709288973e9caed30fa2,background,1.0
7d3b298e7f7e29042b90622f502a889248493584,b8e30590ac81875a7fc4f7cfd425bd5148a72f5c,background,1.0
7d81bd4fae15e4edead6464abfeb98e7cd7663d0,659d8b24e53e8adfbcb1f16b26ada2cb8afa2c85,background,1.0
7db7fc58c75e158d3aa231cec1eec1ba2ed74110,514e4e91e0fbddaa85857760d4f206a18228d614,background,1.0
7dd6ec8123db781cd518c237a5a1374c8a8a7f20,3ca49899da83e160280c709288973e9caed30fa2,background,1.0
7ddb324f6a7b9e031b4770766656e03269676bcb,a20e707395132f750fa958ebc0ea629b23b57bfe,background,1.0
7e3b8a70d72a0ba4c7f189991d912822a1f2959d,d852660e15e82ae150dcde105639ba2c7d90f01f,background,1.0
7e5b7a1a441cb7909ee4a05e83380bad56dbe698,c867c372ed78e27c53feaf788e74aa7506302bbe,background,1.0
7e648117ba6f69c05839600ba6e185fd71cab854,033275ccc2c7c5c38592ae893da0b5923cf90717,background,1.0
7e648117ba6f69c05839600ba6e185fd71cab854,1cbbe1a129c0d1f53d8e16ca74238334372507dc,background,1.0
7e85ad0562a229383ad5d0c4b251afb3745e17c2,514e4e91e0fbddaa85857760d4f206a18228d614,background,1.0
7f1197929bc22918c572a7e492ca99fc973c4588,02808823641975868e3212fd7ae859514fdbdf32,background,1.0
7f1197929bc22918c572a7e492ca99fc973c4588,44ec06d911eed44ee99be61bd9ce964a824a2ed7,background,1.0
7f1197929bc22918c572a7e492ca99fc973c4588,659d8b24e53e8adfbcb1f16b26ada2cb8afa2c85,background,1.0
7f1197929bc22918c572a7e492ca99fc973c4588,d427db1ba2cc92b36d16a5e5114f1027c90fff68,background,1.0
7f21e3b61dae79d31bb90a58c9c4b0918a7e74d4,033275ccc2c7c5c38592ae893da0b5923cf90717,background,1.0
7f452cef78a89a67fd547051357acd2a0c478ae0,514e4e91e0fbddaa85857760d4f206a18228d614,background,1.0
7f5144433c4ee13328e7c20a002ccbd40108727d,703d49a335799262e474ed8fe6044cd641a9e00a,background,1.0
7f7686d2e2af4a7308fa947680f52194b8bb067f,93e6ba25e4c45c3f204a09b6a6b8b02bd3596091,background,1.0
7fd1721177db958e7821cb0a5a2b9c05ce78856e,d852660e15e82ae150dcde105639ba2c7d90f01f,background,1.0
804716adb580edcb0546bc98a4c39c26ef23d4ae,2be77516f6233a9d3ebbf93b439c3658d955d2e5,background,1.0
8055695daf91f2979b01c8137b2b62e8f8c08120,d852660e15e82ae150dcde105639ba2c7d90f01f,background,1.0
806feeaecf85d390eedef87ac0812045ca5e8000,27d0ae215acfaa5914fc13cea20626c9470848c2,background,1.0
806feeaecf85d390eedef87ac0812045ca5e8000,514e4e91e0fbddaa85857760d4f206a18228d614,background,1.0
811f966ef2cc73ff1fee667b5bd9992326c200c9,703d49a335799262e474ed8fe6044cd641a9e00a,background,1.0
8141d758fc7bc6a40711d0bb4b8c20a6f753b389,459cf4e6476d5e19f1bc422c162bcded54ca7f95,background,1.0
8151af11d1ff5256ac8fb209e140f92d4d21bc22,5abf79226a8ffa2dcf33ca98bfc36c8bb01cc4fc,background,1.0
8156446f2b96186da13e775b8461e9cda2e45f24,6ea38aacc779506909d425aa19114b92bb1854f8,background,1.0
8156446f2b96186da13e775b8461e9cda2e45f24,7549a6e03afdd42ae94c19235db076319eeb34f8,background,1.0
8180c003a12a7b337767e7acdfd41ff0840b57a7,bcca5c7e9180c4890936343d79e812cb16cbefb6,background,1.0
81aafbf86b0857ab71be3ea5514a12ea51deaf96,1d0d84a1f4e8de75151d88bd152816f18109d032,background,1.0
81c33a46eda61815c4a1ceb5039b12c009065c2c,e1edea57a10c66ca3287c4b85547b37945413a3c,background,1.0
81d04d50748564812d9ea30e0b54440add14442f,a20e707395132f750fa958ebc0ea629b23b57bfe,background,1.0
81f6e15b44891e6536e484e64e17c6bf3477f013,2d95c27d4ed8cfb8379164888cd79c6b239250b4,background,1.0
81f6e15b44891e6536e484e64e17c6bf3477f013,5abf79226a8ffa2dcf33ca98bfc36c8bb01cc4fc,background,1.0
81f885f9722eb2306b40f82b2c63be3528456d03,6ea38aacc779506909d425aa19114b92bb1854f8,background,1.0
8207d324f321bc066dbbf80b1acd42fe8c4248be,4f873d5a3ab80402e206a361eeffd3b69f014db0,background,1.0
823c64425a551bd18e4761fe0a5a58d67da10c6c,703d49a335799262e474ed8fe6044cd641a9e00a,background,1.0
829a38fcbffaaff9a1133a91a355cf756dbbbd0f,5abf79226a8ffa2dcf33ca98bfc36c8bb01cc4fc,background,1.0
82a6aa806e454be6a50a78bdf1e87b3e46a2b5ee,2be77516f6233a9d3ebbf93b439c3658d955d2e5,background,1.0
82dabf7c563220959cb8da6369de84b7522de8d9,6e4e15ab0d55232b93e76ddecb6c969a0d18f853,background,1.0
82dabf7c563220959cb8da6369de84b7522de8d9,d852660e15e82ae150dcde105639ba2c7d90f01f,background,1.0
831506cfeac183e12a0da77efc1f8170ae368bee,d427db1ba2cc92b36d16a5e5114f1027c90fff68,background,1.0
8343bbe8184000cfda6c8cd490f83f50b04da989,d427db1ba2cc92b36d16a5e5114f1027c90fff68,background,1.0
835d8f81d0232b7dfd14d70b288057241539346d,326cecd1e73da6790cc30fafc298489882e20c7f,background,1.0
8378b89068db914af86080e5c8d50d2d83469dc1,93e6ba25e4c45c3f204a09b6a6b8b02bd3596091,background,1.0
839dc7a032719f1279376d6a00ef37b8950f656c,93e6ba25e4c45c3f204a09b6a6b8b02bd3596091,background,1.0
83ca9ca2dc9a479c47a910b01152cbd27e8ce620,f3e765ca2b8c4191759b141d2e5c42215ed9090d,background,1.0
83f42069f416926e229269bf53c7090c778d49f5,0443c9a0fbb403d5e7d3593f5d286cb74ed0b490,background,1.0
83f42069f416926e229269bf53c7090c778d49f5,1d0d84a1f4e8de75151d88bd152816f18109d032,background,1.0
84111f5acec7a5e96e3bd1def74987ce66922b3b,d852660e15e82ae150dcde105639ba2c7d90f01f,background,1.0
841cc79c812a13ab54b214bb6b3b4cb505991aae,a20e707395132f750fa958ebc0ea629b23b57bfe,background,1.0
8476d79fcf7d4fc2faed26c36363d44b8804d491,1d0d84a1f4e8de75151d88bd152816f18109d032,background,1.0
8486e42f5a4a4f3efcbe4af6a1bf490acbb072da,16a65dcd609d48f79a9a271377628fdae5315a62,background,1.0
84a519f4cf9c8fdae032b3632a0991b383308e0a,0443c9a0fbb403d5e7d3593f5d286cb74ed0b490,background,1.0
84b3db025b539d490711335896e4a4f39924c01e,689c7a86d973895a14feb984b8faa3d5581038ef,background,1.0
84bd9195a469b26519bf7cac6caa2504024fc9fe,7549a6e03afdd42ae94c19235db076319eeb34f8,background,1.0
84d32406483fe73a579dd296f0c0b85cd026b13d,1a85628dd645ea86b7c146613651fdb30bb32c1d,background,1.0
84d32406483fe73a579dd296f0c0b85cd026b13d,39af4070dca3221d275898c55884167bc03fe73d,background,1.0
84d65e4cc8355aa5d0d3b4efb96290def8e3b86a,1d0d84a1f4e8de75151d88bd152816f18109d032,background,1.0
85630d0ac3cca1e211e86e91ce19114483da7945,d427db1ba2cc92b36d16a5e5114f1027c90fff68,background,1.0
8572b13f01fa9fc234228702de0a021e38c21e65,1cbbe1a129c0d1f53d8e16ca74238334372507dc,background,1.0
85923e50ae656b7fe2fc38c0f4e4ee6c7743a502,bcca5c7e9180c4890936343d79e812cb16cbefb6,background,1.0
85a0924984aee54f75fa069b68578120bfd84fab,a20e707395132f750fa958ebc0ea629b23b57bfe,background,1.0
85a35fcb1c59866e2807dff6c237777f82b00456,689c7a86d973895a14feb984b8faa3d5581038ef,background,1.0
85bd0a8ddc3723b427625c61e01897ec36b8b8ea,033275ccc2c7c5c38592ae893da0b5923cf90717,background,1.0
85c9ce90400edb166211db22a5fce4231ea2fb83,02808823641975868e3212fd7ae859514fdbdf32,background,1.0
85d6903cc6fe2db11e8c8b070407a0a4dc9aae18,c867c372ed78e27c53feaf788e74aa7506302bbe,background,1.0
85dfaf54aca9838a31eef545d4f6c1425a1b042c,86e9b0585c8b866665de18b2744d69aefff3e16d,background,1.0
85dfaf54aca9838a31eef545d4f6c1425a1b042c,d852660e15e82ae150dcde105639ba2c7d90f01f,background,1.0
85e95904a68721bc6f79f016f68712d52971fb13,bcca5c7e9180c4890936343d79e812cb16cbefb6,background,1.0
85eb053886f5c629bc768214fef02884c7f46eb8,3ca49899da83e160280c709288973e9caed30fa2,background,1.0
868bbd6f5855e7e261ec12501e47cffec09512ee,459cf4e6476d5e19f1bc422c162bcded54ca7f95,background,1.0
868bbd6f5855e7e261ec12501e47cffec09512ee,a20e707395132f750fa958ebc0ea629b23b57bfe,background,1.0
86e9b0585c8b866665de18b2744d69aefff3e16d,2d95c27d4ed8cfb8379164888cd79c6b239250b4,background,1.0
86f2a8525b0b2d06aebad3f6a59744b92134834a,514e4e91e0fbddaa85857760d4f206a18228d614,background,1.0
873dac4ad2a663cbab149a318fc879bd0ca41e28,bcca5c7e9180c4890936343d79e812cb16cbefb6,background,1.0
87da00e90ed8e602f6850afd982a37a8b1d483e7,13bd0e08713f0b340396634892d2c9e3c5bee548,background,1.0
882f13ad6c22a33f8a0023b19750b8b7cf72fdaa,c867c372ed78e27c53feaf788e74aa7506302bbe,background,1.0
88505ef6eca1c2fc27981339b4b831eb80d54047,033275ccc2c7c5c38592ae893da0b5923cf90717,background,1.0
885a27c73cf094c41647607fbf8ea1ae3eb89e1f,d852660e15e82ae150dcde105639ba2c7d90f01f,background,1.0
888f92b8d4bc265ebfb286f856272ad6793e3e21,6ea38aacc779506909d425aa19114b92bb1854f8,background,1.0
88b7df9646a435463fad59a602137b37ee805bfb,b8e30590ac81875a7fc4f7cfd425bd5148a72f5c,background,1.0
89189c34afa85bd541d339914d6fd506bd1c7f87,85b681e08c9db87dc19a5d5d8664e0027a8e8ad9,background,1.0
897f0a4aa81dac2ab2679541032fcdf7b8c7eff5,1cbbe1a129c0d1f53d8e16ca74238334372507dc,background,1.0
89cbdd215b58a81f1b82b93a82cde0553f51067d,06424dcd3be195738b653d2ee4358d9974f4cb30,background,1.0
8a22fcbc2cb67d6806db4f03394b7143b5076c3d,d852660e15e82ae150dcde105639ba2c7d90f01f,background,1.0
8a29eaf87faaf27f712c1bcb4203565d0baeb4a1,06424dcd3be195738b653d2ee4358d9974f4cb30,background,1.0
8a597f196aff64d2f4a9e5b12c0a28854a905312,703d49a335799262e474ed8fe6044cd641a9e00a,background,1.0
8a62397381456529702231675e172c2e280cbd2c,59078a26c42e8609244f1c3e01f05af74a3773bf,background,1.0
8ad6c3e358b7e419e1540fc6f68c1f475adc3baf,6ea38aacc779506909d425aa19114b92bb1854f8,background,1.0
8ae3fe8b15a2d6db705e0cb6dd460a207aaffcec,bcca5c7e9180c4890936343d79e812cb16cbefb6,background,1.0
8b11743604045f4ae67d2dc3c6b1be0d0e96738e,1d0d84a1f4e8de75151d88bd152816f18109d032,background,1.0
8b388eee38b63c91427a6047e28014ce13bd4f60,1a85628dd645ea86b7c146613651fdb30bb32c1d,background,1.0
8becd649f6afe7428be44db69d720ae04366f1b4,86e9b0585c8b866665de18b2744d69aefff3e16d,background,1.0
8bf3daeb2832c9831387219be006188c8c780972,59078a26c42e8609244f1c3e01f05af74a3773bf,background,1.0
8c06060564cf6cca6e9317187d77cfbb6ef89ac3,c858ba9bce833896b49878a6793dbb382ed83c9e,background,1.0
8c3b5536a6162138d43f1df6dde21e17873cd938,c858ba9bce833896b49878a6793dbb382ed83c9e,background,1.0
8c629f76516a6fd83e723b0bc708faddb987cca8,d154d986c3a402c207c6c0e22093f2e1a878fe71,background,1.0
8c769ef4f7dc800c16a29f249f8c4edac11284b1,033275ccc2c7c5c38592ae893da0b5923cf90717,background,1.0
8c910b56b240e3cd34f885f62aa70d506300c9c7,689c7a86d973895a14feb984b8faa3d5581038ef,background,1.0
8c91977e054def2c8394c4436cd4395783a8ac65,44ec06d911eed44ee99be61bd9ce964a824a2ed7,background,1.0
8cb06d33b34c50cf9a444d129ecff175de58890e,c867c372ed78e27c53feaf788e74aa7506302bbe,background,1.0
8d230fbfe6b4393a17ead152fff1fff47618cc2a,c858ba9bce833896b49878a6793dbb382ed83c9e,background,1.0
8d236bdb912837d9588e717f5dc4578bc5ebbbdb,6ea38aacc779506909d425aa19114b92bb1854f8,background,1.0
8d4b47a02ebbb7f186bec60ad871f26c9b52ec8f,02808823641975868e3212fd7ae859514fdbdf32,background,1.0
8d518fb731d09da60fd03daa310de1ec58e404c3,1a85628dd645ea86b7c146613651fdb30bb32c1d,background,1.0
8d988ceeece36d4f0efa11b0946943d2dc8ced97,44ec06d911eed44ee99be61bd9ce964a824a2ed7,background,1.0
8e57799f9c01fcb38abc74da2c33acc24a78fa83,59078a26c42e8609244f1c3e01f05af74a3773bf,background,1.0
8e907bcc8c85c28957bc6f8279541b62da5d2dd4,6ea38aacc779506909d425aa19114b92bb1854f8,background,1.0
8e9faf70146b5fb7d11858af23d6a0df564c002d,326cecd1e73da6790cc30fafc298489882e20c7f,background,1.0
8f1a6b8081cf7b0201b99fc5ce0e19f09d75e5b4,7549a6e03afdd42ae94c19235db076319eeb34f8,background,1.0
8f363792f5d4d58acbc65e4e8071316b5e6de949,b8e30590ac81875a7fc4f7cfd425bd5148a72f5c,background,1.0
8fb0c77291bc62096a870227cbb0fa5ce4fad2da,85b681e08c9db87dc19a5d5d8664e0027a8e8ad9,background,1.0
8fe126a73689aead27a5c7a1dce44d4dc9e07d64,44ec06d911eed44ee99be61bd9ce964a824a2ed7,background,1.0
8fe24db568ccc379a590eac9dc5183d68b78c1ad,a20e707395132f750fa958ebc0ea629b23b57bfe,background,1.0
90125f72ef57f3f0ac12e55cff0e5b45e55faa5a,16a65dcd609d48f79a9a271377628fdae5315a62,background,1.0
90539b8d7a7620619f2b1040f96deef799576052,2be77516f6233a9d3ebbf93b439c3658d955d2e5,background,1.0
907f79538aa55b2482e07561c232914a3bc9367b,514e4e91e0fbddaa85857760d4f206a18228d614,background,1.0
908bb8aa2e5123e06fcca7e5d9fdf545127b3abc,13bd0e08713f0b340396634892d2c9e3c5bee548,background,1.0
90e44e62af895ec4628b9ab8b2a7369a99252b75,1f4bee77bb69b92dd16ce0c3ad0f477f4ecf1d30,background,1.0
91d6e8ba5dd90b02fe3bd870b19da13a6167af53,02808823641975868e3212fd7ae859514fdbdf32,background,1.0
923bbf61bebe2b485f5b7bb5a02a79dfa9081034,17a6213e30895fb7e5d0b368236ea8beeb94ee86,background,1.0
927fc7652e033c9eb17296df087e3e6491112bb0,bcca5c7e9180c4890936343d79e812cb16cbefb6,background,1.0
92881869c7a965d736ad737b8b43f3ba2dafbaba,86e9b0585c8b866665de18b2744d69aefff3e16d,background,1.0
92c5aa9cc63958dc9f33d12279d3af8f783a9766,85b681e08c9db87dc19a5d5d8664e0027a8e8ad9,background,1.0
92ccdc6a4118257beeecca835cfa2e32efd7cf65,86e9b0585c8b866665de18b2744d69aefff3e16d,background,1.0
92e8d35fb415a1672ff0c7645377c1e2f3e35d2b,033275ccc2c7c5c38592ae893da0b5923cf90717,background,1.0
92fb898316ea4550c100d7a1388ce009c63c1edb,17a6213e30895fb7e5d0b368236ea8beeb94ee86,background,1.0
93c84f8ce96259840052af5222216351fd8643e6,2d95c27d4ed8cfb8379164888cd79c6b239250b4,background,1.0
93e6ba25e4c45c3f204a09b6a6b8b02bd3596091,006906b6bbe5c1f378cde9fd86de1ce9e6b131da,background,1.0
93e6ba25e4c45c3f204a09b6a6b8b02bd3596091,1229903d4b2ce690bc4bf6086b8a5b126fec9d76,background,1.0
93e6ba25e4c45c3f204a09b6a6b8b02bd3596091,142076521067f39aa0f2b86a01150561257c4ec5,background,1.0
93e6ba25e4c45c3f204a09b6a6b8b02bd3596091,1d8f4f76ac6534627ef8a1c24b9937d8ab2a5c5f,background,1.0
93e6ba25e4c45c3f204a09b6a6b8b02bd3596091,1e825d3687a7294dbfddd78b46a685a5620ceb05,background,1.0
93e6ba25e4c45c3f204a09b6a6b8b02bd3596091,20036cd7fac884130f642d3df30b1fd7fb24c6d2,background,1.0
93e6ba25e4c45c3f204a09b6a6b8b02bd3596091,21dff47a4142445f83016da0819ffe6dd2947f66,background,1.0
93e6ba25e4c45c3f204a09b6a6b8b02bd3596091,238935650a9e7a836769d7fb6785c8f7bbe10de9,background,1.0
93e6ba25e4c45c3f204a09b6a6b8b02bd3596091,24638deb8ad40ab2b2ed2d9c839635bca3596ac8,background,1.0
93e6ba25e4c45c3f204a09b6a6b8b02bd3596091,2582ab7c70c9e7fcb84545944eba8f3a7f253248,background,1.0
93e6ba25e4c45c3f204a09b6a6b8b02bd3596091,2852982175beeb92e14127277cb158c4cb31f5c5,background,1.0
93e6ba25e4c45c3f204a09b6a6b8b02bd3596091,293700d335c1a842d29ecf1248dba0ea1569fcdd,background,1.0
93e6ba25e4c45c3f204a09b6a6b8b02bd3596091,2b2c30dfd3968c5d9418bb2c14b2382d3ccc64b2,background,1.0
93e6ba25e4c45c3f204a09b6a6b8b02bd3596091,342fe6a6338e73fd4d34c4f37f41e3bbad274dd2,background,1.0
93e6ba25e4c45c3f204a09b6a6b8b02bd3596091,43c197f38f967c3b0afee582cbf15aac9aa2dd0c,background,1.0
93e6ba25e4c45c3f204a09b6a6b8b02bd3596091,4f00435f66a3dee7d5965fe8696c56f67021f1cc,background,1.0
93e6ba25e4c45c3f204a09b6a6b8b02bd3596091,4f993ba5db62053b259cd3f3be545fb8d7184b0f,background,1.0
93e6ba25e4c45c3f204a09b6a6b8b02bd3596091,53f1779c4169b128072e6f50dc3f31bb2c530a70,background,1.0
93e6ba25e4c45c3f204a09b6a6b8b02bd3596091,59f1df2f60280eea79d195b9c561d52a77fb24de,background,1.0
93e6ba25e4c45c3f204a09b6a6b8b02bd3596091,5bbb02cfe0ed6319d115a3a966c61c0e7102bd82,background,1.0
93e6ba25e4c45c3f204a09b6a6b8b02bd3596091,613d52612b53a57394bfb958d96684c61ff20c6d,background,1.0
93e6ba25e4c45c3f204a09b6a6b8b02bd3596091,62ed9bf1d83c8db1f9cbf92ea2f57ea90ef683d9,background,1.0
93e6ba25e4c45c3f204a09b6a6b8b02bd3596091,64ca3d64f9a87615a64616de679a5156c56cb4a1,background,1.0
93e6ba25e4c45c3f204a09b6a6b8b02bd3596091,6623dd38c3e1acf0bd35cfc958247e1a1e90942f,background,1.0
93e6ba25e4c45c3f204a09b6a6b8b02bd3596091,66f7823be7a0adcd8ed3ecebf00e53daf45bc6bc,background,1.0
93e6ba25e4c45c3f204a09b6a6b8b02bd3596091,6c2b104b361a12d4aa917bbdfc418fc1c45fd840,background,1.0
93e6ba25e4c45c3f204a09b6a6b8b02bd3596091,75f4d5050c1498dd5efaf1206fe4e273b1c6e09b,background,1.0
93e6ba25e4c45c3f204a09b6a6b8b02bd3596091,7c70459d56214a7a3202732670f5ce726508eff6,background,1.0
93e6ba25e4c45c3f204a09b6a6b8b02bd3596091,83f91b22bdd5b3fa548b2c5baa707fefb7058941,background,1.0
93e6ba25e4c45c3f204a09b6a6b8b02bd3596091,94d6f3cf955b46345fef62b827e09da086b852d2,background,1.0
93e6ba25e4c45c3f204a09b6a6b8b02bd3596091,994afdf0db0cb0456f4f76468380822c2f532726,background,1.0
93e6ba25e4c45c3f204a09b6a6b8b02bd3596091,a00252ffc7a40176c5e1366011aa8c7b13c11f4b,background,1.0
93e6ba25e4c45c3f204a09b6a6b8b02bd3596091,a057cb8d5edc815bfffeb9087561881aff026013,background,1.0
93e6ba25e4c45c3f204a09b6a6b8b02bd3596091,a4b62f87a8e13a214da65df48953ed10e3f44bf4,background,1.0
93e6ba25e4c45c3f204a09b6a6b8b02bd3596091,b8265889fab6a5f2b49e31c02d9db5004ea02698,background,1.0
93e6ba25e4c45c3f204a09b6a6b8b02bd3596091,bc00ff34ec7772080c7039b17f7069a2f7df0889,background,1.0
93e6ba25e4c45c3f204a09b6a6b8b02bd3596091,bcad76ae5cea05bad85fd6b2b08aa30a801d9a3b,background,1.0
93e6ba25e4c45c3f204a09b6a6b8b02bd3596091,ce2a41d31657c32a4945d79d5902b1576fed3ad8,background,1.0
93e6ba25e4c45c3f204a09b6a6b8b02bd3596091,d4fb77850a87948b076732eaa7c4d70dfeff715d,background,1.0
93e6ba25e4c45c3f204a09b6a6b8b02bd3596091,d57ca29d73272e139c04f118d5c3107dfb964596,background,1.0
93e6ba25e4c45c3f204a09b6a6b8b02bd3596091,d5b477face5ca475b35d893c8885ea14ccc13ea0,background,1.0
93e6ba25e4c45c3f204a09b6a6b8b02bd3596091,d65a28ce6a34e1efba10f36c335688077fb45583,background,1.0
93e6ba25e4c45c3f204a09b6a6b8b02bd3596091,dab7e605237ad4f4fe56dcba2861b8f0a57112be,background,1.0
93e6ba25e4c45c3f204a09b6a6b8b02bd3596091,dba7c73503c4b7abad96aaa4a167fd7e701c4059,background,1.0
93e6ba25e4c45c3f204a09b6a6b8b02bd3596091,dc08220b483bcbe72f09d342cf20bfc739ed540a,background,1.0
93e6ba25e4c45c3f204a09b6a6b8b02bd3596091,dc89b23a629b05017f71bbd68235cf8e7e6e7de5,background,1.0
93e6ba25e4c45c3f204a09b6a6b8b02bd3596091,e15bd260f1f89fff633196744192625ab642311e,background,1.0
93e6ba25e4c45c3f204a09b6a6b8b02bd3596091,f1962baa356e10c4fd936b9e9f910869a5864a75,background,1.0
93e6ba25e4c45c3f204a09b6a6b8b02bd3596091,f1c792178f8b47ddb9aa3e9194de96a8c04d35b2,background,1.0
93e6ba25e4c45c3f204a09b6a6b8b02bd3596091,f8c99f4f6ac959536154f05c24cb638f816f07a7,background,1.0
940600d1d676f9200293b477bbe906a43a56fd47,514e4e91e0fbddaa85857760d4f206a18228d614,background,1.0
94da94176a391cd274f554efa467e81ad429eee5,d852660e15e82ae150dcde105639ba2c7d90f01f,background,1.0
94e267a8ba62a8ec1918e7a3cb09257ed5f3684d,3c78b9d672e5bb2e065bcac54b52aa08b94b7321,background,1.0
95023da34681759af8cb1cfa016ce90ef78e778c,06424dcd3be195738b653d2ee4358d9974f4cb30,background,1.0
957534326799133f76e6cd1db7f721ce618acbb9,6e87f544017f73670c44d9d0856340a289ff9e38,background,1.0
957c96466bf849d50961569b4318807781ceb7b3,1d0d84a1f4e8de75151d88bd152816f18109d032,background,1.0
957f5b1e7ca48891c2e279aefbfa0f04d989c21e,7549a6e03afdd42ae94c19235db076319eeb34f8,background,1.0
96360d4d617dded346c65947c055be0da35dbc5e,02808823641975868e3212fd7ae859514fdbdf32,background,1.0
966556560a7b2a09ec000f8b626f814c7430ff2c,2be77516f6233a9d3ebbf93b439c3658d955d2e5,background,1.0
96688f5ddfded06b2236b814cde0e9d8115ebe8a,bcca5c7e9180c4890936343d79e812cb16cbefb6,background,1.0
966a47783dcb9b6866eabb921ee2c29142afdcd7,a20e707395132f750fa958ebc0ea629b23b57bfe,background,1.0
966a47783dcb9b6866eabb921ee2c29142afdcd7,f3e765ca2b8c4191759b141d2e5c42215ed9090d,background,1.0
966b372d9c8e39c20006067e83092ace6df10e8c,02808823641975868e3212fd7ae859514fdbdf32,background,1.0
96a52029251bc07cb40cafd32d061b24201f170f,02808823641975868e3212fd7ae859514fdbdf32,background,1.0
96b21eda6666e7746e104534b13a45b82d5c26aa,02808823641975868e3212fd7ae859514fdbdf32,background,1.0
96e8e4194ba520f87afb20db20b88bbbf84b0cff,6e87f544017f73670c44d9d0856340a289ff9e38,background,1.0
9726c31a32aa5cbdba057dfe4ff6dcea5299a903,033275ccc2c7c5c38592ae893da0b5923cf90717,background,1.0
976fdb1e99f147fc696a6d9df8362f646fde01a3,514e4e91e0fbddaa85857760d4f206a18228d614,background,1.0
979bd6bc743c94ddee8bb88fc635dbd008511a44,17a6213e30895fb7e5d0b368236ea8beeb94ee86,background,1.0
97b2ba5dc2e90b45a8d8a0aa9f3ec200fbf4e668,514e4e91e0fbddaa85857760d4f206a18228d614,background,1.0
97c302b961139ca643d87705a93c33caeae714f4,2d95c27d4ed8cfb8379164888cd79c6b239250b4,background,1.0
97d60bd77200da768a71b1df1379a2453ecdfc0f,514e4e91e0fbddaa85857760d4f206a18228d614,background,1.0
981d3af1eb81eff3f783c3f63051082af12ac223,17a6213e30895fb7e5d0b368236ea8beeb94ee86,background,1.0
9912f7a2ffab8d090696e6dc4bf2ef00dddd1249,bcca5c7e9180c4890936343d79e812cb16cbefb6,background,1.0
9958f3c49304547503e19d86b24d20137b990a59,17a6213e30895fb7e5d0b368236ea8beeb94ee86,background,1.0
99ce9f135a9dd140de5420495c6c134cd5884718,06424dcd3be195738b653d2ee4358d9974f4cb30,background,1.0
99f36fbc03755b79e1a9c58069b43a284fc6e493,689c7a86d973895a14feb984b8faa3d5581038ef,background,1.0
99f36fbc03755b79e1a9c58069b43a284fc6e493,6e08bd9b6ecb3e3978de66c5f8bd8636367413bc,background,1.0
99f36fbc03755b79e1a9c58069b43a284fc6e493,730d8b1e289067af593cfbc36c52ec0275507514,background,1.0
99f36fbc03755b79e1a9c58069b43a284fc6e493,86e9b0585c8b866665de18b2744d69aefff3e16d,background,1.0
9a02e1fa83bc23ceaaf0ba7dee864ff8ddf18d38,44ec06d911eed44ee99be61bd9ce964a824a2ed7,background,1.0
9a1c63411135d54aec963e18b2d678f945a50b43,6ea38aacc779506909d425aa19114b92bb1854f8,background,1.0
9a349a6dd0e5b04f3d6ee65f229db253f6a8690b,c867c372ed78e27c53feaf788e74aa7506302bbe,background,1.0
9a4b4a4663ed7ea2c4afb5b646a4bb180deac54b,6e4e15ab0d55232b93e76ddecb6c969a0d18f853,background,1.0
9a5958bde6ba74ae6c2e84d0076c890c2e7ca6f0,27d0ae215acfaa5914fc13cea20626c9470848c2,background,1.0
9a5958bde6ba74ae6c2e84d0076c890c2e7ca6f0,3ca49899da83e160280c709288973e9caed30fa2,background,1.0
9adabf46df5f957f6c45dd451fd48197b4c4a854,4f873d5a3ab80402e206a361eeffd3b69f014db0,background,1.0
9b101f6aa55d2541de403b1f610739d6317c36ed,6e4e15ab0d55232b93e76ddecb6c969a0d18f853,background,1.0
9b244b3cc21e390bd46ab06d2d05318918bdd065,5abf79226a8ffa2dcf33ca98bfc36c8bb01cc4fc,background,1.0
9b2b5eaf9d86d3a094b3c302dc22917401fa46ab,86e9b0585c8b866665de18b2744d69aefff3e16d,background,1.0
9b48514b6b8ff10c3cdf7ee624c181a2eef1feb2,1d0d84a1f4e8de75151d88bd152816f18109d032,background,1.0
9b68760868c2065a1e96394f26dc531a24b2794a,17a6213e30895fb7e5d0b368236ea8beeb94ee86,background,1.0
9b782b87b3a5c9834731f07a1447718ffc5ab457,459cf4e6476d5e19f1bc422c162bcded54ca7f95,background,1.0
9b782b87b3a5c9834731f07a1447718ffc5ab457,689c7a86d973895a14feb984b8faa3d5581038ef,background,1.0
9b782b87b3a5c9834731f07a1447718ffc5ab457,bcca5c7e9180c4890936343d79e812cb16cbefb6,background,1.0
9b822f1a3f30a6c9656b76f90127c2d5dea34b54,d852660e15e82ae150dcde105639ba2c7d90f01f,background,1.0
9b94d4aa5aaa8f945fee274492975ebf40e55262,1a85628dd645ea86b7c146613651fdb30bb32c1d,background,1.0
9c12622ae7ffa272785ee6140755c89c34a4bfc9,27d0ae215acfaa5914fc13cea20626c9470848c2,background,1.0
9c2294234cee7e2a85e8ee20809f6b8b3f161a4b,02808823641975868e3212fd7ae859514fdbdf32,background,1.0
9c4e98bfd123336c09141c711dc98674d7cfe7a9,514e4e91e0fbddaa85857760d4f206a18228d614,background,1.0
9c6bddcc4c04009abdafc4b3340868975552e1d1,c858ba9bce833896b49878a6793dbb382ed83c9e,background,1.0
9d5753c117f1ba931ffe594aa58ad32208679a23,44ec06d911eed44ee99be61bd9ce964a824a2ed7,background,1.0
9d5753c117f1ba931ffe594aa58ad32208679a23,6e08bd9b6ecb3e3978de66c5f8bd8636367413bc,background,1.0
9d6f689b779a608e11a3ad7c1aa258311ac81cc3,f295128bb1846e441a5195d5bbf4902f49186e30,background,1.0
9d6fa9cd4dfc8fff9d043c9156ca7e3d2a86648b,1cbbe1a129c0d1f53d8e16ca74238334372507dc,background,1.0
9d97b522f7be78afd69d3677e1adca921541f9fe,c858ba9bce833896b49878a6793dbb382ed83c9e,background,1.0
9da5571ca6b8657af23bcb51fdf2ecc5a01ebf65,0443c9a0fbb403d5e7d3593f5d286cb74ed0b490,background,1.0
9da5571ca6b8657af23bcb51fdf2ecc5a01ebf65,c867c372ed78e27c53feaf788e74aa7506302bbe,background,1.0
9db4b74f4a7d7a4e1348c07aeb10d5f39e5dbfc2,d154d986c3a402c207c6c0e22093f2e1a878fe71,background,1.0
9dd417ebce64cb6077a5120ed46e02487ad48170,033275ccc2c7c5c38592ae893da0b5923cf90717,background,1.0
9ddf4e7aa97fb900f8ca3287bd6b8b04c7fa8b10,bcca5c7e9180c4890936343d79e812cb16cbefb6,background,1.0
9df36676b852db62066870bdece255d74f94cb26,6e87f544017f73670c44d9d0856340a289ff9e38,background,1.0
9e5f018b05ae85fe92d00117c0eceae14e6b9d42,6ea38aacc779506909d425aa19114b92bb1854f8,background,1.0
9e6301bd0e45b6a0598afae599592a03d1205a62,4f873d5a3ab80402e206a361eeffd3b69f014db0,background,1.0
9f16c8d594dc797d930d7c99df2c04fb77464788,514e4e91e0fbddaa85857760d4f206a18228d614,background,1.0
9faae8e93d8bb6d4c4e49ce8f69c45874c10b614,2d95c27d4ed8cfb8379164888cd79c6b239250b4,background,1.0
9faf06e5dea49e63393df22988d2e4cef2cdca22,d852660e15e82ae150dcde105639ba2c7d90f01f,background,1.0
9fde7a5d491e25d2ff040e2f2f2517fa5b753e85,e1edea57a10c66ca3287c4b85547b37945413a3c,background,1.0
9feca4c00ab4cf2495700560d62ae5cef77da10f,6ea38aacc779506909d425aa19114b92bb1854f8,background,1.0
9ff22c1dc82491e69d339274580864874b61ba44,27d0ae215acfaa5914fc13cea20626c9470848c2,background,1.0
9ff22c1dc82491e69d339274580864874b61ba44,3ca49899da83e160280c709288973e9caed30fa2,background,1.0
a00ebceb7bcfc18a0869865cde6d412bb1a1c9ab,1a85628dd645ea86b7c146613651fdb30bb32c1d,background,1.0
a043f64103a09bf48081cbf1dbba408a967c0f37,4f873d5a3ab80402e206a361eeffd3b69f014db0,background,1.0
a06876418a9ab36a3b631f1824610ada82c2342c,44ec06d911eed44ee99be61bd9ce964a824a2ed7,background,1.0
a08146c086f06f25dfa1a674c24c6eb66fcc1bb9,514e4e91e0fbddaa85857760d4f206a18228d614,background,1.0
a09117b1dcb8ebd7571b8e87db955f9cf94caa21,27d0ae215acfaa5914fc13cea20626c9470848c2,background,1.0
a09b5358187a939deaee59738cce3921ccdc21e7,2d95c27d4ed8cfb8379164888cd79c6b239250b4,background,1.0
a0a2355adf2cb68b508fb66ea5418d8d6f36a67d,93e6ba25e4c45c3f204a09b6a6b8b02bd3596091,background,1.0
a0b361e4446cf8e021d5fcecb856dad5ece5af3a,1f4bee77bb69b92dd16ce0c3ad0f477f4ecf1d30,background,1.0
a1a1d8bdb0c4427781dd74de3cf50c7f674e069c,033275ccc2c7c5c38592ae893da0b5923cf90717,background,1.0
a1a9aec9e449e28e04157bca948377419a95c351,033275ccc2c7c5c38592ae893da0b5923cf90717,background,1.0
a1a9aec9e449e28e04157bca948377419a95c351,1cbbe1a129c0d1f53d8e16ca74238334372507dc,background,1.0
a1a9aec9e449e28e04157bca948377419a95c351,326cecd1e73da6790cc30fafc298489882e20c7f,background,1.0
a1d08ff2895fddbb4c1c1edf6dced8a3f46feef9,d154d986c3a402c207c6c0e22093f2e1a878fe71,background,1.0
a1f36e19af00925776b64c2e45622eeb0f07fce0,16a65dcd609d48f79a9a271377628fdae5315a62,background,1.0
a20415f39d3587e575e725cea8f05b9d30888118,7549a6e03afdd42ae94c19235db076319eeb34f8,background,1.0
a20e707395132f750fa958ebc0ea629b23b57bfe,03c282fed773725b1b2e9b2fee6a1da40de2e384,background,1.0
a20e707395132f750fa958ebc0ea629b23b57bfe,0464fe20b651c44c65b936f78b772cb1137acaa6,background,1.0
a20e707395132f750fa958ebc0ea629b23b57bfe,08b38d7e2613d3e1e0e9866421bf527d4a6607a0,background,1.0
a20e707395132f750fa958ebc0ea629b23b57bfe,08d66f39c72ffa3b9730e027720cb6d0c88fffe3,background,1.0
a20e707395132f750fa958ebc0ea629b23b57bfe,09ed7dbacd8dee9105a74e04b63834c6c4efa6e1,background,1.0
a20e707395132f750fa958ebc0ea629b23b57bfe,10b4b926904ad153f791ec680218e1610747a0c8,background,1.0
a20e707395132f750fa958ebc0ea629b23b57bfe,16a65dcd609d48f79a9a271377628fdae5315a62,background,1.0
a20e707395132f750fa958ebc0ea629b23b57bfe,18f28aede2b58ec18ede727da633ced976217c52,background,1.0
a20e707395132f750fa958ebc0ea629b23b57bfe,1b0aa15937fdf59103a5213bccf09cff83d0ee3e,background,1.0
a20e707395132f750fa958ebc0ea629b23b57bfe,1f4067814cd1faa720fef1d6d77de1b603019235,background,1.0
a20e707395132f750fa958ebc0ea629b23b57bfe,30321b036607a7936221235ea8ec7cf7c1627100,background,1.0
a20e707395132f750fa958ebc0ea629b23b57bfe,31dbb56c5de47e3ad48bb2347e692adbc839866d,background,1.0
a20e707395132f750fa958ebc0ea629b23b57bfe,37b9478b792fb1e7ad5f2c322ed4445b93df6c9e,background,1.0
a20e707395132f750fa958ebc0ea629b23b57bfe,3896e71e3d2c5c28af34c62b56e985cef443132e,background,1.0
a20e707395132f750fa958ebc0ea629b23b57bfe,3a06c156f042bb4a9e5cf409fb5736d56c28b628,background,1.0
a20e707395132f750fa958ebc0ea629b23b57bfe,3dd7f7118ee174265889d00d100cfe2a02871be8,background,1.0
a20e707395132f750fa958ebc0ea629b23b57bfe,526d0ec95ce1a7252d3f5e6941fdd0da595cb19d,background,1.0
a20e707395132f750fa958ebc0ea629b23b57bfe,5bf6bc26d62afe26682d37028eea6d35c98ab133,background,1.0
a20e707395132f750fa958ebc0ea629b23b57bfe,6389569c7d8aa1cb134e6392ac006f3a0f38754a,background,1.0
a20e707395132f750fa958ebc0ea629b23b57bfe,65b4d0f4b0f37ef8ef6bad2ad4ca99198bdcc44a,background,1.0
a20e707395132f750fa958ebc0ea629b23b57bfe,73632234c17c79e5aba081fc9db223b9de2f88bf,background,1.0
a20e707395132f750fa958ebc0ea629b23b57bfe,7549a6e03afdd42ae94c19235db076319eeb34f8,background,1.0
a20e707395132f750fa958ebc0ea629b23b57bfe,75f4d5050c1498dd5efaf1206fe4e273b1c6e09b,background,1.0
a20e707395132f750fa958ebc0ea629b23b57bfe,7952ad516abd34007898875a1db6bb03693a6baa,background,1.0
a20e707395132f750fa958ebc0ea629b23b57bfe,7f13b3e6656f1de7e649603efedad21398426ee6,background,1.0
a20e707395132f750fa958ebc0ea629b23b57bfe,8035e5002b7b0898ca7fa8263d09fe4454c6e4fd,background,1.0
a20e707395132f750fa958ebc0ea629b23b57bfe,83416dea7fd1d3b91ec854d8c4b634926fea77e1,background,1.0
a20e707395132f750fa958ebc0ea629b23b57bfe,8d275de53679e5a9090537c0524192fa28773a80,background,1.0
a20e707395132f750fa958ebc0ea629b23b57bfe,957f5b1e7ca48891c2e279aefbfa0f04d989c21e,background,1.0
a20e707395132f750fa958ebc0ea629b23b57bfe,98128fd412ebfa90201a276f2c59020ccc696a75,background,1.0
a20e707395132f750fa958ebc0ea629b23b57bfe,aa48e43352949b1351eb4d926f1bf8d21c7c4458,background,1.0
a20e707395132f750fa958ebc0ea629b23b57bfe,aa6c2afadd660fe4efbac699f7854e8f6f240c38,background,1.0
a20e707395132f750fa958ebc0ea629b23b57bfe,b067177b1e17287185eb3b82ccc3d7c646b3ec40,background,1.0
a20e707395132f750fa958ebc0ea629b23b57bfe,b21e1bf2cd9c708abbed219915152340c9411ffb,background,1.0
a20e707395132f750fa958ebc0ea629b23b57bfe,bbb52447f2f38aad9613ba026f88b57637ffcbea,background,1.0
a20e707395132f750fa958ebc0ea629b23b57bfe,c08de1c411aec1129f530f609044d6fc1e2bb1f4,background,1.0
a20e707395132f750fa958ebc0ea629b23b57bfe,c6da788d0c208fc9e9b3d4a3cf197d1151cc7a39,background,1.0
a20e707395132f750fa958ebc0ea629b23b57bfe,cb85dda895e17b9f2968167a68be29d5303d29f5,background,1.0
a20e707395132f750fa958ebc0ea629b23b57bfe,cd343276aec1b22e0c273b1cf5986bb826d3e5a4,background,1.0
a20e707395132f750fa958ebc0ea629b23b57bfe,cde39ce861e4c7514ee07fd91b6b8aac50cbf01b,background,1.0
a20e707395132f750fa958ebc0ea629b23b57bfe,ce2a41d31657c32a4945d79d5902b1576fed3ad8,background,1.0
a20e707395132f750fa958ebc0ea629b23b57bfe,ce3285bf1853f00c00535325851df5c33a0fc5d6,background,1.0
a20e707395132f750fa958ebc0ea629b23b57bfe,d5c97ef1484a236e8f0c2decb5263e3845b67f2f,background,1.0
a20e707395132f750fa958ebc0ea629b23b57bfe,db6084fdb3baceddacdc726474722debe1ef7e65,background,1.0
a20e707395132f750fa958ebc0ea629b23b57bfe,e4b52a1a00e9db941326fc857b95245cbfb60bce,background,1.0
a20e707395132f750fa958ebc0ea629b23b57bfe,e89c37b7c2ff465db43c4b9f674867ec4b98aa8b,background,1.0
a20e707395132f750fa958ebc0ea629b23b57bfe,e9ffcc7445a76506b8483e7df5f406086a6a676e,background,1.0
a20e707395132f750fa958ebc0ea629b23b57bfe,ee755a4812f4561db4158e61626213481117634e,background,1.0
a20e707395132f750fa958ebc0ea629b23b57bfe,fa3012550f0bd5942062ecf8080f653a60eafe1e,background,1.0
a20e707395132f750fa958ebc0ea629b23b57bfe,ff3a9cd3f4e0ae976f089e7495addd89ff25938c,background,1.0
a2a514ed839dafdd0fb76d6c2615f25f35bf8087,93e6ba25e4c45c3f204a09b6a6b8b02bd3596091,background,1.0
a2e52a7e9c0862d2d841e5a788f1e975e736d7c5,02808823641975868e3212fd7ae859514fdbdf32,background,1.0
a2e52a7e9c0862d2d841e5a788f1e975e736d7c5,16a65dcd609d48f79a9a271377628fdae5315a62,background,1.0
a2e52a7e9c0862d2d841e5a788f1e975e736d7c5,7549a6e03afdd42ae94c19235db076319eeb34f8,background,1.0
a2e52a7e9c0862d2d841e5a788f1e975e736d7c5,b8e30590ac81875a7fc4f7cfd425bd5148a72f5c,background,1.0
a2f4a9392a412eed6f20f448513648a32ce43cca,4f873d5a3ab80402e206a361eeffd3b69f014db0,background,1.0
a39b5a163b0544ec382540839685d8ebfc64849b,0443c9a0fbb403d5e7d3593f5d286cb74ed0b490,background,1.0
a41245be49f9be605b20b97a7272c7f986d26b8b,033275ccc2c7c5c38592ae893da0b5923cf90717,background,1.0
a453cb3ceeb4b2753715d8c257db196ec8279e4f,6e87f544017f73670c44d9d0856340a289ff9e38,background,1.0
a47b83f50d74f5e711005b30ed5f4c96939aadc9,703d49a335799262e474ed8fe6044cd641a9e00a,background,1.0
a49cb5e83990ee1a0d18ee9f57fc7e29a1ebf3c2,86e9b0585c8b866665de18b2744d69aefff3e16d,background,1.0
a4b4539190340f49dbb48ef7b00a8a03cad96a69,703d49a335799262e474ed8fe6044cd641a9e00a,background,1.0
a4c3f4edb097e0cc7d17830d7fea17c18e78657e,514e4e91e0fbddaa85857760d4f206a18228d614,background,1.0
a4cfd0158e70cb69491df54b0ae2240bd86bd9b1,02808823641975868e3212fd7ae859514fdbdf32,background,1.0
a55a381fcbc9779675dddc549b3e3ea17ae89772,3c78b9d672e5bb2e065bcac54b52aa08b94b7321,background,1.0
a5b69f5db16692fd5363f9b7885cc8129a0d3d63,b8e30590ac81875a7fc4f7cfd425bd5148a72f5c,background,1.0
a5cd1c6a944cbc4c566a55455a847782e9c5db00,703d49a335799262e474ed8fe6044cd641a9e00a,background,1.0
a6309b2d5d8f87af5de30fc15b6b658ad7693d91,2be77516f6233a9d3ebbf93b439c3658d955d2e5,background,1.0
a65773a11fc50fa81c49bf2fb83da04c34fe7198,d154d986c3a402c207c6c0e22093f2e1a878fe71,background,1.0
a66032d4a1902cca2275412cf67d5d4e7fcacd99,c867c372ed78e27c53feaf788e74aa7506302bbe,background,1.0
a6b5116f64c35502cb0408802869184e6cb40146,c867c372ed78e27c53feaf788e74aa7506302bbe,background,1.0
a6e43cf13764ea14540dfa405fbfcac95edd0136,17a6213e30895fb7e5d0b368236ea8beeb94ee86,background,1.0
a6ed832f85d9624f35002638e9b51bbc3d07b829,7549a6e03afdd42ae94c19235db076319eeb34f8,background,1.0
a7506a65f2dec7d3d93d9e146082e31d16bbf057,2be77516f6233a9d3ebbf93b439c3658d955d2e5,background,1.0
a7c2458dac91b3fe572628708eb4db863119681c,85b681e08c9db87dc19a5d5d8664e0027a8e8ad9,background,1.0
a7d7a677b74f1de3514164096aeade69f6da0e6f,703d49a335799262e474ed8fe6044cd641a9e00a,background,1.0
a800e01366848276ac4e482a846e24e971384256,7549a6e03afdd42ae94c19235db076319eeb34f8,background,1.0
a87863d578d6bd9a178936af5da6aec74c263537,703d49a335799262e474ed8fe6044cd641a9e00a,background,1.0
a88d950b419ab2555e4d108ddcb5fc52d6955e2a,2d95c27d4ed8cfb8379164888cd79c6b239250b4,background,1.0
a8953662360ca2ad34b89ccd788f720d489adcdf,93e6ba25e4c45c3f204a09b6a6b8b02bd3596091,background,1.0
a8a0ce4de601d163a950063379624ea6efec023d,d852660e15e82ae150dcde105639ba2c7d90f01f,background,1.0
a8a9607d588b41b09aa87dc98828059c829e0165,16a65dcd609d48f79a9a271377628fdae5315a62,background,1.0
a8d29b5c2803855c16c8713f16498f76c54d442e,033275ccc2c7c5c38592ae893da0b5923cf90717,background,1.0
a8d29b5c2803855c16c8713f16498f76c54d442e,326cecd1e73da6790cc30fafc298489882e20c7f,background,1.0
a97a18b630032b42c1a1c19db64f3fbf09a1c30b,d154d986c3a402c207c6c0e22093f2e1a878fe71,background,1.0
a9c6bae3a395a4e7a81a5292ce48dd450705f80b,3c78b9d672e5bb2e065bcac54b52aa08b94b7321,background,1.0
aa049261d782a49a9a1ab161746ee90022d9350a,27d0ae215acfaa5914fc13cea20626c9470848c2,background,1.0
aa049261d782a49a9a1ab161746ee90022d9350a,3ca49899da83e160280c709288973e9caed30fa2,background,1.0
aa8d0ac412226b7ac0361e85552ec8738be3a812,b8e30590ac81875a7fc4f7cfd425bd5148a72f5c,background,1.0
aaaf71e2129359852e693f31acf85a300f5a4a5a,a20e707395132f750fa958ebc0ea629b23b57bfe,background,1.0
aade40af0d85b0b4fe15c97f6222d5c2e4d6d9b3,1cbbe1a129c0d1f53d8e16ca74238334372507dc,background,1.0
aade40af0d85b0b4fe15c97f6222d5c2e4d6d9b3,d852660e15e82ae150dcde105639ba2c7d90f01f,background,1.0
ab2732d224b8d9a3b6be5b794ebd95da166e99b7,c858ba9bce833896b49878a6793dbb382ed83c9e,background,1.0
ab86f5a743cbff4dbb004b76fc81ff10845327f4,0443c9a0fbb403d5e7d3593f5d286cb74ed0b490,background,1.0
aba049c2b48c6a9fcc713d2537f062429a63c258,6e87f544017f73670c44d9d0856340a289ff9e38,background,1.0
ac0511662ec8b3245fcd99e1b30fb511115804bb,f295128bb1846e441a5195d5bbf4902f49186e30,background,1.0
ac16fbab1ba740135d1cf9fd2b4bc4ccd931767e,6ea38aacc779506909d425aa19114b92bb1854f8,background,1.0
ac40defff677b9970d33eb607809b4f8255afbe5,59078a26c42e8609244f1c3e01f05af74a3773bf,background,1.0
ac441cb1810dce8e41d9cd554366b72aa182bf41,659d8b24e53e8adfbcb1f16b26ada2cb8afa2c85,background,1.0
ac441cb1810dce8e41d9cd554366b72aa182bf41,93e6ba25e4c45c3f204a09b6a6b8b02bd3596091,background,1.0
ac7985915f7d40d9e685d57e93d86ac708a98b67,d154d986c3a402c207c6c0e22093f2e1a878fe71,background,1.0
acbd44a8b34ed738d8338348904b61eefda3427c,59078a26c42e8609244f1c3e01f05af74a3773bf,background,1.0
ad2aa8e0a7db1e04568afbd0d7f37a1d3484dbaf,d852660e15e82ae150dcde105639ba2c7d90f01f,background,1.0
ad7bc79eb607fdd56f78a621ba03e1ff70d4a43c,bcca5c7e9180c4890936343d79e812cb16cbefb6,background,1.0
ada7405e20ac861d632055bcb871ee4d57afc710,4340043a5a43f1863e080e3fc717f863ad21b51d,background,1.0
ada7405e20ac861d632055bcb871ee4d57afc710,93e6ba25e4c45c3f204a09b6a6b8b02bd3596091,background,1.0
adaeb3180353f2b0cb458c47ed9e9c60c51fa478,1a85628dd645ea86b7c146613651fdb30bb32c1d,background,1.0
add0b9b62187445b0fc425ce173c985bfc63367f,16a65dcd609d48f79a9a271377628fdae5315a62,background,1.0
af05f2553a9d0484a28c722811eb4993068bb5ed,5abf79226a8ffa2dcf33ca98bfc36c8bb01cc4fc,background,1.0
af05f2553a9d0484a28c722811eb4993068bb5ed,d427db1ba2cc92b36d16a5e5114f1027c90fff68,background,1.0
af6e4e97a19ae908325d7083e933d59ddca085bf,85b681e08c9db87dc19a5d5d8664e0027a8e8ad9,background,1.0
af79311e051606bdd77d28b62578363a8dd2b169,6ea38aacc779506909d425aa19114b92bb1854f8,background,1.0
afbafda453e9542c994a69fdc6af0d63ff661629,033275ccc2c7c5c38592ae893da0b5923cf90717,background,1.0
afbc36c6296aeb39314c306065e3e4fa50ee6439,1d0d84a1f4e8de75151d88bd152816f18109d032,background,1.0
afdc2ff3e027640987695371e0c6ed7125473bcc,c867c372ed78e27c53feaf788e74aa7506302bbe,background,1.0
b0068061e6d4a208bb40ece3cb79a171f04f7332,27d0ae215acfaa5914fc13cea20626c9470848c2,background,1.0
b0068061e6d4a208bb40ece3cb79a171f04f7332,3ca49899da83e160280c709288973e9caed30fa2,background,1.0
b00ce2bdf38728329ff995a56f39f99e55a2254c,6ea38aacc779506909d425aa19114b92bb1854f8,background,1.0
b00e202b7f0fcca23142b4014f78fe0b4b19f2a9,4f873d5a3ab80402e206a361eeffd3b69f014db0,background,1.0
b0145d012f306b4f2e45d7fdb0e9d93be9d2b541,a20e707395132f750fa958ebc0ea629b23b57bfe,background,1.0
b031a13e9bbbfd98f819cc4289764f3258e9c016,85b681e08c9db87dc19a5d5d8664e0027a8e8ad9,background,1.0
b060c055be84466db8ac542b2f05338c9f6af4b7,c867c372ed78e27c53feaf788e74aa7506302bbe,background,1.0
b066fdc224ad2b1b09ced728d8d62f5e6893fcbb,17a6213e30895fb7e5d0b368236ea8beeb94ee86,background,1.0
b09139c153bac8893e8faea2b3a59159234caadc,c858ba9bce833896b49878a6793dbb382ed83c9e,background,1.0
b09830fe95f29e52ef2200a6c2f54dafd9b783cc,17a6213e30895fb7e5d0b368236ea8beeb94ee86,background,1.0
b0d4d2a0e515b7e807fee8b8a87489af2eb9b404,b8e30590ac81875a7fc4f7cfd425bd5148a72f5c,background,1.0
b0d4d2a0e515b7e807fee8b8a87489af2eb9b404,c858ba9bce833896b49878a6793dbb382ed83c9e,background,1.0
b0e544cb1c891e669ac859636cd3db7bd513b3c0,bcca5c7e9180c4890936343d79e812cb16cbefb6,background,1.0
b1026bdf97e94a7489afd61a047060ddd8fb1a16,bcca5c7e9180c4890936343d79e812cb16cbefb6,background,1.0
b17634914a474e6ad94524ee499b483ab6132564,86e9b0585c8b866665de18b2744d69aefff3e16d,background,1.0
b19f36cdd464e237cf21728c470ba55872e5ead2,2d95c27d4ed8cfb8379164888cd79c6b239250b4,background,1.0
b1cf68a8d26c1a5b4d1100258be4d9710eaf5038,d852660e15e82ae150dcde105639ba2c7d90f01f,background,1.0
b1e1d6b7e2b31c65ca68a13036d6549e0f0c16d0,b8e30590ac81875a7fc4f7cfd425bd5148a72f5c,background,1.0
b20d68db2d580e1e901b6c58ae2bfc60047c3d86,02808823641975868e3212fd7ae859514fdbdf32,background,1.0
b20d68db2d580e1e901b6c58ae2bfc60047c3d86,d427db1ba2cc92b36d16a5e5114f1027c90fff68,background,1.0
b20e3996cc21348faff3231de3a0aeb6ce2deb49,86e9b0585c8b866665de18b2744d69aefff3e16d,background,1.0
b20e3996cc21348faff3231de3a0aeb6ce2deb49,b8e30590ac81875a7fc4f7cfd425bd5148a72f5c,background,1.0
b238aeccbdc3c44f9bbbda0fef16c7f2d09bda8a,514e4e91e0fbddaa85857760d4f206a18228d614,background,1.0
b250483ff4cc31c392757dbe966c14b8fd1ab231,689c7a86d973895a14feb984b8faa3d5581038ef,background,1.0
b274bc52b9a97b0c7c0a7ac281de093603048f0e,3ca49899da83e160280c709288973e9caed30fa2,background,1.0
b274bc52b9a97b0c7c0a7ac281de093603048f0e,bcca5c7e9180c4890936343d79e812cb16cbefb6,background,1.0
b2df0e81b1d99f4cd5a0f7fc621e433e3a838ca8,93e6ba25e4c45c3f204a09b6a6b8b02bd3596091,background,1.0
b2fbeb1bc45b29d89eabc284e0f287eaab7abab2,2be77516f6233a9d3ebbf93b439c3658d955d2e5,background,1.0
b3181df4b3dbcd17ad19c87a25f24062832c38ec,44ec06d911eed44ee99be61bd9ce964a824a2ed7,background,1.0
b36bbd30dbe9a2b8337bd63867b704cbdeeb9238,6ea38aacc779506909d425aa19114b92bb1854f8,background,1.0
b3affcdbc6510b39ac32d87a7e69d078f6dc83e9,86e9b0585c8b866665de18b2744d69aefff3e16d,background,1.0
b3cf091c989fa494a2360738157016358c5b7afe,514e4e91e0fbddaa85857760d4f206a18228d614,background,1.0
b44d621091bd665afacbaa363a15a19437299708,bcca5c7e9180c4890936343d79e812cb16cbefb6,background,1.0
b455431b2c462cddeba58a3f9430f6eb3a5da027,c867c372ed78e27c53feaf788e74aa7506302bbe,background,1.0
b49f4aba6e4c5d19d07c1d667f79bb8c8a4dda79,86e9b0585c8b866665de18b2744d69aefff3e16d,background,1.0
b4ccdfb80d7d93c2c3a9d34e6de69cbf7216a8d1,689c7a86d973895a14feb984b8faa3d5581038ef,background,1.0
b4ccdfb80d7d93c2c3a9d34e6de69cbf7216a8d1,86e9b0585c8b866665de18b2744d69aefff3e16d,background,1.0
b4ccdfb80d7d93c2c3a9d34e6de69cbf7216a8d1,d852660e15e82ae150dcde105639ba2c7d90f01f,background,1.0
b531e779cedc0789bd5144a8860da35b5de85d77,6ea38aacc779506909d425aa19114b92bb1854f8,background,1.0
b542fc8ad3397556bd04d83940d5836ad3e26102,d154d986c3a402c207c6c0e22093f2e1a878fe71,background,1.0
b5631e9fc296fdbc8a3aa635d776920b0fe67645,44ec06d911eed44ee99be61bd9ce964a824a2ed7,background,1.0
b5aea8c6ebaab339b4e190decab80ab607815e8b,44ec06d911eed44ee99be61bd9ce964a824a2ed7,background,1.0
b66b52654eb3ff82ddf095f07130666974f1afd8,1d0d84a1f4e8de75151d88bd152816f18109d032,background,1.0
b6900a13c1de28fdc276806c45807148b0ddfe71,16a65dcd609d48f79a9a271377628fdae5315a62,background,1.0
b6aad7632d5ec5e2b2806f0897b8ff0145521912,02808823641975868e3212fd7ae859514fdbdf32,background,1.0
b6f8295e473bc4e621a61dddc3a1c4d34aa0c562,6e87f544017f73670c44d9d0856340a289ff9e38,background,1.0
b74401096a033521385050753947ce2a48efdcd2,3ca49899da83e160280c709288973e9caed30fa2,background,1.0
b7feedac45f60757eadcdcec9dd5d8d701c7f2c2,689c7a86d973895a14feb984b8faa3d5581038ef,background,1.0
b817acdb6b912d4f2d6095640f74a7241b1bebd9,a20e707395132f750fa958ebc0ea629b23b57bfe,background,1.0
b83c4f20ad50beb9326dd16e0894325857834684,93e6ba25e4c45c3f204a09b6a6b8b02bd3596091,background,1.0
b8421466e126b77c8eeb77791f4f06fd842493a8,e8505f6175585713aa7b785285b3abc4113b57ef,background,1.0
b874b218c08532c9d4965e266a0f24921f5595b6,85b681e08c9db87dc19a5d5d8664e0027a8e8ad9,background,1.0
b8e30590ac81875a7fc4f7cfd425bd5148a72f5c,15e3d493cffef853e478d188245a2b6eff4bd6c6,background,1.0
b8e30590ac81875a7fc4f7cfd425bd5148a72f5c,1c3ae8d6928872f5adcdb73b0d1fb2838899b563,background,1.0
b8e30590ac81875a7fc4f7cfd425bd5148a72f5c,37e634588f112478e145fa522a4afb2a40a2d250,background,1.0
b8e30590ac81875a7fc4f7cfd425bd5148a72f5c,3d2218b17e7898a222e5fc2079a3f1531990708f,background,1.0
b8e30590ac81875a7fc4f7cfd425bd5148a72f5c,4015eafeea8ec3a900984230ebb39688d417de2d,background,1.0
b8e30590ac81875a7fc4f7cfd425bd5148a72f5c,43b2bcd702c7a2228814f59e393ab6c730c3ca29,background,1.0
b8e30590ac81875a7fc4f7cfd425bd5148a72f5c,6155e34dd26210a02f36378ec156efc2e362aaaf,background,1.0
b8e30590ac81875a7fc4f7cfd425bd5148a72f5c,6d65722122ef01784cf681cffff7b8e70a033f5b,background,1.0
b8e30590ac81875a7fc4f7cfd425bd5148a72f5c,6fbeb731108f983aa5899e5bd0ee190c7943bffb,background,1.0
b8e30590ac81875a7fc4f7cfd425bd5148a72f5c,712c1a21b77ae3019cb3ee91f349808c25de9390,background,1.0
b8e30590ac81875a7fc4f7cfd425bd5148a72f5c,7c70459d56214a7a3202732670f5ce726508eff6,background,1.0
b8e30590ac81875a7fc4f7cfd425bd5148a72f5c,8434d69ace5d5484cbce4e590bc62d17b467d4dd,background,1.0
b8e30590ac81875a7fc4f7cfd425bd5148a72f5c,bcad76ae5cea05bad85fd6b2b08aa30a801d9a3b,background,1.0
b8e30590ac81875a7fc4f7cfd425bd5148a72f5c,ce2a41d31657c32a4945d79d5902b1576fed3ad8,background,1.0
b8e30590ac81875a7fc4f7cfd425bd5148a72f5c,d852660e15e82ae150dcde105639ba2c7d90f01f,background,1.0
b8e30590ac81875a7fc4f7cfd425bd5148a72f5c,f3318491a55590e00dfe45d68708f515822e343a,background,1.0
b934978aea2105143d7b8f4a6e16f39c61c1d934,f295128bb1846e441a5195d5bbf4902f49186e30,background,1.0
b95f3d596b30e307c11c6eb4ee12c95fe79c37f1,0443c9a0fbb403d5e7d3593f5d286cb74ed0b490,background,1.0
b97f6a51c1a252c217d3c6e8079bd7c474dda71e,3ca49899da83e160280c709288973e9caed30fa2,background,1.0
b98fcd18d9b7cb2c911f6eefaa82458a5c6e1d7f,459cf4e6476d5e19f1bc422c162bcded54ca7f95,background,1.0
b99d9aae1acda6bdc061881a6946f4ecf84081d7,17a6213e30895fb7e5d0b368236ea8beeb94ee86,background,1.0
ba10cea78bc6fc58ecc637e3fa38b861d57bcbc7,514e4e91e0fbddaa85857760d4f206a18228d614,background,1.0
ba26a8e927ff30e38b809f8d630beb213ebc20c2,6ea38aacc779506909d425aa19114b92bb1854f8,background,1.0
ba26a8e927ff30e38b809f8d630beb213ebc20c2,c858ba9bce833896b49878a6793dbb382ed83c9e,background,1.0
ba4cbe60dae7a8f6c2366a968b477598c01211ec,087c755ff8689e4c5d846f952e9b2ed17dfe99f9,background,1.0
ba61c59abb560ff47a8dd780c8ccffb0af5e14c2,033275ccc2c7c5c38592ae893da0b5923cf90717,background,1.0
bab1dcc599c5fbae43467fbdacfb7c08e98040df,514e4e91e0fbddaa85857760d4f206a18228d614,background,1.0
bac67a40a3fb393c126f46f0f797035157407799,689c7a86d973895a14feb984b8faa3d5581038ef,background,1.0
baf7ae4e31a919317c20d7feef68b0286b918aba,5abf79226a8ffa2dcf33ca98bfc36c8bb01cc4fc,background,1.0
bb3b374340296fbb7a5146b00da5560db2c66867,02808823641975868e3212fd7ae859514fdbdf32,background,1.0
bb3b374340296fbb7a5146b00da5560db2c66867,d154d986c3a402c207c6c0e22093f2e1a878fe71,background,1.0
bb7065969c12acb44dc338eccdc829b81091cef5,5abf79226a8ffa2dcf33ca98bfc36c8bb01cc4fc,background,1.0
bb7c3ef288ad6f38bb31372dbfd8bb8063a2fae8,16a65dcd609d48f79a9a271377628fdae5315a62,background,1.0
bb80043b795dec1736be4329a5588ce5a5b093fd,17a6213e30895fb7e5d0b368236ea8beeb94ee86,background,1.0
bb9bf449be0c6dd3ed380801d0f4113c98c7316e,6e87f544017f73670c44d9d0856340a289ff9e38,background,1.0
bbcedeb10be1aa9d909fa001a19c74171661e8b2,1a85628dd645ea86b7c146613651fdb30bb32c1d,background,1.0
bbe580e80bfb70cf6423fe4a2d451706070ad4a0,459cf4e6476d5e19f1bc422c162bcded54ca7f95,background,1.0
bbfcddc1ad6b5b17e52454d9fda049e2ef23b57a,d427db1ba2cc92b36d16a5e5114f1027c90fff68,background,1.0
bbfe3fa4935e30adca1f2d21ebc37cd1d1f21719,033275ccc2c7c5c38592ae893da0b5923cf90717,background,1.0
bc21e8da9baf182f8862fefc367a12fd055fe001,1f4bee77bb69b92dd16ce0c3ad0f477f4ecf1d30,background,1.0
bc21e8da9baf182f8862fefc367a12fd055fe001,b8e30590ac81875a7fc4f7cfd425bd5148a72f5c,background,1.0
bc3dc15f2e27ce9e3050b0e8ac442464fa59b220,02808823641975868e3212fd7ae859514fdbdf32,background,1.0
bc4d58b1f53368327830aeba343eb62fc106cb30,087c755ff8689e4c5d846f952e9b2ed17dfe99f9,background,1.0
bc99b4a9556233633baf1fc2934d5a7aaa7cbd21,c867c372ed78e27c53feaf788e74aa7506302bbe,background,1.0
bcca5c7e9180c4890936343d79e812cb16cbefb6,5b5b6b80badccd291e3437460222e24326c65979,background,1.0
bcca5c7e9180c4890936343d79e812cb16cbefb6,c867c372ed78e27c53feaf788e74aa7506302bbe,background,1.0
bcca5c7e9180c4890936343d79e812cb16cbefb6,e5d5876530635a7ba2fc0ce7796ca76f6a376019,background,1.0
bce5c5bd2fae0d89b2a921c02a435ec05b2b79b4,d427db1ba2cc92b36d16a5e5114f1027c90fff68,background,1.0
bcf976e3a9655b5d6f21a06ffec1eb7b2bfac4d8,bcca5c7e9180c4890936343d79e812cb16cbefb6,background,1.0
bd18f860a501ef9913c82601fec75a76716fbc79,7549a6e03afdd42ae94c19235db076319eeb34f8,background,1.0
bd4c7a30160514194200b6894570ff3ca39918e9,703d49a335799262e474ed8fe6044cd641a9e00a,background,1.0
bd8a21437a217f0c0bed6d852138edd425005d8c,c867c372ed78e27c53feaf788e74aa7506302bbe,background,1.0
bda1f4adb28e385177362c227ab9d2a084d23052,bcca5c7e9180c4890936343d79e812cb16cbefb6,background,1.0
bde864be5b5e18cac605421fa52438d26aec8ede,d852660e15e82ae150dcde105639ba2c7d90f01f,background,1.0
be67ca7c2d5f706cbd8e7379369e310b2d255ae4,f295128bb1846e441a5195d5bbf4902f49186e30,background,1.0
be844a7b0883929fa10da456d3bedcb223e97a11,6e08bd9b6ecb3e3978de66c5f8bd8636367413bc,background,1.0
be9316befbaa39c28cbf036ced1fc30f05678000,16a65dcd609d48f79a9a271377628fdae5315a62,background,1.0
bea3bc89a8700324f231097e4c798044ff7efee6,459cf4e6476d5e19f1bc422c162bcded54ca7f95,background,1.0
bf73f635d7d0c2db90beb70ffd02526740988334,d427db1ba2cc92b36d16a5e5114f1027c90fff68,background,1.0
bf7d67a71f026851d048b7c528a689a2b96db8d0,86e9b0585c8b866665de18b2744d69aefff3e16d,background,1.0
c012bef9451c1401191a040dc8480e0328bd5fc0,659d8b24e53e8adfbcb1f16b26ada2cb8afa2c85,background,1.0
c03aafc6b9178c1403b8ecf178d7bee4f6839fa6,2d95c27d4ed8cfb8379164888cd79c6b239250b4,background,1.0
c03aafc6b9178c1403b8ecf178d7bee4f6839fa6,44ec06d911eed44ee99be61bd9ce964a824a2ed7,background,1.0
c03aafc6b9178c1403b8ecf178d7bee4f6839fa6,6ea38aacc779506909d425aa19114b92bb1854f8,background,1.0
c08de1c411aec1129f530f609044d6fc1e2bb1f4,c858ba9bce833896b49878a6793dbb382ed83c9e,background,1.0
c0e2a3e64ff1d26fe5b365e2c55367f2705fa0a4,3c78b9d672e5bb2e065bcac54b52aa08b94b7321,background,1.0
c0fc322d363c073fed86b4be96d0efd3781f4d46,2be77516f6233a9d3ebbf93b439c3658d955d2e5,background,1.0
c1009bbd5fb97ff8b0c23c57354499ffb7f35091,bcca5c7e9180c4890936343d79e812cb16cbefb6,background,1.0
c1ddf2ccb97083624c34fb248c265b950b4bbb95,d852660e15e82ae150dcde105639ba2c7d90f01f,background,1.0
c1f1c3f223fdb1585c0694cda9dd288502c4d8a8,1d0d84a1f4e8de75151d88bd152816f18109d032,background,1.0
c220336b4440486803054cf1e5a3d583c7e8d23e,459cf4e6476d5e19f1bc422c162bcded54ca7f95,background,1.0
c23e9f4ceebaebe034468eb923e7f51c852879de,44ec06d911eed44ee99be61bd9ce964a824a2ed7,background,1.0
c2528e88d5554e9df9f9d482ad46cb5331c4d794,7549a6e03afdd42ae94c19235db076319eeb34f8,background,1.0
c253896381b6763981e83dc67a726b6e5e1b6d8f,17a6213e30895fb7e5d0b368236ea8beeb94ee86,background,1.0
c275d1399fba6b4f4298f056e835e5e1376b8087,85b681e08c9db87dc19a5d5d8664e0027a8e8ad9,background,1.0
c2c0e0e848ac26c07c3360be2f2f522245872d65,033275ccc2c7c5c38592ae893da0b5923cf90717,background,1.0
c2f156d9d4d30a082ea6bcc4082dcec33d9f571d,13bd0e08713f0b340396634892d2c9e3c5bee548,background,1.0
c2f156d9d4d30a082ea6bcc4082dcec33d9f571d,c867c372ed78e27c53feaf788e74aa7506302bbe,background,1.0
c322c3dbe5bf2385ef5fa5795876686f168b54d5,0443c9a0fbb403d5e7d3593f5d286cb74ed0b490,background,1.0
c378bbcc7d339809642ff7c2b202ea034c60cc11,d852660e15e82ae150dcde105639ba2c7d90f01f,background,1.0
c3924ffc892f2eb16f30f7bb57fa4f62ea24766c,bcca5c7e9180c4890936343d79e812cb16cbefb6,background,1.0
c39b25137f33d7849925ff60d63b6c6ed9518f00,6ea38aacc779506909d425aa19114b92bb1854f8,background,1.0
c3e145773ae5ef9ffa3107f21d0e5f5636f8734a,44ec06d911eed44ee99be61bd9ce964a824a2ed7,background,1.0
c48ad20db06003f82d9e46a5c2a03327516cd948,16a65dcd609d48f79a9a271377628fdae5315a62,background,1.0
c4d2c244621c7844197850f18657f884fbfc7f9c,85b681e08c9db87dc19a5d5d8664e0027a8e8ad9,background,1.0
c52d1647fb5d78f1ff486f80dc740a7bf6404ec6,17a6213e30895fb7e5d0b368236ea8beeb94ee86,background,1.0
c62fb7fb4bb512c8b78adb83aad9eedec02defe8,0443c9a0fbb403d5e7d3593f5d286cb74ed0b490,background,1.0
c6d26887d25e61c179c15cd86f417f007a6fa729,2d95c27d4ed8cfb8379164888cd79c6b239250b4,background,1.0
c6d26887d25e61c179c15cd86f417f007a6fa729,d154d986c3a402c207c6c0e22093f2e1a878fe71,background,1.0
c6d26887d25e61c179c15cd86f417f007a6fa729,f3e765ca2b8c4191759b141d2e5c42215ed9090d,background,1.0
c7345632ebe6ce9f7e2f14206d985b80bcc937db,bcca5c7e9180c4890936343d79e812cb16cbefb6,background,1.0
c7345632ebe6ce9f7e2f14206d985b80bcc937db,c867c372ed78e27c53feaf788e74aa7506302bbe,background,1.0
c74d138a2dcfbc362616129a64c51a10f0d79568,16a65dcd609d48f79a9a271377628fdae5315a62,background,1.0
c7750917989bb583b9b6af4103808e62b6f2da0a,16a65dcd609d48f79a9a271377628fdae5315a62,background,1.0
c7750917989bb583b9b6af4103808e62b6f2da0a,6e4e15ab0d55232b93e76ddecb6c969a0d18f853,background,1.0
c7e06504d95de61ce0ae8e1fe15e7f52e843409d,17a6213e30895fb7e5d0b368236ea8beeb94ee86,background,1.0
c7f13bed5e5319a82f51a59672893183de57c192,1d0d84a1f4e8de75151d88bd152816f18109d032,background,1.0
c80d7bfd847c9e30cf7e6e780d100d595a47f895,0443c9a0fbb403d5e7d3593f5d286cb74ed0b490,background,1.0
c856ecdaeff06fe65eb3455496b04afb1f92cfb1,5abf79226a8ffa2dcf33ca98bfc36c8bb01cc4fc,background,1.0
c85b9e9558a26469d3f074fb8935a84bd6e54a1b,86e9b0585c8b866665de18b2744d69aefff3e16d,background,1.0
c867c372ed78e27c53feaf788e74aa7506302bbe,03c7ec9dbac0c1c46f52b81359112d91f49bbccc,background,1.0
c867c372ed78e27c53feaf788e74aa7506302bbe,1371cf364fddbf01f3e404fca203cad5e49cec9a,background,1.0
c867c372ed78e27c53feaf788e74aa7506302bbe,599e822a21f802717bd04935033ac0a568f3594c,background,1.0
c867c372ed78e27c53feaf788e74aa7506302bbe,6037f23fa51526cce5b2fd3ea05a401015a90b9e,background,1.0
c867c372ed78e27c53feaf788e74aa7506302bbe,9aa1ded787139bfb6d355942b9816fa6982c9e92,background,1.0
c867c372ed78e27c53feaf788e74aa7506302bbe,c3ef2a0b9be9775cb8eb6ef2e889a095106dd3ab,background,1.0
c867c372ed78e27c53feaf788e74aa7506302bbe,cd88f01f1bb911ee0c296a546f819030302cf7b2,background,1.0
c867c372ed78e27c53feaf788e74aa7506302bbe,e5d5876530635a7ba2fc0ce7796ca76f6a376019,background,1.0
c87bcbb8197ba1536075e46f5d21583f67509ac0,c867c372ed78e27c53feaf788e74aa7506302bbe,background,1.0
c8977e2a3ed4643a84705c6bf98b46d147c4ef52,7549a6e03afdd42ae94c19235db076319eeb34f8,background,1.0
c8c872592b1a4df71be5896601fb947beea62b07,703d49a335799262e474ed8fe6044cd641a9e00a,background,1.0
c8f83d6ff66f55ae62a867443c941a1d71879b03,85b681e08c9db87dc19a5d5d8664e0027a8e8ad9,background,1.0
c975161b5032ef3f1b781529207e2cfe56e3a7bd,459cf4e6476d5e19f1bc422c162bcded54ca7f95,background,1.0
c98b45c24389949ab0f95df49475fb7bb6167e2d,087c755ff8689e4c5d846f952e9b2ed17dfe99f9,background,1.0
c99ec368f8e4156daf2ee474e4eed1156113067a,c867c372ed78e27c53feaf788e74aa7506302bbe,background,1.0
c9c3e33b76544779eee6e881b5dcef8eded1a391,86e9b0585c8b866665de18b2744d69aefff3e16d,background,1.0
c9cb981878bab779750f74a987366208fb405f47,459cf4e6476d5e19f1bc422c162bcded54ca7f95,background,1.0
c9d829fd9e58bd641ec266ff1b1f56c168a133be,d427db1ba2cc92b36d16a5e5114f1027c90fff68,background,1.0
ca4a3783a487ebc2ad88e24143b9c3378acbd250,d852660e15e82ae150dcde105639ba2c7d90f01f,background,1.0
ca5593161b70ffbaa726c1d0d82c86b6ec497b49,6e4e15ab0d55232b93e76ddecb6c969a0d18f853,background,1.0
ca6dfc91d4cca2f4677a68d8301c1928bb08519e,087c755ff8689e4c5d846f952e9b2ed17dfe99f9,background,1.0
ca72e28fae250f125b2e85219aea1a6c7b3767ca,0443c9a0fbb403d5e7d3593f5d286cb74ed0b490,background,1.0
ca72e28fae250f125b2e85219aea1a6c7b3767ca,1d0d84a1f4e8de75151d88bd152816f18109d032,background,1.0
caf9e25c8489192437c08bb5408dce4d51035dfb,514e4e91e0fbddaa85857760d4f206a18228d614,background,1.0
cb253671a0ea5327027aecf29bcff7b506573915,7549a6e03afdd42ae94c19235db076319eeb34f8,background,1.0
cba24ef9e8f69b34150fdcfd88207d7dc299b06b,d427db1ba2cc92b36d16a5e5114f1027c90fff68,background,1.0
cbde3721b13f427dcc8c907cec985b22d915b8d8,1d0d84a1f4e8de75151d88bd152816f18109d032,background,1.0
cc1a1168fe23d4d9eb540f5c8f0b12a2b8c5c34d,a20e707395132f750fa958ebc0ea629b23b57bfe,background,1.0
cc3b4a60c61eb01dd016772b49c52dfcc4a0d20c,514e4e91e0fbddaa85857760d4f206a18228d614,background,1.0
cc669ef6ed8621c7bb8dbc32fca61c6410af04d8,d852660e15e82ae150dcde105639ba2c7d90f01f,background,1.0
cc9f2390f52965c80fe56f10a1497bc558295bff,86e9b0585c8b866665de18b2744d69aefff3e16d,background,1.0
ccba97a805651d1134c85bc865eb5f00c1e1be46,0443c9a0fbb403d5e7d3593f5d286cb74ed0b490,background,1.0
ccc921bea937b33a6c11856b5838be27119eecf4,86e9b0585c8b866665de18b2744d69aefff3e16d,background,1.0
cd18bbe906b054c3fbebf6aebec6b023e426a562,6ea38aacc779506909d425aa19114b92bb1854f8,background,1.0
cd1e3b5ae0cb502b36b5337a267da5b1c143d88c,27d0ae215acfaa5914fc13cea20626c9470848c2,background,1.0
cd270969088b45ad89ed2895745ac4238489a2d8,2d95c27d4ed8cfb8379164888cd79c6b239250b4,background,1.0
cd270969088b45ad89ed2895745ac4238489a2d8,bcca5c7e9180c4890936343d79e812cb16cbefb6,background,1.0
cd2d8794a3548eb2b37a4ccb4f41e74ecac2dc7b,02808823641975868e3212fd7ae859514fdbdf32,background,1.0
cd2d8794a3548eb2b37a4ccb4f41e74ecac2dc7b,13bd0e08713f0b340396634892d2c9e3c5bee548,background,1.0
cd2d8794a3548eb2b37a4ccb4f41e74ecac2dc7b,bcca5c7e9180c4890936343d79e812cb16cbefb6,background,1.0
cd2d8794a3548eb2b37a4ccb4f41e74ecac2dc7b,f3e765ca2b8c4191759b141d2e5c42215ed9090d,background,1.0
cd4af2a6fdfc85b9fb514989a41551186cf303dc,17a6213e30895fb7e5d0b368236ea8beeb94ee86,background,1.0
cd4b2913df40fc717cb97f94e4d427911f6a2312,a20e707395132f750fa958ebc0ea629b23b57bfe,background,1.0
cd63455be2671968842016fecfbfbb5371331ddc,689c7a86d973895a14feb984b8faa3d5581038ef,background,1.0
cd64629df79e4138f61f7649c555215db716dd57,7549a6e03afdd42ae94c19235db076319eeb34f8,background,1.0
cd64629df79e4138f61f7649c555215db716dd57,93e6ba25e4c45c3f204a09b6a6b8b02bd3596091,background,1.0
cd9d82d685bf49516cc3a0ef7104de06908a5a89,2d95c27d4ed8cfb8379164888cd79c6b239250b4,background,1.0
cdd59bec22bebf959d326bcfdd8bc8b3c4e729fc,2d95c27d4ed8cfb8379164888cd79c6b239250b4,background,1.0
cdfc4f13008ae450d977f603dd76f96b62a48b85,59078a26c42e8609244f1c3e01f05af74a3773bf,background,1.0
ce1915758277f3e29d404a5444748e9194c7c3f5,6e87f544017f73670c44d9d0856340a289ff9e38,background,1.0
ce2a41d31657c32a4945d79d5902b1576fed3ad8,6ea38aacc779506909d425aa19114b92bb1854f8,background,1.0
cf084450b2a8bbc88bf0e1c316ccdf95efe5bb62,7549a6e03afdd42ae94c19235db076319eeb34f8,background,1.0
cf19e0b0d77981b4d9237e6812357d43e00fce8a,17a6213e30895fb7e5d0b368236ea8beeb94ee86,background,1.0
cf233efccb2dcbaf2cbfa7da43b6e22dd8b3305a,c858ba9bce833896b49878a6793dbb382ed83c9e,background,1.0
cf5a5f6ed8555611a945ca69aaca1c3bc1998cf6,5abf79226a8ffa2dcf33ca98bfc36c8bb01cc4fc,background,1.0
cfabfe7d40e5a4dc866d31c672e8290018fb8517,39af4070dca3221d275898c55884167bc03fe73d,background,1.0
cfaf3bab6dc708e28de2b03366376008144261d5,4f873d5a3ab80402e206a361eeffd3b69f014db0,background,1.0
d024f568be14b53ce1c344a59fbe938d072a2904,16a65dcd609d48f79a9a271377628fdae5315a62,background,1.0
d0598ab845cb3cdd06b124b1ae9ff47df067879e,3c78b9d672e5bb2e065bcac54b52aa08b94b7321,background,1.0
d06548e6fd86aa7b20283fc42c34b9a76796ca5d,f3e765ca2b8c4191759b141d2e5c42215ed9090d,background,1.0
d0a38b28c2ce23c911c79416998027a9d74c5907,85b681e08c9db87dc19a5d5d8664e0027a8e8ad9,background,1.0
d0a3a19ee55c656eac60ff033edf6a227ca934bb,c867c372ed78e27c53feaf788e74aa7506302bbe,background,1.0
d10b1e8687991abfdec15bf26179f0e7d8c7888b,c858ba9bce833896b49878a6793dbb382ed83c9e,background,1.0
d11888424e30e3e1abaa0b1add4f6912f8818229,59078a26c42e8609244f1c3e01f05af74a3773bf,background,1.0
d11888424e30e3e1abaa0b1add4f6912f8818229,93e6ba25e4c45c3f204a09b6a6b8b02bd3596091,background,1.0
d13360904834cd096d3e1ccd306a018c9120ff89,2d95c27d4ed8cfb8379164888cd79c6b239250b4,background,1.0
d159a45635f3b336787d4be20721b3775d20bf9a,459cf4e6476d5e19f1bc422c162bcded54ca7f95,background,1.0
d159a45635f3b336787d4be20721b3775d20bf9a,a20e707395132f750fa958ebc0ea629b23b57bfe,background,1.0
d1f24fbecc5f69b341597d17929afb738444a1be,59078a26c42e8609244f1c3e01f05af74a3773bf,background,1.0
d218a0995e2b6b1b3143d32356ee9525083bb76b,bcca5c7e9180c4890936343d79e812cb16cbefb6,background,1.0
d2685ecfb612493b44b6eaecb5533e8da7b4b7c3,a20e707395132f750fa958ebc0ea629b23b57bfe,background,1.0
d2814602615bd8292ab687af7c08cc120cc9a0ff,85b681e08c9db87dc19a5d5d8664e0027a8e8ad9,background,1.0
d282f8c19451c6948cb298abf8d4c34de0719646,17a6213e30895fb7e5d0b368236ea8beeb94ee86,background,1.0
d2940f9330a2b82447e15c42ae68851efa367592,93e6ba25e4c45c3f204a09b6a6b8b02bd3596091,background,1.0
d2d469c333277aa14f6163fb149b657ccd810397,bcca5c7e9180c4890936343d79e812cb16cbefb6,background,1.0
d30ffce21770eb2c31bc4be3478f7bb0a34c48ce,d852660e15e82ae150dcde105639ba2c7d90f01f,background,1.0
d353e50a738a74a6635d485a4ecf01a0c62e47ff,c867c372ed78e27c53feaf788e74aa7506302bbe,background,1.0
d35a007a55883b9657441e630b5a2eb50573ff10,7549a6e03afdd42ae94c19235db076319eeb34f8,background,1.0
d3aa244f42c598d58d055c177b2ca1fdc1a172ad,033275ccc2c7c5c38592ae893da0b5923cf90717,background,1.0
d3ef3ae3f68f473c6bb8ef77242403454821b650,6e08bd9b6ecb3e3978de66c5f8bd8636367413bc,background,1.0
d41cc5d0ac1b016b417a495eaea58124026d95dc,6ea38aacc779506909d425aa19114b92bb1854f8,background,1.0
d43a0dc70b058acc6b6de05baf8dbb8fece76061,02808823641975868e3212fd7ae859514fdbdf32,background,1.0
d4408e4e99c74913c7bf4b7a0aacf5bf67557c96,b8e30590ac81875a7fc4f7cfd425bd5148a72f5c,background,1.0
d445df7af7a949e7208cfa89ac4ecf94d49a0b10,bcca5c7e9180c4890936343d79e812cb16cbefb6,background,1.0
d45721e1412296bee277dfa6ac831d630da7c424,3ca49899da83e160280c709288973e9caed30fa2,background,1.0
d45805e4944f4365e8d809a02a9deedad78f5802,c867c372ed78e27c53feaf788e74aa7506302bbe,background,1.0
d4679c30549e8e57ffb9c322882f27a832fa44f5,85b681e08c9db87dc19a5d5d8664e0027a8e8ad9,background,1.0
d4adb603aafa4de7da7ae18a0996d10a766a7168,59078a26c42e8609244f1c3e01f05af74a3773bf,background,1.0
d4dfc4a6b66ed6a8aab3fd2eccfa670c1fc9a34f,13bd0e08713f0b340396634892d2c9e3c5bee548,background,1.0
d526ac94f90558f5f095ca966411d056fcc63b29,17a6213e30895fb7e5d0b368236ea8beeb94ee86,background,1.0
d52eca4203f266af566e6ed2e1f91486a344354d,033275ccc2c7c5c38592ae893da0b5923cf90717,background,1.0
d5928862e4e8de9d4503b6c3e2982e4dcb45e5a0,17a6213e30895fb7e5d0b368236ea8beeb94ee86,background,1.0
d5eb909cafc7bab8a61708d75cb2920a87330a6c,4f873d5a3ab80402e206a361eeffd3b69f014db0,background,1.0
d5f8b54e401fa2c2885e5a2786067af17c8d2860,1f4bee77bb69b92dd16ce0c3ad0f477f4ecf1d30,background,1.0
d63103e277745ee2be4a9eb2a84cd4ef0eac39a0,033275ccc2c7c5c38592ae893da0b5923cf90717,background,1.0
d642a8dfeeb8e2da061330b005e827cb7cb5b747,02808823641975868e3212fd7ae859514fdbdf32,background,1.0
d6eb87a49665ab931a2ad8b22b97e148f0721bfd,2d95c27d4ed8cfb8379164888cd79c6b239250b4,background,1.0
d6f3dea2d1964cfb7772c240d04a1a46fea8f340,689c7a86d973895a14feb984b8faa3d5581038ef,background,1.0
d795891cc35962c25305429a5cdaf130b50161e6,689c7a86d973895a14feb984b8faa3d5581038ef,background,1.0
d7cb0a6a96939a3b80759b00d1c1aeb4d4360cc5,3c78b9d672e5bb2e065bcac54b52aa08b94b7321,background,1.0
d810aa8cc0e17ae517df78e2c3fd1b6630462a82,17a6213e30895fb7e5d0b368236ea8beeb94ee86,background,1.0
d8271b85e61947da8a7b7c2fae2ebe607a5b1437,c867c372ed78e27c53feaf788e74aa7506302bbe,background,1.0
d89d72218921cd912fce5ef0d705236f9524bcd6,86e9b0585c8b866665de18b2744d69aefff3e16d,background,1.0
d8a8e439460c32174312336ee45af0b8d5ff5c7e,a20e707395132f750fa958ebc0ea629b23b57bfe,background,1.0
d8b098a729ae32a11182eb075b0d48e61f7613e3,c858ba9bce833896b49878a6793dbb382ed83c9e,background,1.0
d8b0ab044c2d61e7487a5f7d45e43e616442cae9,514e4e91e0fbddaa85857760d4f206a18228d614,background,1.0
d902755fa640e3b92e06e79cb43ff8fd90072ac8,86e9b0585c8b866665de18b2744d69aefff3e16d,background,1.0
d9280c374e712c9d5485c68aad6a23c04191749d,17a6213e30895fb7e5d0b368236ea8beeb94ee86,background,1.0
d9342aaaf55bf969e3fbb75cb802786112bdecb0,1d0d84a1f4e8de75151d88bd152816f18109d032,background,1.0
d9a69324902294e297c5ba366b0658cf5b17921c,b8e30590ac81875a7fc4f7cfd425bd5148a72f5c,background,1.0
da242b78dd1da522b6eebe8fea9e5f1737560494,06424dcd3be195738b653d2ee4358d9974f4cb30,background,1.0
da242b78dd1da522b6eebe8fea9e5f1737560494,e1edea57a10c66ca3287c4b85547b37945413a3c,background,1.0
da9bbfb3d3c3ddd76251a9a1069def181ef3128f,033275ccc2c7c5c38592ae893da0b5923cf90717,background,1.0
db0f1d63f8fc50f056d2742fb0210277697208cb,6e08bd9b6ecb3e3978de66c5f8bd8636367413bc,background,1.0
db20b23e9e551a8fd8e48598ac8899d516933fe3,514e4e91e0fbddaa85857760d4f206a18228d614,background,1.0
db61ddb017325efcc9d8390054656b830180d6c7,a20e707395132f750fa958ebc0ea629b23b57bfe,background,1.0
db8dff0ca4ae0f9e868a9fa2e3e45029a75a44a9,5abf79226a8ffa2dcf33ca98bfc36c8bb01cc4fc,background,1.0
dc2125d302c5673b983bc7728d3bdcc5bf30d32c,c858ba9bce833896b49878a6793dbb382ed83c9e,background,1.0
dc4348580ce8166ee15487f30fb517fbe0c8a1f6,033275ccc2c7c5c38592ae893da0b5923cf90717,background,1.0
dc4348580ce8166ee15487f30fb517fbe0c8a1f6,1cbbe1a129c0d1f53d8e16ca74238334372507dc,background,1.0
dc4348580ce8166ee15487f30fb517fbe0c8a1f6,326cecd1e73da6790cc30fafc298489882e20c7f,background,1.0
dc51ca0b6516c0fbf81e243bb7021c21bd38a12d,703d49a335799262e474ed8fe6044cd641a9e00a,background,1.0
dc5a1ce084da070d5fd175dae949d2f3a561066e,459cf4e6476d5e19f1bc422c162bcded54ca7f95,background,1.0
dc71694f9c25744c856c90fe66b40bab09910cc3,d154d986c3a402c207c6c0e22093f2e1a878fe71,background,1.0
dc7dce4d94b3510f18b970e281f7dab48d9682f1,6ea38aacc779506909d425aa19114b92bb1854f8,background,1.0
dc7f319316187a0efd45915c87ed7b0158a57c06,459cf4e6476d5e19f1bc422c162bcded54ca7f95,background,1.0
dcbe6fd44d2d9a6c175c2ecab338a33e5d35eaf2,16a65dcd609d48f79a9a271377628fdae5315a62,background,1.0
dcc3df230c48e3f2a48e910dd5a07abd4ed42b5c,f3e765ca2b8c4191759b141d2e5c42215ed9090d,background,1.0
dcd09fc7f5f866749e86a35b8b88164e81c9b1c3,3ca49899da83e160280c709288973e9caed30fa2,background,1.0
dce7daf3d485e83ae503cfa60e7a0ccce994a764,93e6ba25e4c45c3f204a09b6a6b8b02bd3596091,background,1.0
dd1b5c21a3b52e305940284620fbecad64c7d6c4,85b681e08c9db87dc19a5d5d8664e0027a8e8ad9,background,1.0
dd6823a807fa107d0d9f66a860c00db3b657c122,703d49a335799262e474ed8fe6044cd641a9e00a,background,1.0
dd9ccffa36cf0f628466bbe43318079a72d7111b,514e4e91e0fbddaa85857760d4f206a18228d614,background,1.0
ddad66c7ce3d8b2e0bb4952514ccd73eae9b4b11,1f4bee77bb69b92dd16ce0c3ad0f477f4ecf1d30,background,1.0
de3f31519ecf3881ebfbfa4e104cdacc6b145a8b,1a85628dd645ea86b7c146613651fdb30bb32c1d,background,1.0
de80d676c26f8568afeec56f28837e1fe505f911,2d95c27d4ed8cfb8379164888cd79c6b239250b4,background,1.0
dee1bed7095e71307f36947f31a27b429c2fc21d,c858ba9bce833896b49878a6793dbb382ed83c9e,background,1.0
df1a50ea44b44e49744c995f5e67686ec681c513,17a6213e30895fb7e5d0b368236ea8beeb94ee86,background,1.0
df3c487ba06d90f1510c2af5c781d35b76933d6f,c867c372ed78e27c53feaf788e74aa7506302bbe,background,1.0
df5d283e6072e09f39e664e1fd566e7a54223d94,2d95c27d4ed8cfb8379164888cd79c6b239250b4,background,1.0
df70d6bad05562132ab017b1708117c9855a5415,2be77516f6233a9d3ebbf93b439c3658d955d2e5,background,1.0
dfe7484450d349f165bb63a2b2799084eb478328,459cf4e6476d5e19f1bc422c162bcded54ca7f95,background,1.0
e05776ce4f4ab49c866e294f3182a5ab19c6379a,c858ba9bce833896b49878a6793dbb382ed83c9e,background,1.0
e065d58c69681c7f7e201f7f9ba9056caad9df6d,d852660e15e82ae150dcde105639ba2c7d90f01f,background,1.0
e06d3ee43d53042a3d3170f466a50e715d8c362d,0443c9a0fbb403d5e7d3593f5d286cb74ed0b490,background,1.0
e0a3b67665dfd660d0adf30137e15d315ecca906,17a6213e30895fb7e5d0b368236ea8beeb94ee86,background,1.0
e0ade6a261e6dd079e509c875901b40b53ec0b5d,2d95c27d4ed8cfb8379164888cd79c6b239250b4,background,1.0
e0ca4104e108e41347ca940cb9fa86722b667423,514e4e91e0fbddaa85857760d4f206a18228d614,background,1.0
e15af4500098cd730d1c8e06c8cc6d8d2208a422,514e4e91e0fbddaa85857760d4f206a18228d614,background,1.0
e176b945e79df2e9d1404181cf44b3a9f3d02d86,c858ba9bce833896b49878a6793dbb382ed83c9e,background,1.0
e1edea57a10c66ca3287c4b85547b37945413a3c,00d736c540f80582279093cfc5ffe454a3226da9,background,1.0
e1edea57a10c66ca3287c4b85547b37945413a3c,01cf0f9f288d6e9ef4d34f8122f45c7e2107e9ad,background,1.0
e1edea57a10c66ca3287c4b85547b37945413a3c,0649ec40a153c6c31ec6005e927908ace747a2a0,background,1.0
e1edea57a10c66ca3287c4b85547b37945413a3c,0a31077795f9ff45a8c51c1efe932c5fbbc7d4b2,background,1.0
e1edea57a10c66ca3287c4b85547b37945413a3c,0c31441de0e50b3a76a2e7908835d42a815a7e7f,background,1.0
e1edea57a10c66ca3287c4b85547b37945413a3c,0f3c567f48159d0d665acf5541346eb2200f07c0,background,1.0
e1edea57a10c66ca3287c4b85547b37945413a3c,218315c32ac94eaeef84c94ad3db8ecc3b945ac0,background,1.0
e1edea57a10c66ca3287c4b85547b37945413a3c,2452bdbc6e6ac7f006695bee8526e4281a4c22a9,background,1.0
e1edea57a10c66ca3287c4b85547b37945413a3c,2b88e93072cfd1afe49aa9983182f9c7a9e89251,background,1.0
e1edea57a10c66ca3287c4b85547b37945413a3c,3041c28370d3ffc7422fd6bc82be5f9e03ada1c9,background,1.0
e1edea57a10c66ca3287c4b85547b37945413a3c,35067cc8153b7e6270797fffaefc5c9cefdfe515,background,1.0
e1edea57a10c66ca3287c4b85547b37945413a3c,36ee2c8bd605afd48035d15fdc6b8c8842363376,background,1.0
e1edea57a10c66ca3287c4b85547b37945413a3c,372d304735a19907a5fbe6540d2c9133e7b6af8c,background,1.0
e1edea57a10c66ca3287c4b85547b37945413a3c,3974bfabec9d760c3eff4542247bd8fe82aea494,background,1.0
e1edea57a10c66ca3287c4b85547b37945413a3c,62ed9bf1d83c8db1f9cbf92ea2f57ea90ef683d9,background,1.0
e1edea57a10c66ca3287c4b85547b37945413a3c,6b7d6e6416343b2a122f8416e69059ce919026ef,background,1.0
e1edea57a10c66ca3287c4b85547b37945413a3c,6c00a148c6fd1e226500751bebfeb08abe856f73,background,1.0
e1edea57a10c66ca3287c4b85547b37945413a3c,6e9cf091dd709b557b32e7239647753680f0645b,background,1.0
e1edea57a10c66ca3287c4b85547b37945413a3c,6eee8eb7d404abc10c5cb3bd205b173d92416065,background,1.0
e1edea57a10c66ca3287c4b85547b37945413a3c,761331db984188e20b796c6f9079e433ea3d99fb,background,1.0
e1edea57a10c66ca3287c4b85547b37945413a3c,7a2907cbf39b5c943c93a74a280017c44fc65cd2,background,1.0
e1edea57a10c66ca3287c4b85547b37945413a3c,7c57d4ff9ce63d8810a571398ee4f791509af171,background,1.0
e1edea57a10c66ca3287c4b85547b37945413a3c,7c6de5a9e02a779e24504619050c6118f4eac181,background,1.0
e1edea57a10c66ca3287c4b85547b37945413a3c,83df918ee87d4099a292549e69010da635e6b38d,background,1.0
e1edea57a10c66ca3287c4b85547b37945413a3c,84ea9e676647daa5eaa5fbc0ed80d8cd5463d6dc,background,1.0
e1edea57a10c66ca3287c4b85547b37945413a3c,863efef58318bdc21986470200f6d4f2d206e039,background,1.0
e1edea57a10c66ca3287c4b85547b37945413a3c,87ad24efd5329046d37cd704f970323e878710ca,background,1.0
e1edea57a10c66ca3287c4b85547b37945413a3c,87f42406de084e60d2365adac8a159ed3e455856,background,1.0
e1edea57a10c66ca3287c4b85547b37945413a3c,894b7897dc2143c5e8db666766cf59637a7c7b82,background,1.0
e1edea57a10c66ca3287c4b85547b37945413a3c,99ac4b8d3c8790a50a468d8268cff00651cb65b6,background,1.0
e1edea57a10c66ca3287c4b85547b37945413a3c,a21b2b37214a3fb330acc2c061c7bfa0fd706cc6,background,1.0
e1edea57a10c66ca3287c4b85547b37945413a3c,a3f38ffe0a2c72569e8e92e0e65ab8905871f12b,background,1.0
e1edea57a10c66ca3287c4b85547b37945413a3c,a7fc751cd95bd1a409a26daaef69fc3aa8a35e0e,background,1.0
e1edea57a10c66ca3287c4b85547b37945413a3c,a8dc47e370b17371e57ad070e669360794473efe,background,1.0
e1edea57a10c66ca3287c4b85547b37945413a3c,aa5f0c525d1158381ec66d0a0034076c90e07f2f,background,1.0
e1edea57a10c66ca3287c4b85547b37945413a3c,ae74522002f9093fbf63a20efb57d80ee2f4f564,background,1.0
e1edea57a10c66ca3287c4b85547b37945413a3c,b8af507417e61be3ab2ba21a9d8c6a8174bb1be6,background,1.0
e1edea57a10c66ca3287c4b85547b37945413a3c,bcfdbb6b8911272139170ef4b24e31d9145093e7,background,1.0
e1edea57a10c66ca3287c4b85547b37945413a3c,bde9feb91729395a707e1912cb932ec2eb5ab8eb,background,1.0
e1edea57a10c66ca3287c4b85547b37945413a3c,c7d71a02b3d3f042f4e1fc7575e0f56bd5e5612c,background,1.0
e1edea57a10c66ca3287c4b85547b37945413a3c,c948d5342f4ffe8163fc91893a100c9617a2a305,background,1.0
e1edea57a10c66ca3287c4b85547b37945413a3c,d8b96b98cd36bcbc94b0ffd4049305d62fbee7ea,background,1.0
e1edea57a10c66ca3287c4b85547b37945413a3c,dc96f46f400eae1881a5ec13aa6afc37ee6910a7,background,1.0
e1edea57a10c66ca3287c4b85547b37945413a3c,dcd9f5d61bc9a70c40be84a8d78fbee822ffcd9e,background,1.0
e1edea57a10c66ca3287c4b85547b37945413a3c,e11107f933539865c0acb477410f50f88c9ad4e5,background,1.0
e1edea57a10c66ca3287c4b85547b37945413a3c,efda1115c0d920c6afce76b181cab0ac2130d11a,background,1.0
e1edea57a10c66ca3287c4b85547b37945413a3c,f504a853a887ce0aac569d6c49c095ca5f551631,background,1.0
e1edea57a10c66ca3287c4b85547b37945413a3c,f623ff4e3f74e5572ea6aa791dfa06ce67f2e472,background,1.0
e1edea57a10c66ca3287c4b85547b37945413a3c,fcc4c7c2dfaf08365c5ecf785d0df3f6f243bd1a,background,1.0
e1edea57a10c66ca3287c4b85547b37945413a3c,fdbe3baeabdf8a10531393b87b14081e9b87e855,background,1.0
e1f028a8be7c0fba489888d7ef398c97d3b1caae,16a65dcd609d48f79a9a271377628fdae5315a62,background,1.0
e2a4af6c0ba318daddf9241a169f86ca5bb25abd,0443c9a0fbb403d5e7d3593f5d286cb74ed0b490,background,1.0
e34ae7318201b7e903d6a75a558fe3eba4463729,c858ba9bce833896b49878a6793dbb382ed83c9e,background,1.0
e35e99cb344a2333b0bb34294b6c3c7591353bf2,d852660e15e82ae150dcde105639ba2c7d90f01f,background,1.0
e37b260451adb5b57ffb70dcca486fe759be8161,703d49a335799262e474ed8fe6044cd641a9e00a,background,1.0
e386c6427a45db4ff3e568c4ab2927a6222946c4,b8e30590ac81875a7fc4f7cfd425bd5148a72f5c,background,1.0
e3a456ffeabcc51c47c7af1f1e5a97703a289c29,1d0d84a1f4e8de75151d88bd152816f18109d032,background,1.0
e3d0c5532f3d9d88a6dd1361ca3be8dbb4685c13,689c7a86d973895a14feb984b8faa3d5581038ef,background,1.0
e3de50039a9c6a8afe3b9b5c9409e18a9fd6fa6e,86e9b0585c8b866665de18b2744d69aefff3e16d,background,1.0
e3f5924c7a64d82b162e05dc95a699193c0f8f7e,86e9b0585c8b866665de18b2744d69aefff3e16d,background,1.0
e46ed0338c3ec084e32c54d8152095f7535d29ed,a20e707395132f750fa958ebc0ea629b23b57bfe,background,1.0
e488adb5048990b3039060aa894259a9374e68db,16a65dcd609d48f79a9a271377628fdae5315a62,background,1.0
e4b52a1a00e9db941326fc857b95245cbfb60bce,16a65dcd609d48f79a9a271377628fdae5315a62,background,1.0
e4c957c1a2ead628234309983857aeb3067b78a1,d852660e15e82ae150dcde105639ba2c7d90f01f,background,1.0
e4ea535afa53715e6770e0f420d4894d4495d71e,c867c372ed78e27c53feaf788e74aa7506302bbe,background,1.0
e519a9dca367a6a4ab0dcd2f3c1b381802be5893,6e08bd9b6ecb3e3978de66c5f8bd8636367413bc,background,1.0
e5b4ced9e3b74853bfcc2c67552516b948847644,27d0ae215acfaa5914fc13cea20626c9470848c2,background,1.0
e6456a0956675fae923c7b8636dc40f63d5daee3,39af4070dca3221d275898c55884167bc03fe73d,background,1.0
e6456a0956675fae923c7b8636dc40f63d5daee3,d154d986c3a402c207c6c0e22093f2e1a878fe71,background,1.0
e66528dfa57ce2d693d10814eeb7639a79d127e8,c867c372ed78e27c53feaf788e74aa7506302bbe,background,1.0
e67a2817089312746d69b38ce9abfdc4b1bc69c3,7549a6e03afdd42ae94c19235db076319eeb34f8,background,1.0
e67a2817089312746d69b38ce9abfdc4b1bc69c3,93e6ba25e4c45c3f204a09b6a6b8b02bd3596091,background,1.0
e6d029a38d4837c109702cc491671edc311b2dd9,4f873d5a3ab80402e206a361eeffd3b69f014db0,background,1.0
e6f0889bc0a4644be52e49dd42e1ae14595805ce,59078a26c42e8609244f1c3e01f05af74a3773bf,background,1.0
e6f2154c92e1a8f225c70ed349eb6e07bbd4acae,033275ccc2c7c5c38592ae893da0b5923cf90717,background,1.0
e71f5eb40aa171390ad7bc9087e113ed96db1b03,c867c372ed78e27c53feaf788e74aa7506302bbe,background,1.0
e726220e1243f625d4532db44009660d4e6734ca,93e6ba25e4c45c3f204a09b6a6b8b02bd3596091,background,1.0
e74b043ffd2ebf4cb946bd41574647d3689b098e,1a85628dd645ea86b7c146613651fdb30bb32c1d,background,1.0
e7ce33757c2088177b2193040103e2081b302be6,a20e707395132f750fa958ebc0ea629b23b57bfe,background,1.0
e7f1640a76bbfdf701e6cd4d81163be2eb97a4de,02808823641975868e3212fd7ae859514fdbdf32,background,1.0
e847c3c6de92e632dcfe29ad373361de6bb95d08,0443c9a0fbb403d5e7d3593f5d286cb74ed0b490,background,1.0
e8b725c49e18a28bbdad9f1623f176b32b9e52d0,7549a6e03afdd42ae94c19235db076319eeb34f8,background,1.0
e8c1b6486d7eb3878cf1c51dd8d2a0edeaaf3a6c,2d95c27d4ed8cfb8379164888cd79c6b239250b4,background,1.0
e8c1b6486d7eb3878cf1c51dd8d2a0edeaaf3a6c,659d8b24e53e8adfbcb1f16b26ada2cb8afa2c85,background,1.0
e8c1b6486d7eb3878cf1c51dd8d2a0edeaaf3a6c,6ea38aacc779506909d425aa19114b92bb1854f8,background,1.0
e8d6045d032dbfcc6ca856e9f1bae4f67ea2c6f9,1d0d84a1f4e8de75151d88bd152816f18109d032,background,1.0
e8f1d35d56ee04dbf6ba2ac6d42e8e85f4424ca6,0443c9a0fbb403d5e7d3593f5d286cb74ed0b490,background,1.0
e8fda24e92b4c088d0fa5361ec2a6eb44fdf5ce9,16a65dcd609d48f79a9a271377628fdae5315a62,background,1.0
e917166b0b9776c6eafebcefbe0a639a2199a19e,1a85628dd645ea86b7c146613651fdb30bb32c1d,background,1.0
e917166b0b9776c6eafebcefbe0a639a2199a19e,689c7a86d973895a14feb984b8faa3d5581038ef,background,1.0
e95cbea9452e6c8ff0f4177b92d9968c9ebb9926,459cf4e6476d5e19f1bc422c162bcded54ca7f95,background,1.0
e980ae1d33a182dc0724348a08c33f0f8a028626,1a85628dd645ea86b7c146613651fdb30bb32c1d,background,1.0
e9b86ce5d65b75ea527f6a0a24c8ecace0b76aac,459cf4e6476d5e19f1bc422c162bcded54ca7f95,background,1.0
ea689aa5b8c3c17d614990308672609614a04988,85b681e08c9db87dc19a5d5d8664e0027a8e8ad9,background,1.0
ea70efca6020fe9549dc108641efd49bf85be516,2d95c27d4ed8cfb8379164888cd79c6b239250b4,background,1.0
eb0eb0a4a6abe42cee2f61efa377613f43ba31d7,d154d986c3a402c207c6c0e22093f2e1a878fe71,background,1.0
eb14be4b8ff41e9497ce355ecf94fd17cfc91bb3,6e08bd9b6ecb3e3978de66c5f8bd8636367413bc,background,1.0
eb1b4896e07ddc41e3fdc49b3ca38bf0f00a6441,6ea38aacc779506909d425aa19114b92bb1854f8,background,1.0
eb1bfb62d2c4b396adf486a3bb81b8c91411e872,703d49a335799262e474ed8fe6044cd641a9e00a,background,1.0
eb41a8bb3c34b7589d962538dd2a9985ed1ada10,a20e707395132f750fa958ebc0ea629b23b57bfe,background,1.0
ebc740050939db7197ec78ff48e0559fb1f1c5c0,86e9b0585c8b866665de18b2744d69aefff3e16d,background,1.0
ec07dd9620543b3c8920e8694d553a860c326311,bcca5c7e9180c4890936343d79e812cb16cbefb6,background,1.0
ec234fa0739236f1f2bafd662f52dd2f34113e20,2d95c27d4ed8cfb8379164888cd79c6b239250b4,background,1.0
ec335cc2bbf52566aa2a8320fd4def8d4a963db7,85b681e08c9db87dc19a5d5d8664e0027a8e8ad9,background,1.0
ec5629628e86d36976a811515950dc5f9a832c10,2be77516f6233a9d3ebbf93b439c3658d955d2e5,background,1.0
ec9f6517a78446b3f21c1f6b933c5832181855ed,b8e30590ac81875a7fc4f7cfd425bd5148a72f5c,background,1.0
ecd76c1329f9540eec80915950aa63f3ae4625b7,86e9b0585c8b866665de18b2744d69aefff3e16d,background,1.0
ed14b4eb5b9ce1e4939d6278467df706d7f62fbd,85b681e08c9db87dc19a5d5d8664e0027a8e8ad9,background,1.0
ed8202cd9681dde3576f1ffc6e16f23faf59c18f,d154d986c3a402c207c6c0e22093f2e1a878fe71,background,1.0
ed8b3f129a5095883b80b3a5017a610fb9b226d1,85b681e08c9db87dc19a5d5d8664e0027a8e8ad9,background,1.0
edf2a9a2ee3c82756288366ce9d6592823399d53,1d0d84a1f4e8de75151d88bd152816f18109d032,background,1.0
ee02484ab10898e398f531fd87c32d5c5c36a2f0,b8e30590ac81875a7fc4f7cfd425bd5148a72f5c,background,1.0
ee264983f9f881093307293e423adb8313d2d047,e1edea57a10c66ca3287c4b85547b37945413a3c,background,1.0
ee52d3ffc898000156564b92512291c09aebaddb,c858ba9bce833896b49878a6793dbb382ed83c9e,background,1.0
ee6613804eab297aa59d7df3c53e080871a842b6,27d0ae215acfaa5914fc13cea20626c9470848c2,background,1.0
ee898d40c6fa9f46b83695aa4c09b223be3a60ef,93e6ba25e4c45c3f204a09b6a6b8b02bd3596091,background,1.0
eebfccdb1864934791cefc1c6dbb6dfad8f859f0,c858ba9bce833896b49878a6793dbb382ed83c9e,background,1.0
ef0c2230dbebe4adba0cedf53950c42d0e3256a8,44ec06d911eed44ee99be61bd9ce964a824a2ed7,background,1.0
ef0c2230dbebe4adba0cedf53950c42d0e3256a8,b8e30590ac81875a7fc4f7cfd425bd5148a72f5c,background,1.0
ef0c2230dbebe4adba0cedf53950c42d0e3256a8,c858ba9bce833896b49878a6793dbb382ed83c9e,background,1.0
ef36655e0774f6a757e073fd1472aeba1a6fff73,85b681e08c9db87dc19a5d5d8664e0027a8e8ad9,background,1.0
ef3c4a0533fbfde68898a4590f02ee994eb55a7a,703d49a335799262e474ed8fe6044cd641a9e00a,background,1.0
ef8075ceac395f2e1d31962024afc3beb3b4afb4,6e4e15ab0d55232b93e76ddecb6c969a0d18f853,background,1.0
ef9c4532b96c2732046b934f069b0c4f9154c1cc,c858ba9bce833896b49878a6793dbb382ed83c9e,background,1.0
efb84fd84345b5840813559a93b1d9258b69f645,689c7a86d973895a14feb984b8faa3d5581038ef,background,1.0
efdfd6ac157c1d971a0321336e3546d95ea81c37,6e08bd9b6ecb3e3978de66c5f8bd8636367413bc,background,1.0
eff9d7ed06f30f121d30ee13802a11f172ef66f4,1cbbe1a129c0d1f53d8e16ca74238334372507dc,background,1.0
f06441b78d668f3392daa863b6ab363c1976dd28,2be77516f6233a9d3ebbf93b439c3658d955d2e5,background,1.0
f0731c354d852f1703c270cc85ff6e6d206a222e,27d0ae215acfaa5914fc13cea20626c9470848c2,background,1.0
f12c8cc6f1c1b6f7c6c42b95e934d119f3093885,c867c372ed78e27c53feaf788e74aa7506302bbe,background,1.0
f1bf351292be87b1a32ce8fd74d7e2eb23983e39,bcca5c7e9180c4890936343d79e812cb16cbefb6,background,1.0
f1ef60347716b498f56166f365c7d90c9e325d6d,02808823641975868e3212fd7ae859514fdbdf32,background,1.0
f26482b62d9bb6927930f17394d39f6c7d02c81e,689c7a86d973895a14feb984b8faa3d5581038ef,background,1.0
f2944afe10ed88a8091d23b4275d6372be1f91d1,06424dcd3be195738b653d2ee4358d9974f4cb30,background,1.0
f2c9c27e50a4c1e611d26bf92404e15634c3ed51,689c7a86d973895a14feb984b8faa3d5581038ef,background,1.0
f360eeeb678c485b8673314c5c3494346a7ad73c,d427db1ba2cc92b36d16a5e5114f1027c90fff68,background,1.0
f37e8331c57c17e9577cf9b5a686d4c716379f0c,1d0d84a1f4e8de75151d88bd152816f18109d032,background,1.0
f3e765ca2b8c4191759b141d2e5c42215ed9090d,00bc6ea2029147e12301a1cabc9a58be6bdadd85,background,1.0
f3e765ca2b8c4191759b141d2e5c42215ed9090d,0d2c3c9d731291b4e4915162837487115e4af310,background,1.0
f3e765ca2b8c4191759b141d2e5c42215ed9090d,186bda798661964730161692e590cc9eb9d9575f,background,1.0
f3e765ca2b8c4191759b141d2e5c42215ed9090d,1a3655dfb31c4bc33a3a3e7cf78dac2efa9c8ca6,background,1.0
f3e765ca2b8c4191759b141d2e5c42215ed9090d,2396dbcfe1f7f9dafc6696c3c06b16fd3029f7a0,background,1.0
f3e765ca2b8c4191759b141d2e5c42215ed9090d,252e06d9d9f32e50c000bf93baffd1b2578f1bdf,background,1.0
f3e765ca2b8c4191759b141d2e5c42215ed9090d,26efece141619821611e299266e5a80ee1851d9e,background,1.0
f3e765ca2b8c4191759b141d2e5c42215ed9090d,325bbe2c92072b16645a5cded3b9eda3cb97660b,background,1.0
f3e765ca2b8c4191759b141d2e5c42215ed9090d,3547d099f8336d32c9c8b43084acfb83ad07c083,background,1.0
f3e765ca2b8c4191759b141d2e5c42215ed9090d,474de4adfce86e14a59d02ccce59cf158fdc4c36,background,1.0
f3e765ca2b8c4191759b141d2e5c42215ed9090d,4a30343f3230dddd96fd6f79547fef9407262dbf,background,1.0
f3e765ca2b8c4191759b141d2e5c42215ed9090d,5c335abe1fb55cd2d6497bfa6bf0a6bb27a013b3,background,1.0
f3e765ca2b8c4191759b141d2e5c42215ed9090d,5ea3ff5390ec5c36db5ecc8d7a04fa2d88559005,background,1.0
f3e765ca2b8c4191759b141d2e5c42215ed9090d,6abe5eda71c3947013c59bbae700402813a1bc7f,background,1.0
f3e765ca2b8c4191759b141d2e5c42215ed9090d,70602af21ae1ad856593b00e03ba1478236d5446,background,1.0
f3e765ca2b8c4191759b141d2e5c42215ed9090d,741aff10eefbe876110439fb4dc275087cff3ff9,background,1.0
f3e765ca2b8c4191759b141d2e5c42215ed9090d,7a0a58eb8e731ce8ded998230890b6f57277ca37,background,1.0
f3e765ca2b8c4191759b141d2e5c42215ed9090d,7e1b8f3ffaedf635b5465834acd32af30a3f36b2,background,1.0
f3e765ca2b8c4191759b141d2e5c42215ed9090d,8ebc4145aef6a575cbaffcfeec56b20586db573a,background,1.0
f3e765ca2b8c4191759b141d2e5c42215ed9090d,adf93866f25d619dc698d3bcd132f808ace15884,background,1.0
f3e765ca2b8c4191759b141d2e5c42215ed9090d,b3b64555a641afd3c8fc2da30bbb30b0b56e0c60,background,1.0
f3e765ca2b8c4191759b141d2e5c42215ed9090d,c54041b46d8f68d8d0b7649018dcbe78b9573551,background,1.0
f3e765ca2b8c4191759b141d2e5c42215ed9090d,daf88d9a9698a2d4c2d32fba29359ff0d436c6d9,background,1.0
f3e765ca2b8c4191759b141d2e5c42215ed9090d,e113ca079f06f8b96efe79098ebf3a34ea64ec67,background,1.0
f3e765ca2b8c4191759b141d2e5c42215ed9090d,ebfdbd5c3de63af2c86a026c12772966be3e2445,background,1.0
f3e765ca2b8c4191759b141d2e5c42215ed9090d,ee86d8a95717818567b4cea63c0489b33e3e59ea,background,1.0
f3e765ca2b8c4191759b141d2e5c42215ed9090d,fa70a6c1115a14f53f66f4595512ca4cb3273954,background,1.0
f402f7b2fa8ef0773431b28bd92fb48287f188ce,c867c372ed78e27c53feaf788e74aa7506302bbe,background,1.0
f433e8c645ff03365331f5db64b61d5be162e1a4,703d49a335799262e474ed8fe6044cd641a9e00a,background,1.0
f437574ce0d316bc6408d5ca42599efbad4fdec5,703d49a335799262e474ed8fe6044cd641a9e00a,background,1.0
f43d30ca80e3e77e8f1653343490b1f236548bdd,703d49a335799262e474ed8fe6044cd641a9e00a,background,1.0
f4828a3211aad67ed7ccccc5094d14a15710dec2,c867c372ed78e27c53feaf788e74aa7506302bbe,background,1.0
f4cfc7cbad257f1688772d59f694c16189dba811,44ec06d911eed44ee99be61bd9ce964a824a2ed7,background,1.0
f538c36bd49e0a29c3a0a1bc67dfc966ee554cb9,514e4e91e0fbddaa85857760d4f206a18228d614,background,1.0
f58a55dabd46f5e5e8c371a8e34852937fe3b76c,44ec06d911eed44ee99be61bd9ce964a824a2ed7,background,1.0
f58a55dabd46f5e5e8c371a8e34852937fe3b76c,b8e30590ac81875a7fc4f7cfd425bd5148a72f5c,background,1.0
f58a55dabd46f5e5e8c371a8e34852937fe3b76c,d427db1ba2cc92b36d16a5e5114f1027c90fff68,background,1.0
f5a7636b5714e67e1ba3978ccbf9c867c2fc6326,44ec06d911eed44ee99be61bd9ce964a824a2ed7,background,1.0
f5b92cd455a547a3a39031e8c0f915c180a3338b,b8e30590ac81875a7fc4f7cfd425bd5148a72f5c,background,1.0
f5b92cd455a547a3a39031e8c0f915c180a3338b,c867c372ed78e27c53feaf788e74aa7506302bbe,background,1.0
f5f4ad3fc9c839671e107ad94cb28ed3d746d8d2,6ea38aacc779506909d425aa19114b92bb1854f8,background,1.0
f5f4ad3fc9c839671e107ad94cb28ed3d746d8d2,7549a6e03afdd42ae94c19235db076319eeb34f8,background,1.0
f61085861a2aafc2bb012a43ad2c6d0156fcc1b2,85b681e08c9db87dc19a5d5d8664e0027a8e8ad9,background,1.0
f61e5d651061070dec0c40eb3513f0dfb62b4de4,17a6213e30895fb7e5d0b368236ea8beeb94ee86,background,1.0
f62d38f3536cd1bae0908903144168b9b5eb8acf,7549a6e03afdd42ae94c19235db076319eeb34f8,background,1.0
f650a8607ad7715b51ddca7832adf7ce416c3d5f,7549a6e03afdd42ae94c19235db076319eeb34f8,background,1.0
f68c5b4a096f4278f3539ddc0c4c1d135cfba8c5,087c755ff8689e4c5d846f952e9b2ed17dfe99f9,background,1.0
f6a443910aebbbbb3d21dfe723246c08a040e76e,3c78b9d672e5bb2e065bcac54b52aa08b94b7321,background,1.0
f6c3dcc78d247c499a66d40e4096a48a5389a98c,3ca49899da83e160280c709288973e9caed30fa2,background,1.0
f78f67ab1d4c564edddffae09fe4d9d2c001b2fd,2d95c27d4ed8cfb8379164888cd79c6b239250b4,background,1.0
f7def0226704a2b29593a9259a917c7229d4170d,689c7a86d973895a14feb984b8faa3d5581038ef,background,1.0
f80e5420b746a69cb6cada0439e7a949be37e14c,033275ccc2c7c5c38592ae893da0b5923cf90717,background,1.0
f80e5420b746a69cb6cada0439e7a949be37e14c,17a6213e30895fb7e5d0b368236ea8beeb94ee86,background,1.0
f80e5420b746a69cb6cada0439e7a949be37e14c,1cbbe1a129c0d1f53d8e16ca74238334372507dc,background,1.0
f85460e10088330f2bf6c9b83bc89e639e9ce17c,44ec06d911eed44ee99be61bd9ce964a824a2ed7,background,1.0
f864d350a469083de36d64c01c7742452e0e771b,6e08bd9b6ecb3e3978de66c5f8bd8636367413bc,background,1.0
f86e65a40f93312e89d4c82995c51ba305eabad6,17a6213e30895fb7e5d0b368236ea8beeb94ee86,background,1.0
f898edd6f4624268cd4a166120ad3b7b9ab8d502,44ec06d911eed44ee99be61bd9ce964a824a2ed7,background,1.0
f8bedab33a9c3f89173a8dc3f4705b90d8aef3ff,d427db1ba2cc92b36d16a5e5114f1027c90fff68,background,1.0
f8d0cbf0938c7e2cfb4ae7bd97941ef58294515a,85b681e08c9db87dc19a5d5d8664e0027a8e8ad9,background,1.0
f8d75c913a4811fe9f2030ca8d965c3a6d49b423,17a6213e30895fb7e5d0b368236ea8beeb94ee86,background,1.0
f8d78bc2588e394586746cc562f8c18a89737bba,2be77516f6233a9d3ebbf93b439c3658d955d2e5,background,1.0
f8dcb137db26c490519206cb1b0be965eea55953,1d0d84a1f4e8de75151d88bd152816f18109d032,background,1.0
f926f7e3e31706b5761ad927590d22b06a037ff9,e1edea57a10c66ca3287c4b85547b37945413a3c,background,1.0
f94352dfb9252f86dad361ec3e29b60c6bafea3e,02808823641975868e3212fd7ae859514fdbdf32,background,1.0
f94352dfb9252f86dad361ec3e29b60c6bafea3e,1a85628dd645ea86b7c146613651fdb30bb32c1d,background,1.0
f958280f92eb3b23608f5525b94b1a7c25dfff0b,06424dcd3be195738b653d2ee4358d9974f4cb30,background,1.0
f958280f92eb3b23608f5525b94b1a7c25dfff0b,e1edea57a10c66ca3287c4b85547b37945413a3c,background,1.0
f99c4a4f92bf181ba5b24f9d73afe451f87a0687,86e9b0585c8b866665de18b2744d69aefff3e16d,background,1.0
fa43ee56c54d993dda90d3b7f402dcd39a264df8,16a65dcd609d48f79a9a271377628fdae5315a62,background,1.0
fa4ade5272a7907dc0b3bee5fd8bc32b55b1a360,c867c372ed78e27c53feaf788e74aa7506302bbe,background,1.0
fa4ade5272a7907dc0b3bee5fd8bc32b55b1a360,d852660e15e82ae150dcde105639ba2c7d90f01f,background,1.0
fa7127df6540a8322e61a127fce72d0fc610076e,a20e707395132f750fa958ebc0ea629b23b57bfe,background,1.0
fa8c947041c306a5badd56002fe62a799fd0be3e,1a85628dd645ea86b7c146613651fdb30bb32c1d,background,1.0
fb04c275082d7c8ed13372b623c60e72f89b274d,2be77516f6233a9d3ebbf93b439c3658d955d2e5,background,1.0
fb0e7f156c37e1858e99d2cc0dbf4b717994e1c8,689c7a86d973895a14feb984b8faa3d5581038ef,background,1.0
fb190d359d7d0598b1d7da4bda33bddb49fffe2f,b8e30590ac81875a7fc4f7cfd425bd5148a72f5c,background,1.0
fb2a7eefb59d1d9033abe8559d74a6eeb6437d21,c867c372ed78e27c53feaf788e74aa7506302bbe,background,1.0
fb86a24e2143cd9986f1836ff0f51c4ae7ae7bc5,689c7a86d973895a14feb984b8faa3d5581038ef,background,1.0
fb86a24e2143cd9986f1836ff0f51c4ae7ae7bc5,86e9b0585c8b866665de18b2744d69aefff3e16d,background,1.0
fb9a857cbe452d3f6713cec0e8d67c6a0e032581,d427db1ba2cc92b36d16a5e5114f1027c90fff68,background,1.0
fbaecc5053b641471180e95ec851e7bb77672819,c858ba9bce833896b49878a6793dbb382ed83c9e,background,1.0
fbbfa19d89d2a5f5bb6c8d2de9f06cc1bf7a0c25,1a85628dd645ea86b7c146613651fdb30bb32c1d,background,1.0
fbbfa19d89d2a5f5bb6c8d2de9f06cc1bf7a0c25,689c7a86d973895a14feb984b8faa3d5581038ef,background,1.0
fc24d2b2ff9dd43b7b1104a65ca74f3885cb1557,2d95c27d4ed8cfb8379164888cd79c6b239250b4,background,1.0
fc3e654a86a5872ff65f4f40a2fe060b59cc81e7,689c7a86d973895a14feb984b8faa3d5581038ef,background,1.0
fca750a83d730ea290079076b057eb89982a9d44,0443c9a0fbb403d5e7d3593f5d286cb74ed0b490,background,1.0
fca750a83d730ea290079076b057eb89982a9d44,1d0d84a1f4e8de75151d88bd152816f18109d032,background,1.0
fcc99922c2b87d26745001581f462121f98f09cc,17a6213e30895fb7e5d0b368236ea8beeb94ee86,background,1.0
fcd26ad6d51f551354b389acb17cc94cafaf22d0,1d0d84a1f4e8de75151d88bd152816f18109d032,background,1.0
fcd5ebf0a09145398b7ef8ca4acf1082ac0ec94d,4f873d5a3ab80402e206a361eeffd3b69f014db0,background,1.0
fd0ee880ae1f3a07731398e7db1afdf238418c0f,4f873d5a3ab80402e206a361eeffd3b69f014db0,background,1.0
fd5a8de0a85c3fa44c61785bf0161385628e77db,e1edea57a10c66ca3287c4b85547b37945413a3c,background,1.0
fd679cf83b55c60e0b0f6cdcc3f3c8342a024f4f,d852660e15e82ae150dcde105639ba2c7d90f01f,background,1.0
fdaebd7d4e8a43375ac50dd581e07e70c1e9850d,bcca5c7e9180c4890936343d79e812cb16cbefb6,background,1.0
fdb1fe918d427063736a610ff26e4695dc6e91c0,d427db1ba2cc92b36d16a5e5114f1027c90fff68,background,1.0
fdbbebbed4790020d170eb89c25ca3dcea1ebe6f,2be77516f6233a9d3ebbf93b439c3658d955d2e5,background,1.0
fde3a78a447bc00780658e6bef07027b0d74628d,6ea38aacc779506909d425aa19114b92bb1854f8,background,1.0
fdf019585aea9cae94a8016a2e9c6bb03cde6081,bcca5c7e9180c4890936343d79e812cb16cbefb6,background,1.0
fe62fa17d705296005d24c3783930534a77a22ba,c858ba9bce833896b49878a6793dbb382ed83c9e,background,1.0
fe8fa387dce455dbc0653bdf13df32802e759960,bcca5c7e9180c4890936343d79e812cb16cbefb6,background,1.0
fed04a81fad02211203bc8b6d6e2682bea652fec,6ea38aacc779506909d425aa19114b92bb1854f8,background,1.0
ff2d4d1fd7c6bbb92de1076bac5a38ed4ed9a0db,44ec06d911eed44ee99be61bd9ce964a824a2ed7,background,1.0
ff52384bc0f1fe96304207c09e725fdf53963b29,459cf4e6476d5e19f1bc422c162bcded54ca7f95,background,1.0
ff52384bc0f1fe96304207c09e725fdf53963b29,f3e765ca2b8c4191759b141d2e5c42215ed9090d,background,1.0
ff84806f230158d881145932baa6170535c82800,17a6213e30895fb7e5d0b368236ea8beeb94ee86,background,1.0
ffc49d835c29ab34a98519ebf78864074a676e33,033275ccc2c7c5c38592ae893da0b5923cf90717,background,1.0
